24-Apr-2026 06:46:34.189 INFO [main] org.apache.catalina.startup.VersionLoggerListener.log Server version name:   Apache Tomcat/10.1.52
24-Apr-2026 06:46:34.195 INFO [main] org.apache.catalina.startup.VersionLoggerListener.log Server built:          Jan 23 2026 19:29:07 UTC
24-Apr-2026 06:46:34.196 INFO [main] org.apache.catalina.startup.VersionLoggerListener.log Server version number: 10.1.52.0
24-Apr-2026 06:46:34.196 INFO [main] org.apache.catalina.startup.VersionLoggerListener.log OS Name:               Windows 11
24-Apr-2026 06:46:34.197 INFO [main] org.apache.catalina.startup.VersionLoggerListener.log OS Version:            10.0
24-Apr-2026 06:46:34.197 INFO [main] org.apache.catalina.startup.VersionLoggerListener.log Architecture:          amd64
24-Apr-2026 06:46:34.198 INFO [main] org.apache.catalina.startup.VersionLoggerListener.log Java Home:             C:\Program Files\Java\jdk-24
24-Apr-2026 06:46:34.198 INFO [main] org.apache.catalina.startup.VersionLoggerListener.log JVM Version:           24.0.1+9-30
24-Apr-2026 06:46:34.199 INFO [main] org.apache.catalina.startup.VersionLoggerListener.log JVM Vendor:            Oracle Corporation
24-Apr-2026 06:46:34.199 INFO [main] org.apache.catalina.startup.VersionLoggerListener.log CATALINA_BASE:         C:\Users\HRITIKA SINGH\Documents\Web-Programming-PRG240\SpringMvcHelloWorld 1\SpringMvcHelloWorld 1\apache-tomcat-10.1.52
24-Apr-2026 06:46:34.200 INFO [main] org.apache.catalina.startup.VersionLoggerListener.log CATALINA_HOME:         C:\Users\HRITIKA SINGH\Documents\Web-Programming-PRG240\SpringMvcHelloWorld 1\SpringMvcHelloWorld 1\apache-tomcat-10.1.52
24-Apr-2026 06:46:34.219 INFO [main] org.apache.catalina.startup.VersionLoggerListener.log Command line argument: -Djava.util.logging.config.file=C:\Users\HRITIKA SINGH\Documents\Web-Programming-PRG240\SpringMvcHelloWorld 1\SpringMvcHelloWorld 1\apache-tomcat-10.1.52\conf\logging.properties
24-Apr-2026 06:46:34.220 INFO [main] org.apache.catalina.startup.VersionLoggerListener.log Command line argument: -Djava.util.logging.manager=org.apache.juli.ClassLoaderLogManager
24-Apr-2026 06:46:34.220 INFO [main] org.apache.catalina.startup.VersionLoggerListener.log Command line argument: -Djdk.tls.ephemeralDHKeySize=2048
24-Apr-2026 06:46:34.220 INFO [main] org.apache.catalina.startup.VersionLoggerListener.log Command line argument: -Djava.protocol.handler.pkgs=org.apache.catalina.webresources
24-Apr-2026 06:46:34.221 INFO [main] org.apache.catalina.startup.VersionLoggerListener.log Command line argument: -Dsun.io.useCanonCaches=false
24-Apr-2026 06:46:34.221 INFO [main] org.apache.catalina.startup.VersionLoggerListener.log Command line argument: --add-opens=java.base/java.lang=ALL-UNNAMED
24-Apr-2026 06:46:34.221 INFO [main] org.apache.catalina.startup.VersionLoggerListener.log Command line argument: --add-opens=java.base/java.lang.reflect=ALL-UNNAMED
24-Apr-2026 06:46:34.221 INFO [main] org.apache.catalina.startup.VersionLoggerListener.log Command line argument: --add-opens=java.base/java.io=ALL-UNNAMED
24-Apr-2026 06:46:34.222 INFO [main] org.apache.catalina.startup.VersionLoggerListener.log Command line argument: --add-opens=java.base/java.util=ALL-UNNAMED
24-Apr-2026 06:46:34.222 INFO [main] org.apache.catalina.startup.VersionLoggerListener.log Command line argument: --add-opens=java.base/java.util.concurrent=ALL-UNNAMED
24-Apr-2026 06:46:34.222 INFO [main] org.apache.catalina.startup.VersionLoggerListener.log Command line argument: --add-opens=java.rmi/sun.rmi.transport=ALL-UNNAMED
24-Apr-2026 06:46:34.223 INFO [main] org.apache.catalina.startup.VersionLoggerListener.log Command line argument: -Dcatalina.base=C:\Users\HRITIKA SINGH\Documents\Web-Programming-PRG240\SpringMvcHelloWorld 1\SpringMvcHelloWorld 1\apache-tomcat-10.1.52
24-Apr-2026 06:46:34.223 INFO [main] org.apache.catalina.startup.VersionLoggerListener.log Command line argument: -Dcatalina.home=C:\Users\HRITIKA SINGH\Documents\Web-Programming-PRG240\SpringMvcHelloWorld 1\SpringMvcHelloWorld 1\apache-tomcat-10.1.52
24-Apr-2026 06:46:34.223 INFO [main] org.apache.catalina.startup.VersionLoggerListener.log Command line argument: -Djava.io.tmpdir=C:\Users\HRITIKA SINGH\Documents\Web-Programming-PRG240\SpringMvcHelloWorld 1\SpringMvcHelloWorld 1\apache-tomcat-10.1.52\temp
24-Apr-2026 06:46:34.237 INFO [main] org.apache.catalina.core.AprLifecycleListener.lifecycleEvent Loaded Apache Tomcat Native library [2.0.12] using APR version [1.7.6].
24-Apr-2026 06:46:34.280 INFO [main] org.apache.catalina.core.AprLifecycleListener.initializeSSL OpenSSL successfully initialized [OpenSSL 3.5.4 30 Sep 2025]
24-Apr-2026 06:46:34.845 INFO [main] org.apache.coyote.AbstractProtocol.init Initializing ProtocolHandler ["http-nio-8080"]
24-Apr-2026 06:46:34.898 INFO [main] org.apache.catalina.startup.Catalina.load Server initialization in [1108] milliseconds
24-Apr-2026 06:46:35.012 INFO [main] org.apache.catalina.core.StandardService.startInternal Starting service [Catalina]
24-Apr-2026 06:46:35.012 INFO [main] org.apache.catalina.core.StandardEngine.startInternal Starting Servlet engine: [Apache Tomcat/10.1.52]
24-Apr-2026 06:46:35.076 INFO [main] org.apache.catalina.startup.HostConfig.deployWAR Deploying web application archive [C:\Users\HRITIKA SINGH\Documents\Web-Programming-PRG240\SpringMvcHelloWorld 1\SpringMvcHelloWorld 1\apache-tomcat-10.1.52\webapps\SpringMvcHelloWorld.war]
24-Apr-2026 06:46:35.118 INFO [main] org.apache.catalina.startup.ExpandWar.expand An expanded directory [C:\Users\HRITIKA SINGH\Documents\Web-Programming-PRG240\SpringMvcHelloWorld 1\SpringMvcHelloWorld 1\apache-tomcat-10.1.52\webapps\SpringMvcHelloWorld] was found with a last modified time that did not match the associated WAR. It will be deleted.
24-Apr-2026 06:46:41.286 INFO [main] org.apache.jasper.servlet.TldScanner.scanJars At least one JAR was scanned for TLDs yet contained no TLDs. Enable debug logging for this logger for a complete list of JARs that were scanned but no TLDs were found in them. Skipping unneeded JARs during scanning can improve startup time and JSP compilation time.
24-Apr-2026 06:46:48.920 INFO [main] org.apache.catalina.startup.HostConfig.deployWAR Deployment of web application archive [C:\Users\HRITIKA SINGH\Documents\Web-Programming-PRG240\SpringMvcHelloWorld 1\SpringMvcHelloWorld 1\apache-tomcat-10.1.52\webapps\SpringMvcHelloWorld.war] has finished in [13,842] ms
24-Apr-2026 06:46:48.925 INFO [main] org.apache.catalina.startup.HostConfig.deployDirectory Deploying web application directory [C:\Users\HRITIKA SINGH\Documents\Web-Programming-PRG240\SpringMvcHelloWorld 1\SpringMvcHelloWorld 1\apache-tomcat-10.1.52\webapps\docs]
24-Apr-2026 06:46:49.000 INFO [main] org.apache.catalina.startup.HostConfig.deployDirectory Deployment of web application directory [C:\Users\HRITIKA SINGH\Documents\Web-Programming-PRG240\SpringMvcHelloWorld 1\SpringMvcHelloWorld 1\apache-tomcat-10.1.52\webapps\docs] has finished in [75] ms
24-Apr-2026 06:46:49.001 INFO [main] org.apache.catalina.startup.HostConfig.deployDirectory Deploying web application directory [C:\Users\HRITIKA SINGH\Documents\Web-Programming-PRG240\SpringMvcHelloWorld 1\SpringMvcHelloWorld 1\apache-tomcat-10.1.52\webapps\examples]
24-Apr-2026 06:46:49.967 INFO [main] org.apache.catalina.startup.HostConfig.deployDirectory Deployment of web application directory [C:\Users\HRITIKA SINGH\Documents\Web-Programming-PRG240\SpringMvcHelloWorld 1\SpringMvcHelloWorld 1\apache-tomcat-10.1.52\webapps\examples] has finished in [966] ms
24-Apr-2026 06:46:49.968 INFO [main] org.apache.catalina.startup.HostConfig.deployDirectory Deploying web application directory [C:\Users\HRITIKA SINGH\Documents\Web-Programming-PRG240\SpringMvcHelloWorld 1\SpringMvcHelloWorld 1\apache-tomcat-10.1.52\webapps\host-manager]
24-Apr-2026 06:46:50.059 INFO [main] org.apache.catalina.startup.HostConfig.deployDirectory Deployment of web application directory [C:\Users\HRITIKA SINGH\Documents\Web-Programming-PRG240\SpringMvcHelloWorld 1\SpringMvcHelloWorld 1\apache-tomcat-10.1.52\webapps\host-manager] has finished in [92] ms
24-Apr-2026 06:46:50.060 INFO [main] org.apache.catalina.startup.HostConfig.deployDirectory Deploying web application directory [C:\Users\HRITIKA SINGH\Documents\Web-Programming-PRG240\SpringMvcHelloWorld 1\SpringMvcHelloWorld 1\apache-tomcat-10.1.52\webapps\manager]
24-Apr-2026 06:46:50.133 INFO [main] org.apache.catalina.startup.HostConfig.deployDirectory Deployment of web application directory [C:\Users\HRITIKA SINGH\Documents\Web-Programming-PRG240\SpringMvcHelloWorld 1\SpringMvcHelloWorld 1\apache-tomcat-10.1.52\webapps\manager] has finished in [73] ms
24-Apr-2026 06:46:50.134 INFO [main] org.apache.catalina.startup.HostConfig.deployDirectory Deploying web application directory [C:\Users\HRITIKA SINGH\Documents\Web-Programming-PRG240\SpringMvcHelloWorld 1\SpringMvcHelloWorld 1\apache-tomcat-10.1.52\webapps\ROOT]
24-Apr-2026 06:46:50.196 INFO [main] org.apache.catalina.startup.HostConfig.deployDirectory Deployment of web application directory [C:\Users\HRITIKA SINGH\Documents\Web-Programming-PRG240\SpringMvcHelloWorld 1\SpringMvcHelloWorld 1\apache-tomcat-10.1.52\webapps\ROOT] has finished in [61] ms
24-Apr-2026 06:46:50.205 INFO [main] org.apache.coyote.AbstractProtocol.start Starting ProtocolHandler ["http-nio-8080"]
24-Apr-2026 06:46:50.257 INFO [main] org.apache.catalina.startup.Catalina.start Server startup in [15355] milliseconds
24-Apr-2026 06:55:24.855 INFO [main] org.apache.catalina.startup.VersionLoggerListener.log Server version name:   Apache Tomcat/10.1.52
24-Apr-2026 06:55:24.860 INFO [main] org.apache.catalina.startup.VersionLoggerListener.log Server built:          Jan 23 2026 19:29:07 UTC
24-Apr-2026 06:55:24.861 INFO [main] org.apache.catalina.startup.VersionLoggerListener.log Server version number: 10.1.52.0
24-Apr-2026 06:55:24.861 INFO [main] org.apache.catalina.startup.VersionLoggerListener.log OS Name:               Windows 11
24-Apr-2026 06:55:24.862 INFO [main] org.apache.catalina.startup.VersionLoggerListener.log OS Version:            10.0
24-Apr-2026 06:55:24.862 INFO [main] org.apache.catalina.startup.VersionLoggerListener.log Architecture:          amd64
24-Apr-2026 06:55:24.863 INFO [main] org.apache.catalina.startup.VersionLoggerListener.log Java Home:             C:\Program Files\Java\jdk-24
24-Apr-2026 06:55:24.863 INFO [main] org.apache.catalina.startup.VersionLoggerListener.log JVM Version:           24.0.1+9-30
24-Apr-2026 06:55:24.863 INFO [main] org.apache.catalina.startup.VersionLoggerListener.log JVM Vendor:            Oracle Corporation
24-Apr-2026 06:55:24.864 INFO [main] org.apache.catalina.startup.VersionLoggerListener.log CATALINA_BASE:         C:\Users\HRITIKA SINGH\Documents\Web-Programming-PRG240\SpringMvcHelloWorld 1\SpringMvcHelloWorld 1\apache-tomcat-10.1.52
24-Apr-2026 06:55:24.866 INFO [main] org.apache.catalina.startup.VersionLoggerListener.log CATALINA_HOME:         C:\Users\HRITIKA SINGH\Documents\Web-Programming-PRG240\SpringMvcHelloWorld 1\SpringMvcHelloWorld 1\apache-tomcat-10.1.52
24-Apr-2026 06:55:24.886 INFO [main] org.apache.catalina.startup.VersionLoggerListener.log Command line argument: -Djava.util.logging.config.file=C:\Users\HRITIKA SINGH\Documents\Web-Programming-PRG240\SpringMvcHelloWorld 1\SpringMvcHelloWorld 1\apache-tomcat-10.1.52\conf\logging.properties
24-Apr-2026 06:55:24.887 INFO [main] org.apache.catalina.startup.VersionLoggerListener.log Command line argument: -Djava.util.logging.manager=org.apache.juli.ClassLoaderLogManager
24-Apr-2026 06:55:24.887 INFO [main] org.apache.catalina.startup.VersionLoggerListener.log Command line argument: -Djdk.tls.ephemeralDHKeySize=2048
24-Apr-2026 06:55:24.887 INFO [main] org.apache.catalina.startup.VersionLoggerListener.log Command line argument: -Djava.protocol.handler.pkgs=org.apache.catalina.webresources
24-Apr-2026 06:55:24.887 INFO [main] org.apache.catalina.startup.VersionLoggerListener.log Command line argument: -Dsun.io.useCanonCaches=false
24-Apr-2026 06:55:24.888 INFO [main] org.apache.catalina.startup.VersionLoggerListener.log Command line argument: --add-opens=java.base/java.lang=ALL-UNNAMED
24-Apr-2026 06:55:24.888 INFO [main] org.apache.catalina.startup.VersionLoggerListener.log Command line argument: --add-opens=java.base/java.lang.reflect=ALL-UNNAMED
24-Apr-2026 06:55:24.888 INFO [main] org.apache.catalina.startup.VersionLoggerListener.log Command line argument: --add-opens=java.base/java.io=ALL-UNNAMED
24-Apr-2026 06:55:24.888 INFO [main] org.apache.catalina.startup.VersionLoggerListener.log Command line argument: --add-opens=java.base/java.util=ALL-UNNAMED
24-Apr-2026 06:55:24.888 INFO [main] org.apache.catalina.startup.VersionLoggerListener.log Command line argument: --add-opens=java.base/java.util.concurrent=ALL-UNNAMED
24-Apr-2026 06:55:24.889 INFO [main] org.apache.catalina.startup.VersionLoggerListener.log Command line argument: --add-opens=java.rmi/sun.rmi.transport=ALL-UNNAMED
24-Apr-2026 06:55:24.889 INFO [main] org.apache.catalina.startup.VersionLoggerListener.log Command line argument: -Dcatalina.base=C:\Users\HRITIKA SINGH\Documents\Web-Programming-PRG240\SpringMvcHelloWorld 1\SpringMvcHelloWorld 1\apache-tomcat-10.1.52
24-Apr-2026 06:55:24.889 INFO [main] org.apache.catalina.startup.VersionLoggerListener.log Command line argument: -Dcatalina.home=C:\Users\HRITIKA SINGH\Documents\Web-Programming-PRG240\SpringMvcHelloWorld 1\SpringMvcHelloWorld 1\apache-tomcat-10.1.52
24-Apr-2026 06:55:24.889 INFO [main] org.apache.catalina.startup.VersionLoggerListener.log Command line argument: -Djava.io.tmpdir=C:\Users\HRITIKA SINGH\Documents\Web-Programming-PRG240\SpringMvcHelloWorld 1\SpringMvcHelloWorld 1\apache-tomcat-10.1.52\temp
24-Apr-2026 06:55:24.896 INFO [main] org.apache.catalina.core.AprLifecycleListener.lifecycleEvent Loaded Apache Tomcat Native library [2.0.12] using APR version [1.7.6].
24-Apr-2026 06:55:24.909 INFO [main] org.apache.catalina.core.AprLifecycleListener.initializeSSL OpenSSL successfully initialized [OpenSSL 3.5.4 30 Sep 2025]
24-Apr-2026 06:55:25.383 INFO [main] org.apache.coyote.AbstractProtocol.init Initializing ProtocolHandler ["http-nio-8080"]
24-Apr-2026 06:55:25.438 INFO [main] org.apache.catalina.startup.Catalina.load Server initialization in [921] milliseconds
24-Apr-2026 06:55:25.527 INFO [main] org.apache.catalina.core.StandardService.startInternal Starting service [Catalina]
24-Apr-2026 06:55:25.527 INFO [main] org.apache.catalina.core.StandardEngine.startInternal Starting Servlet engine: [Apache Tomcat/10.1.52]
24-Apr-2026 06:55:25.592 INFO [main] org.apache.catalina.startup.HostConfig.deployWAR Deploying web application archive [C:\Users\HRITIKA SINGH\Documents\Web-Programming-PRG240\SpringMvcHelloWorld 1\SpringMvcHelloWorld 1\apache-tomcat-10.1.52\webapps\SpringMvcHelloWorld.war]
24-Apr-2026 06:55:25.639 INFO [main] org.apache.catalina.startup.ExpandWar.expand An expanded directory [C:\Users\HRITIKA SINGH\Documents\Web-Programming-PRG240\SpringMvcHelloWorld 1\SpringMvcHelloWorld 1\apache-tomcat-10.1.52\webapps\SpringMvcHelloWorld] was found with a last modified time that did not match the associated WAR. It will be deleted.
24-Apr-2026 06:55:31.381 INFO [main] org.apache.jasper.servlet.TldScanner.scanJars At least one JAR was scanned for TLDs yet contained no TLDs. Enable debug logging for this logger for a complete list of JARs that were scanned but no TLDs were found in them. Skipping unneeded JARs during scanning can improve startup time and JSP compilation time.
24-Apr-2026 06:55:38.879 INFO [main] org.apache.catalina.startup.HostConfig.deployWAR Deployment of web application archive [C:\Users\HRITIKA SINGH\Documents\Web-Programming-PRG240\SpringMvcHelloWorld 1\SpringMvcHelloWorld 1\apache-tomcat-10.1.52\webapps\SpringMvcHelloWorld.war] has finished in [13,284] ms
24-Apr-2026 06:55:38.885 INFO [main] org.apache.catalina.startup.HostConfig.deployDirectory Deploying web application directory [C:\Users\HRITIKA SINGH\Documents\Web-Programming-PRG240\SpringMvcHelloWorld 1\SpringMvcHelloWorld 1\apache-tomcat-10.1.52\webapps\docs]
24-Apr-2026 06:55:38.969 INFO [main] org.apache.catalina.startup.HostConfig.deployDirectory Deployment of web application directory [C:\Users\HRITIKA SINGH\Documents\Web-Programming-PRG240\SpringMvcHelloWorld 1\SpringMvcHelloWorld 1\apache-tomcat-10.1.52\webapps\docs] has finished in [83] ms
24-Apr-2026 06:55:38.970 INFO [main] org.apache.catalina.startup.HostConfig.deployDirectory Deploying web application directory [C:\Users\HRITIKA SINGH\Documents\Web-Programming-PRG240\SpringMvcHelloWorld 1\SpringMvcHelloWorld 1\apache-tomcat-10.1.52\webapps\examples]
24-Apr-2026 06:55:39.844 INFO [main] org.apache.catalina.startup.HostConfig.deployDirectory Deployment of web application directory [C:\Users\HRITIKA SINGH\Documents\Web-Programming-PRG240\SpringMvcHelloWorld 1\SpringMvcHelloWorld 1\apache-tomcat-10.1.52\webapps\examples] has finished in [874] ms
24-Apr-2026 06:55:39.845 INFO [main] org.apache.catalina.startup.HostConfig.deployDirectory Deploying web application directory [C:\Users\HRITIKA SINGH\Documents\Web-Programming-PRG240\SpringMvcHelloWorld 1\SpringMvcHelloWorld 1\apache-tomcat-10.1.52\webapps\host-manager]
24-Apr-2026 06:55:39.931 INFO [main] org.apache.catalina.startup.HostConfig.deployDirectory Deployment of web application directory [C:\Users\HRITIKA SINGH\Documents\Web-Programming-PRG240\SpringMvcHelloWorld 1\SpringMvcHelloWorld 1\apache-tomcat-10.1.52\webapps\host-manager] has finished in [87] ms
24-Apr-2026 06:55:39.932 INFO [main] org.apache.catalina.startup.HostConfig.deployDirectory Deploying web application directory [C:\Users\HRITIKA SINGH\Documents\Web-Programming-PRG240\SpringMvcHelloWorld 1\SpringMvcHelloWorld 1\apache-tomcat-10.1.52\webapps\manager]
24-Apr-2026 06:55:40.025 INFO [main] org.apache.catalina.startup.HostConfig.deployDirectory Deployment of web application directory [C:\Users\HRITIKA SINGH\Documents\Web-Programming-PRG240\SpringMvcHelloWorld 1\SpringMvcHelloWorld 1\apache-tomcat-10.1.52\webapps\manager] has finished in [92] ms
24-Apr-2026 06:55:40.027 INFO [main] org.apache.catalina.startup.HostConfig.deployDirectory Deploying web application directory [C:\Users\HRITIKA SINGH\Documents\Web-Programming-PRG240\SpringMvcHelloWorld 1\SpringMvcHelloWorld 1\apache-tomcat-10.1.52\webapps\ROOT]
24-Apr-2026 06:55:40.135 INFO [main] org.apache.catalina.startup.HostConfig.deployDirectory Deployment of web application directory [C:\Users\HRITIKA SINGH\Documents\Web-Programming-PRG240\SpringMvcHelloWorld 1\SpringMvcHelloWorld 1\apache-tomcat-10.1.52\webapps\ROOT] has finished in [106] ms
24-Apr-2026 06:55:40.140 INFO [main] org.apache.coyote.AbstractProtocol.start Starting ProtocolHandler ["http-nio-8080"]
24-Apr-2026 06:55:40.193 INFO [main] org.apache.catalina.startup.Catalina.start Server startup in [14754] milliseconds
24-Apr-2026 07:06:25.399 INFO [main] org.apache.catalina.startup.VersionLoggerListener.log Server version name:   Apache Tomcat/10.1.52
24-Apr-2026 07:06:25.405 INFO [main] org.apache.catalina.startup.VersionLoggerListener.log Server built:          Jan 23 2026 19:29:07 UTC
24-Apr-2026 07:06:25.406 INFO [main] org.apache.catalina.startup.VersionLoggerListener.log Server version number: 10.1.52.0
24-Apr-2026 07:06:25.406 INFO [main] org.apache.catalina.startup.VersionLoggerListener.log OS Name:               Windows 11
24-Apr-2026 07:06:25.406 INFO [main] org.apache.catalina.startup.VersionLoggerListener.log OS Version:            10.0
24-Apr-2026 07:06:25.407 INFO [main] org.apache.catalina.startup.VersionLoggerListener.log Architecture:          amd64
24-Apr-2026 07:06:25.408 INFO [main] org.apache.catalina.startup.VersionLoggerListener.log Java Home:             C:\Program Files\Java\jdk-24
24-Apr-2026 07:06:25.409 INFO [main] org.apache.catalina.startup.VersionLoggerListener.log JVM Version:           24.0.1+9-30
24-Apr-2026 07:06:25.410 INFO [main] org.apache.catalina.startup.VersionLoggerListener.log JVM Vendor:            Oracle Corporation
24-Apr-2026 07:06:25.410 INFO [main] org.apache.catalina.startup.VersionLoggerListener.log CATALINA_BASE:         C:\Users\HRITIKA SINGH\Documents\Web-Programming-PRG240\SpringMvcHelloWorld 1\SpringMvcHelloWorld 1\apache-tomcat-10.1.52
24-Apr-2026 07:06:25.411 INFO [main] org.apache.catalina.startup.VersionLoggerListener.log CATALINA_HOME:         C:\Users\HRITIKA SINGH\Documents\Web-Programming-PRG240\SpringMvcHelloWorld 1\SpringMvcHelloWorld 1\apache-tomcat-10.1.52
24-Apr-2026 07:06:25.432 INFO [main] org.apache.catalina.startup.VersionLoggerListener.log Command line argument: -Djava.util.logging.config.file=C:\Users\HRITIKA SINGH\Documents\Web-Programming-PRG240\SpringMvcHelloWorld 1\SpringMvcHelloWorld 1\apache-tomcat-10.1.52\conf\logging.properties
24-Apr-2026 07:06:25.433 INFO [main] org.apache.catalina.startup.VersionLoggerListener.log Command line argument: -Djava.util.logging.manager=org.apache.juli.ClassLoaderLogManager
24-Apr-2026 07:06:25.433 INFO [main] org.apache.catalina.startup.VersionLoggerListener.log Command line argument: -Djdk.tls.ephemeralDHKeySize=2048
24-Apr-2026 07:06:25.434 INFO [main] org.apache.catalina.startup.VersionLoggerListener.log Command line argument: -Djava.protocol.handler.pkgs=org.apache.catalina.webresources
24-Apr-2026 07:06:25.435 INFO [main] org.apache.catalina.startup.VersionLoggerListener.log Command line argument: -Dsun.io.useCanonCaches=false
24-Apr-2026 07:06:25.435 INFO [main] org.apache.catalina.startup.VersionLoggerListener.log Command line argument: --add-opens=java.base/java.lang=ALL-UNNAMED
24-Apr-2026 07:06:25.436 INFO [main] org.apache.catalina.startup.VersionLoggerListener.log Command line argument: --add-opens=java.base/java.lang.reflect=ALL-UNNAMED
24-Apr-2026 07:06:25.436 INFO [main] org.apache.catalina.startup.VersionLoggerListener.log Command line argument: --add-opens=java.base/java.io=ALL-UNNAMED
24-Apr-2026 07:06:25.436 INFO [main] org.apache.catalina.startup.VersionLoggerListener.log Command line argument: --add-opens=java.base/java.util=ALL-UNNAMED
24-Apr-2026 07:06:25.437 INFO [main] org.apache.catalina.startup.VersionLoggerListener.log Command line argument: --add-opens=java.base/java.util.concurrent=ALL-UNNAMED
24-Apr-2026 07:06:25.437 INFO [main] org.apache.catalina.startup.VersionLoggerListener.log Command line argument: --add-opens=java.rmi/sun.rmi.transport=ALL-UNNAMED
24-Apr-2026 07:06:25.438 INFO [main] org.apache.catalina.startup.VersionLoggerListener.log Command line argument: -Dcatalina.base=C:\Users\HRITIKA SINGH\Documents\Web-Programming-PRG240\SpringMvcHelloWorld 1\SpringMvcHelloWorld 1\apache-tomcat-10.1.52
24-Apr-2026 07:06:25.438 INFO [main] org.apache.catalina.startup.VersionLoggerListener.log Command line argument: -Dcatalina.home=C:\Users\HRITIKA SINGH\Documents\Web-Programming-PRG240\SpringMvcHelloWorld 1\SpringMvcHelloWorld 1\apache-tomcat-10.1.52
24-Apr-2026 07:06:25.438 INFO [main] org.apache.catalina.startup.VersionLoggerListener.log Command line argument: -Djava.io.tmpdir=C:\Users\HRITIKA SINGH\Documents\Web-Programming-PRG240\SpringMvcHelloWorld 1\SpringMvcHelloWorld 1\apache-tomcat-10.1.52\temp
24-Apr-2026 07:06:25.447 INFO [main] org.apache.catalina.core.AprLifecycleListener.lifecycleEvent Loaded Apache Tomcat Native library [2.0.12] using APR version [1.7.6].
24-Apr-2026 07:06:25.461 INFO [main] org.apache.catalina.core.AprLifecycleListener.initializeSSL OpenSSL successfully initialized [OpenSSL 3.5.4 30 Sep 2025]
24-Apr-2026 07:06:26.095 INFO [main] org.apache.coyote.AbstractProtocol.init Initializing ProtocolHandler ["http-nio-8080"]
24-Apr-2026 07:06:26.152 INFO [main] org.apache.catalina.startup.Catalina.load Server initialization in [1120] milliseconds
24-Apr-2026 07:06:26.273 INFO [main] org.apache.catalina.core.StandardService.startInternal Starting service [Catalina]
24-Apr-2026 07:06:26.276 INFO [main] org.apache.catalina.core.StandardEngine.startInternal Starting Servlet engine: [Apache Tomcat/10.1.52]
24-Apr-2026 07:06:26.326 INFO [main] org.apache.catalina.startup.HostConfig.deployWAR Deploying web application archive [C:\Users\HRITIKA SINGH\Documents\Web-Programming-PRG240\SpringMvcHelloWorld 1\SpringMvcHelloWorld 1\apache-tomcat-10.1.52\webapps\SpringMvcHelloWorld.war]
24-Apr-2026 07:06:26.376 INFO [main] org.apache.catalina.startup.ExpandWar.expand An expanded directory [C:\Users\HRITIKA SINGH\Documents\Web-Programming-PRG240\SpringMvcHelloWorld 1\SpringMvcHelloWorld 1\apache-tomcat-10.1.52\webapps\SpringMvcHelloWorld] was found with a last modified time that did not match the associated WAR. It will be deleted.
24-Apr-2026 07:06:33.818 INFO [main] org.apache.jasper.servlet.TldScanner.scanJars At least one JAR was scanned for TLDs yet contained no TLDs. Enable debug logging for this logger for a complete list of JARs that were scanned but no TLDs were found in them. Skipping unneeded JARs during scanning can improve startup time and JSP compilation time.
24-Apr-2026 07:06:42.211 INFO [main] org.apache.catalina.startup.HostConfig.deployWAR Deployment of web application archive [C:\Users\HRITIKA SINGH\Documents\Web-Programming-PRG240\SpringMvcHelloWorld 1\SpringMvcHelloWorld 1\apache-tomcat-10.1.52\webapps\SpringMvcHelloWorld.war] has finished in [15,885] ms
24-Apr-2026 07:06:42.219 INFO [main] org.apache.catalina.startup.HostConfig.deployDirectory Deploying web application directory [C:\Users\HRITIKA SINGH\Documents\Web-Programming-PRG240\SpringMvcHelloWorld 1\SpringMvcHelloWorld 1\apache-tomcat-10.1.52\webapps\docs]
24-Apr-2026 07:06:42.302 INFO [main] org.apache.catalina.startup.HostConfig.deployDirectory Deployment of web application directory [C:\Users\HRITIKA SINGH\Documents\Web-Programming-PRG240\SpringMvcHelloWorld 1\SpringMvcHelloWorld 1\apache-tomcat-10.1.52\webapps\docs] has finished in [83] ms
24-Apr-2026 07:06:42.302 INFO [main] org.apache.catalina.startup.HostConfig.deployDirectory Deploying web application directory [C:\Users\HRITIKA SINGH\Documents\Web-Programming-PRG240\SpringMvcHelloWorld 1\SpringMvcHelloWorld 1\apache-tomcat-10.1.52\webapps\examples]
24-Apr-2026 07:06:43.203 INFO [main] org.apache.catalina.startup.HostConfig.deployDirectory Deployment of web application directory [C:\Users\HRITIKA SINGH\Documents\Web-Programming-PRG240\SpringMvcHelloWorld 1\SpringMvcHelloWorld 1\apache-tomcat-10.1.52\webapps\examples] has finished in [901] ms
24-Apr-2026 07:06:43.203 INFO [main] org.apache.catalina.startup.HostConfig.deployDirectory Deploying web application directory [C:\Users\HRITIKA SINGH\Documents\Web-Programming-PRG240\SpringMvcHelloWorld 1\SpringMvcHelloWorld 1\apache-tomcat-10.1.52\webapps\host-manager]
24-Apr-2026 07:06:43.310 INFO [main] org.apache.catalina.startup.HostConfig.deployDirectory Deployment of web application directory [C:\Users\HRITIKA SINGH\Documents\Web-Programming-PRG240\SpringMvcHelloWorld 1\SpringMvcHelloWorld 1\apache-tomcat-10.1.52\webapps\host-manager] has finished in [107] ms
24-Apr-2026 07:06:43.315 INFO [main] org.apache.catalina.startup.HostConfig.deployDirectory Deploying web application directory [C:\Users\HRITIKA SINGH\Documents\Web-Programming-PRG240\SpringMvcHelloWorld 1\SpringMvcHelloWorld 1\apache-tomcat-10.1.52\webapps\manager]
24-Apr-2026 07:06:43.404 INFO [main] org.apache.catalina.startup.HostConfig.deployDirectory Deployment of web application directory [C:\Users\HRITIKA SINGH\Documents\Web-Programming-PRG240\SpringMvcHelloWorld 1\SpringMvcHelloWorld 1\apache-tomcat-10.1.52\webapps\manager] has finished in [89] ms
24-Apr-2026 07:06:43.404 INFO [main] org.apache.catalina.startup.HostConfig.deployDirectory Deploying web application directory [C:\Users\HRITIKA SINGH\Documents\Web-Programming-PRG240\SpringMvcHelloWorld 1\SpringMvcHelloWorld 1\apache-tomcat-10.1.52\webapps\ROOT]
24-Apr-2026 07:06:43.470 INFO [main] org.apache.catalina.startup.HostConfig.deployDirectory Deployment of web application directory [C:\Users\HRITIKA SINGH\Documents\Web-Programming-PRG240\SpringMvcHelloWorld 1\SpringMvcHelloWorld 1\apache-tomcat-10.1.52\webapps\ROOT] has finished in [66] ms
24-Apr-2026 07:06:43.476 INFO [main] org.apache.coyote.AbstractProtocol.start Starting ProtocolHandler ["http-nio-8080"]
24-Apr-2026 07:06:43.525 INFO [main] org.apache.catalina.startup.Catalina.start Server startup in [17367] milliseconds
24-Apr-2026 07:12:40.079 INFO [main] org.apache.catalina.startup.VersionLoggerListener.log Server version name:   Apache Tomcat/10.1.52
24-Apr-2026 07:12:40.083 INFO [main] org.apache.catalina.startup.VersionLoggerListener.log Server built:          Jan 23 2026 19:29:07 UTC
24-Apr-2026 07:12:40.084 INFO [main] org.apache.catalina.startup.VersionLoggerListener.log Server version number: 10.1.52.0
24-Apr-2026 07:12:40.085 INFO [main] org.apache.catalina.startup.VersionLoggerListener.log OS Name:               Windows 11
24-Apr-2026 07:12:40.085 INFO [main] org.apache.catalina.startup.VersionLoggerListener.log OS Version:            10.0
24-Apr-2026 07:12:40.086 INFO [main] org.apache.catalina.startup.VersionLoggerListener.log Architecture:          amd64
24-Apr-2026 07:12:40.086 INFO [main] org.apache.catalina.startup.VersionLoggerListener.log Java Home:             C:\Program Files\Java\jdk-24
24-Apr-2026 07:12:40.086 INFO [main] org.apache.catalina.startup.VersionLoggerListener.log JVM Version:           24.0.1+9-30
24-Apr-2026 07:12:40.087 INFO [main] org.apache.catalina.startup.VersionLoggerListener.log JVM Vendor:            Oracle Corporation
24-Apr-2026 07:12:40.088 INFO [main] org.apache.catalina.startup.VersionLoggerListener.log CATALINA_BASE:         C:\Users\HRITIKA SINGH\Documents\Web-Programming-PRG240\SpringMvcHelloWorld 1\SpringMvcHelloWorld 1\apache-tomcat-10.1.52
24-Apr-2026 07:12:40.088 INFO [main] org.apache.catalina.startup.VersionLoggerListener.log CATALINA_HOME:         C:\Users\HRITIKA SINGH\Documents\Web-Programming-PRG240\SpringMvcHelloWorld 1\SpringMvcHelloWorld 1\apache-tomcat-10.1.52
24-Apr-2026 07:12:40.108 INFO [main] org.apache.catalina.startup.VersionLoggerListener.log Command line argument: -Djava.util.logging.config.file=C:\Users\HRITIKA SINGH\Documents\Web-Programming-PRG240\SpringMvcHelloWorld 1\SpringMvcHelloWorld 1\apache-tomcat-10.1.52\conf\logging.properties
24-Apr-2026 07:12:40.108 INFO [main] org.apache.catalina.startup.VersionLoggerListener.log Command line argument: -Djava.util.logging.manager=org.apache.juli.ClassLoaderLogManager
24-Apr-2026 07:12:40.109 INFO [main] org.apache.catalina.startup.VersionLoggerListener.log Command line argument: -Djdk.tls.ephemeralDHKeySize=2048
24-Apr-2026 07:12:40.109 INFO [main] org.apache.catalina.startup.VersionLoggerListener.log Command line argument: -Djava.protocol.handler.pkgs=org.apache.catalina.webresources
24-Apr-2026 07:12:40.109 INFO [main] org.apache.catalina.startup.VersionLoggerListener.log Command line argument: -Dsun.io.useCanonCaches=false
24-Apr-2026 07:12:40.109 INFO [main] org.apache.catalina.startup.VersionLoggerListener.log Command line argument: --add-opens=java.base/java.lang=ALL-UNNAMED
24-Apr-2026 07:12:40.110 INFO [main] org.apache.catalina.startup.VersionLoggerListener.log Command line argument: --add-opens=java.base/java.lang.reflect=ALL-UNNAMED
24-Apr-2026 07:12:40.110 INFO [main] org.apache.catalina.startup.VersionLoggerListener.log Command line argument: --add-opens=java.base/java.io=ALL-UNNAMED
24-Apr-2026 07:12:40.110 INFO [main] org.apache.catalina.startup.VersionLoggerListener.log Command line argument: --add-opens=java.base/java.util=ALL-UNNAMED
24-Apr-2026 07:12:40.110 INFO [main] org.apache.catalina.startup.VersionLoggerListener.log Command line argument: --add-opens=java.base/java.util.concurrent=ALL-UNNAMED
24-Apr-2026 07:12:40.111 INFO [main] org.apache.catalina.startup.VersionLoggerListener.log Command line argument: --add-opens=java.rmi/sun.rmi.transport=ALL-UNNAMED
24-Apr-2026 07:12:40.111 INFO [main] org.apache.catalina.startup.VersionLoggerListener.log Command line argument: -Dcatalina.base=C:\Users\HRITIKA SINGH\Documents\Web-Programming-PRG240\SpringMvcHelloWorld 1\SpringMvcHelloWorld 1\apache-tomcat-10.1.52
24-Apr-2026 07:12:40.111 INFO [main] org.apache.catalina.startup.VersionLoggerListener.log Command line argument: -Dcatalina.home=C:\Users\HRITIKA SINGH\Documents\Web-Programming-PRG240\SpringMvcHelloWorld 1\SpringMvcHelloWorld 1\apache-tomcat-10.1.52
24-Apr-2026 07:12:40.111 INFO [main] org.apache.catalina.startup.VersionLoggerListener.log Command line argument: -Djava.io.tmpdir=C:\Users\HRITIKA SINGH\Documents\Web-Programming-PRG240\SpringMvcHelloWorld 1\SpringMvcHelloWorld 1\apache-tomcat-10.1.52\temp
24-Apr-2026 07:12:40.119 INFO [main] org.apache.catalina.core.AprLifecycleListener.lifecycleEvent Loaded Apache Tomcat Native library [2.0.12] using APR version [1.7.6].
24-Apr-2026 07:12:40.130 INFO [main] org.apache.catalina.core.AprLifecycleListener.initializeSSL OpenSSL successfully initialized [OpenSSL 3.5.4 30 Sep 2025]
24-Apr-2026 07:12:40.643 INFO [main] org.apache.coyote.AbstractProtocol.init Initializing ProtocolHandler ["http-nio-8080"]
24-Apr-2026 07:12:40.685 INFO [main] org.apache.catalina.startup.Catalina.load Server initialization in [948] milliseconds
24-Apr-2026 07:12:40.775 INFO [main] org.apache.catalina.core.StandardService.startInternal Starting service [Catalina]
24-Apr-2026 07:12:40.776 INFO [main] org.apache.catalina.core.StandardEngine.startInternal Starting Servlet engine: [Apache Tomcat/10.1.52]
24-Apr-2026 07:12:40.832 INFO [main] org.apache.catalina.startup.HostConfig.deployWAR Deploying web application archive [C:\Users\HRITIKA SINGH\Documents\Web-Programming-PRG240\SpringMvcHelloWorld 1\SpringMvcHelloWorld 1\apache-tomcat-10.1.52\webapps\SpringMvcHelloWorld.war]
24-Apr-2026 07:12:40.879 INFO [main] org.apache.catalina.startup.ExpandWar.expand An expanded directory [C:\Users\HRITIKA SINGH\Documents\Web-Programming-PRG240\SpringMvcHelloWorld 1\SpringMvcHelloWorld 1\apache-tomcat-10.1.52\webapps\SpringMvcHelloWorld] was found with a last modified time that did not match the associated WAR. It will be deleted.
24-Apr-2026 07:12:47.891 INFO [main] org.apache.jasper.servlet.TldScanner.scanJars At least one JAR was scanned for TLDs yet contained no TLDs. Enable debug logging for this logger for a complete list of JARs that were scanned but no TLDs were found in them. Skipping unneeded JARs during scanning can improve startup time and JSP compilation time.
24-Apr-2026 07:12:56.326 INFO [main] org.apache.catalina.startup.HostConfig.deployWAR Deployment of web application archive [C:\Users\HRITIKA SINGH\Documents\Web-Programming-PRG240\SpringMvcHelloWorld 1\SpringMvcHelloWorld 1\apache-tomcat-10.1.52\webapps\SpringMvcHelloWorld.war] has finished in [15,487] ms
24-Apr-2026 07:12:56.326 INFO [main] org.apache.catalina.startup.HostConfig.deployDirectory Deploying web application directory [C:\Users\HRITIKA SINGH\Documents\Web-Programming-PRG240\SpringMvcHelloWorld 1\SpringMvcHelloWorld 1\apache-tomcat-10.1.52\webapps\docs]
24-Apr-2026 07:12:56.414 INFO [main] org.apache.catalina.startup.HostConfig.deployDirectory Deployment of web application directory [C:\Users\HRITIKA SINGH\Documents\Web-Programming-PRG240\SpringMvcHelloWorld 1\SpringMvcHelloWorld 1\apache-tomcat-10.1.52\webapps\docs] has finished in [88] ms
24-Apr-2026 07:12:56.417 INFO [main] org.apache.catalina.startup.HostConfig.deployDirectory Deploying web application directory [C:\Users\HRITIKA SINGH\Documents\Web-Programming-PRG240\SpringMvcHelloWorld 1\SpringMvcHelloWorld 1\apache-tomcat-10.1.52\webapps\examples]
24-Apr-2026 07:12:57.306 INFO [main] org.apache.catalina.startup.HostConfig.deployDirectory Deployment of web application directory [C:\Users\HRITIKA SINGH\Documents\Web-Programming-PRG240\SpringMvcHelloWorld 1\SpringMvcHelloWorld 1\apache-tomcat-10.1.52\webapps\examples] has finished in [889] ms
24-Apr-2026 07:12:57.306 INFO [main] org.apache.catalina.startup.HostConfig.deployDirectory Deploying web application directory [C:\Users\HRITIKA SINGH\Documents\Web-Programming-PRG240\SpringMvcHelloWorld 1\SpringMvcHelloWorld 1\apache-tomcat-10.1.52\webapps\host-manager]
24-Apr-2026 07:12:57.395 INFO [main] org.apache.catalina.startup.HostConfig.deployDirectory Deployment of web application directory [C:\Users\HRITIKA SINGH\Documents\Web-Programming-PRG240\SpringMvcHelloWorld 1\SpringMvcHelloWorld 1\apache-tomcat-10.1.52\webapps\host-manager] has finished in [89] ms
24-Apr-2026 07:12:57.397 INFO [main] org.apache.catalina.startup.HostConfig.deployDirectory Deploying web application directory [C:\Users\HRITIKA SINGH\Documents\Web-Programming-PRG240\SpringMvcHelloWorld 1\SpringMvcHelloWorld 1\apache-tomcat-10.1.52\webapps\manager]
24-Apr-2026 07:12:57.473 INFO [main] org.apache.catalina.startup.HostConfig.deployDirectory Deployment of web application directory [C:\Users\HRITIKA SINGH\Documents\Web-Programming-PRG240\SpringMvcHelloWorld 1\SpringMvcHelloWorld 1\apache-tomcat-10.1.52\webapps\manager] has finished in [78] ms
24-Apr-2026 07:12:57.473 INFO [main] org.apache.catalina.startup.HostConfig.deployDirectory Deploying web application directory [C:\Users\HRITIKA SINGH\Documents\Web-Programming-PRG240\SpringMvcHelloWorld 1\SpringMvcHelloWorld 1\apache-tomcat-10.1.52\webapps\ROOT]
24-Apr-2026 07:12:57.528 INFO [main] org.apache.catalina.startup.HostConfig.deployDirectory Deployment of web application directory [C:\Users\HRITIKA SINGH\Documents\Web-Programming-PRG240\SpringMvcHelloWorld 1\SpringMvcHelloWorld 1\apache-tomcat-10.1.52\webapps\ROOT] has finished in [55] ms
24-Apr-2026 07:12:57.535 INFO [main] org.apache.coyote.AbstractProtocol.start Starting ProtocolHandler ["http-nio-8080"]
24-Apr-2026 07:12:57.574 INFO [main] org.apache.catalina.startup.Catalina.start Server startup in [16885] milliseconds
24-Apr-2026 07:21:30.400 INFO [main] org.apache.catalina.startup.VersionLoggerListener.log Server version name:   Apache Tomcat/10.1.52
24-Apr-2026 07:21:30.405 INFO [main] org.apache.catalina.startup.VersionLoggerListener.log Server built:          Jan 23 2026 19:29:07 UTC
24-Apr-2026 07:21:30.406 INFO [main] org.apache.catalina.startup.VersionLoggerListener.log Server version number: 10.1.52.0
24-Apr-2026 07:21:30.406 INFO [main] org.apache.catalina.startup.VersionLoggerListener.log OS Name:               Windows 11
24-Apr-2026 07:21:30.407 INFO [main] org.apache.catalina.startup.VersionLoggerListener.log OS Version:            10.0
24-Apr-2026 07:21:30.407 INFO [main] org.apache.catalina.startup.VersionLoggerListener.log Architecture:          amd64
24-Apr-2026 07:21:30.407 INFO [main] org.apache.catalina.startup.VersionLoggerListener.log Java Home:             C:\Program Files\Java\jdk-24
24-Apr-2026 07:21:30.408 INFO [main] org.apache.catalina.startup.VersionLoggerListener.log JVM Version:           24.0.1+9-30
24-Apr-2026 07:21:30.408 INFO [main] org.apache.catalina.startup.VersionLoggerListener.log JVM Vendor:            Oracle Corporation
24-Apr-2026 07:21:30.409 INFO [main] org.apache.catalina.startup.VersionLoggerListener.log CATALINA_BASE:         C:\Users\HRITIKA SINGH\Documents\Web-Programming-PRG240\SpringMvcHelloWorld 1\SpringMvcHelloWorld 1\apache-tomcat-10.1.52
24-Apr-2026 07:21:30.409 INFO [main] org.apache.catalina.startup.VersionLoggerListener.log CATALINA_HOME:         C:\Users\HRITIKA SINGH\Documents\Web-Programming-PRG240\SpringMvcHelloWorld 1\SpringMvcHelloWorld 1\apache-tomcat-10.1.52
24-Apr-2026 07:21:30.429 INFO [main] org.apache.catalina.startup.VersionLoggerListener.log Command line argument: -Djava.util.logging.config.file=C:\Users\HRITIKA SINGH\Documents\Web-Programming-PRG240\SpringMvcHelloWorld 1\SpringMvcHelloWorld 1\apache-tomcat-10.1.52\conf\logging.properties
24-Apr-2026 07:21:30.429 INFO [main] org.apache.catalina.startup.VersionLoggerListener.log Command line argument: -Djava.util.logging.manager=org.apache.juli.ClassLoaderLogManager
24-Apr-2026 07:21:30.430 INFO [main] org.apache.catalina.startup.VersionLoggerListener.log Command line argument: -Djdk.tls.ephemeralDHKeySize=2048
24-Apr-2026 07:21:30.430 INFO [main] org.apache.catalina.startup.VersionLoggerListener.log Command line argument: -Djava.protocol.handler.pkgs=org.apache.catalina.webresources
24-Apr-2026 07:21:30.430 INFO [main] org.apache.catalina.startup.VersionLoggerListener.log Command line argument: -Dsun.io.useCanonCaches=false
24-Apr-2026 07:21:30.431 INFO [main] org.apache.catalina.startup.VersionLoggerListener.log Command line argument: --add-opens=java.base/java.lang=ALL-UNNAMED
24-Apr-2026 07:21:30.431 INFO [main] org.apache.catalina.startup.VersionLoggerListener.log Command line argument: --add-opens=java.base/java.lang.reflect=ALL-UNNAMED
24-Apr-2026 07:21:30.431 INFO [main] org.apache.catalina.startup.VersionLoggerListener.log Command line argument: --add-opens=java.base/java.io=ALL-UNNAMED
24-Apr-2026 07:21:30.431 INFO [main] org.apache.catalina.startup.VersionLoggerListener.log Command line argument: --add-opens=java.base/java.util=ALL-UNNAMED
24-Apr-2026 07:21:30.432 INFO [main] org.apache.catalina.startup.VersionLoggerListener.log Command line argument: --add-opens=java.base/java.util.concurrent=ALL-UNNAMED
24-Apr-2026 07:21:30.432 INFO [main] org.apache.catalina.startup.VersionLoggerListener.log Command line argument: --add-opens=java.rmi/sun.rmi.transport=ALL-UNNAMED
24-Apr-2026 07:21:30.432 INFO [main] org.apache.catalina.startup.VersionLoggerListener.log Command line argument: -Dcatalina.base=C:\Users\HRITIKA SINGH\Documents\Web-Programming-PRG240\SpringMvcHelloWorld 1\SpringMvcHelloWorld 1\apache-tomcat-10.1.52
24-Apr-2026 07:21:30.432 INFO [main] org.apache.catalina.startup.VersionLoggerListener.log Command line argument: -Dcatalina.home=C:\Users\HRITIKA SINGH\Documents\Web-Programming-PRG240\SpringMvcHelloWorld 1\SpringMvcHelloWorld 1\apache-tomcat-10.1.52
24-Apr-2026 07:21:30.432 INFO [main] org.apache.catalina.startup.VersionLoggerListener.log Command line argument: -Djava.io.tmpdir=C:\Users\HRITIKA SINGH\Documents\Web-Programming-PRG240\SpringMvcHelloWorld 1\SpringMvcHelloWorld 1\apache-tomcat-10.1.52\temp
24-Apr-2026 07:21:30.440 INFO [main] org.apache.catalina.core.AprLifecycleListener.lifecycleEvent Loaded Apache Tomcat Native library [2.0.12] using APR version [1.7.6].
24-Apr-2026 07:21:30.452 INFO [main] org.apache.catalina.core.AprLifecycleListener.initializeSSL OpenSSL successfully initialized [OpenSSL 3.5.4 30 Sep 2025]
24-Apr-2026 07:21:30.968 INFO [main] org.apache.coyote.AbstractProtocol.init Initializing ProtocolHandler ["http-nio-8080"]
24-Apr-2026 07:21:31.027 INFO [main] org.apache.catalina.startup.Catalina.load Server initialization in [955] milliseconds
24-Apr-2026 07:21:31.117 INFO [main] org.apache.catalina.core.StandardService.startInternal Starting service [Catalina]
24-Apr-2026 07:21:31.118 INFO [main] org.apache.catalina.core.StandardEngine.startInternal Starting Servlet engine: [Apache Tomcat/10.1.52]
24-Apr-2026 07:21:31.178 INFO [main] org.apache.catalina.startup.HostConfig.deployWAR Deploying web application archive [C:\Users\HRITIKA SINGH\Documents\Web-Programming-PRG240\SpringMvcHelloWorld 1\SpringMvcHelloWorld 1\apache-tomcat-10.1.52\webapps\SpringMvcHelloWorld.war]
24-Apr-2026 07:21:31.228 INFO [main] org.apache.catalina.startup.ExpandWar.expand An expanded directory [C:\Users\HRITIKA SINGH\Documents\Web-Programming-PRG240\SpringMvcHelloWorld 1\SpringMvcHelloWorld 1\apache-tomcat-10.1.52\webapps\SpringMvcHelloWorld] was found with a last modified time that did not match the associated WAR. It will be deleted.
24-Apr-2026 07:21:36.587 INFO [main] org.apache.jasper.servlet.TldScanner.scanJars At least one JAR was scanned for TLDs yet contained no TLDs. Enable debug logging for this logger for a complete list of JARs that were scanned but no TLDs were found in them. Skipping unneeded JARs during scanning can improve startup time and JSP compilation time.
24-Apr-2026 07:21:43.878 INFO [main] org.apache.catalina.startup.HostConfig.deployWAR Deployment of web application archive [C:\Users\HRITIKA SINGH\Documents\Web-Programming-PRG240\SpringMvcHelloWorld 1\SpringMvcHelloWorld 1\apache-tomcat-10.1.52\webapps\SpringMvcHelloWorld.war] has finished in [12,698] ms
24-Apr-2026 07:21:43.880 INFO [main] org.apache.catalina.startup.HostConfig.deployDirectory Deploying web application directory [C:\Users\HRITIKA SINGH\Documents\Web-Programming-PRG240\SpringMvcHelloWorld 1\SpringMvcHelloWorld 1\apache-tomcat-10.1.52\webapps\docs]
24-Apr-2026 07:21:43.957 INFO [main] org.apache.catalina.startup.HostConfig.deployDirectory Deployment of web application directory [C:\Users\HRITIKA SINGH\Documents\Web-Programming-PRG240\SpringMvcHelloWorld 1\SpringMvcHelloWorld 1\apache-tomcat-10.1.52\webapps\docs] has finished in [77] ms
24-Apr-2026 07:21:43.958 INFO [main] org.apache.catalina.startup.HostConfig.deployDirectory Deploying web application directory [C:\Users\HRITIKA SINGH\Documents\Web-Programming-PRG240\SpringMvcHelloWorld 1\SpringMvcHelloWorld 1\apache-tomcat-10.1.52\webapps\examples]
24-Apr-2026 07:21:44.798 INFO [main] org.apache.catalina.startup.HostConfig.deployDirectory Deployment of web application directory [C:\Users\HRITIKA SINGH\Documents\Web-Programming-PRG240\SpringMvcHelloWorld 1\SpringMvcHelloWorld 1\apache-tomcat-10.1.52\webapps\examples] has finished in [840] ms
24-Apr-2026 07:21:44.799 INFO [main] org.apache.catalina.startup.HostConfig.deployDirectory Deploying web application directory [C:\Users\HRITIKA SINGH\Documents\Web-Programming-PRG240\SpringMvcHelloWorld 1\SpringMvcHelloWorld 1\apache-tomcat-10.1.52\webapps\host-manager]
24-Apr-2026 07:21:44.901 INFO [main] org.apache.catalina.startup.HostConfig.deployDirectory Deployment of web application directory [C:\Users\HRITIKA SINGH\Documents\Web-Programming-PRG240\SpringMvcHelloWorld 1\SpringMvcHelloWorld 1\apache-tomcat-10.1.52\webapps\host-manager] has finished in [101] ms
24-Apr-2026 07:21:44.902 INFO [main] org.apache.catalina.startup.HostConfig.deployDirectory Deploying web application directory [C:\Users\HRITIKA SINGH\Documents\Web-Programming-PRG240\SpringMvcHelloWorld 1\SpringMvcHelloWorld 1\apache-tomcat-10.1.52\webapps\manager]
24-Apr-2026 07:21:44.979 INFO [main] org.apache.catalina.startup.HostConfig.deployDirectory Deployment of web application directory [C:\Users\HRITIKA SINGH\Documents\Web-Programming-PRG240\SpringMvcHelloWorld 1\SpringMvcHelloWorld 1\apache-tomcat-10.1.52\webapps\manager] has finished in [78] ms
24-Apr-2026 07:21:44.980 INFO [main] org.apache.catalina.startup.HostConfig.deployDirectory Deploying web application directory [C:\Users\HRITIKA SINGH\Documents\Web-Programming-PRG240\SpringMvcHelloWorld 1\SpringMvcHelloWorld 1\apache-tomcat-10.1.52\webapps\ROOT]
24-Apr-2026 07:21:45.035 INFO [main] org.apache.catalina.startup.HostConfig.deployDirectory Deployment of web application directory [C:\Users\HRITIKA SINGH\Documents\Web-Programming-PRG240\SpringMvcHelloWorld 1\SpringMvcHelloWorld 1\apache-tomcat-10.1.52\webapps\ROOT] has finished in [55] ms
24-Apr-2026 07:21:45.044 INFO [main] org.apache.coyote.AbstractProtocol.start Starting ProtocolHandler ["http-nio-8080"]
24-Apr-2026 07:21:45.086 INFO [main] org.apache.catalina.startup.Catalina.start Server startup in [14055] milliseconds
24-Apr-2026 07:24:23.897 INFO [main] org.apache.catalina.startup.VersionLoggerListener.log Server version name:   Apache Tomcat/10.1.52
24-Apr-2026 07:24:23.902 INFO [main] org.apache.catalina.startup.VersionLoggerListener.log Server built:          Jan 23 2026 19:29:07 UTC
24-Apr-2026 07:24:23.903 INFO [main] org.apache.catalina.startup.VersionLoggerListener.log Server version number: 10.1.52.0
24-Apr-2026 07:24:23.903 INFO [main] org.apache.catalina.startup.VersionLoggerListener.log OS Name:               Windows 11
24-Apr-2026 07:24:23.904 INFO [main] org.apache.catalina.startup.VersionLoggerListener.log OS Version:            10.0
24-Apr-2026 07:24:23.904 INFO [main] org.apache.catalina.startup.VersionLoggerListener.log Architecture:          amd64
24-Apr-2026 07:24:23.904 INFO [main] org.apache.catalina.startup.VersionLoggerListener.log Java Home:             C:\Program Files\Java\jdk-24
24-Apr-2026 07:24:23.905 INFO [main] org.apache.catalina.startup.VersionLoggerListener.log JVM Version:           24.0.1+9-30
24-Apr-2026 07:24:23.905 INFO [main] org.apache.catalina.startup.VersionLoggerListener.log JVM Vendor:            Oracle Corporation
24-Apr-2026 07:24:23.907 INFO [main] org.apache.catalina.startup.VersionLoggerListener.log CATALINA_BASE:         C:\Users\HRITIKA SINGH\Documents\Web-Programming-PRG240\SpringMvcHelloWorld 1\SpringMvcHelloWorld 1\apache-tomcat-10.1.52
24-Apr-2026 07:24:23.908 INFO [main] org.apache.catalina.startup.VersionLoggerListener.log CATALINA_HOME:         C:\Users\HRITIKA SINGH\Documents\Web-Programming-PRG240\SpringMvcHelloWorld 1\SpringMvcHelloWorld 1\apache-tomcat-10.1.52
24-Apr-2026 07:24:23.926 INFO [main] org.apache.catalina.startup.VersionLoggerListener.log Command line argument: -Djava.util.logging.config.file=C:\Users\HRITIKA SINGH\Documents\Web-Programming-PRG240\SpringMvcHelloWorld 1\SpringMvcHelloWorld 1\apache-tomcat-10.1.52\conf\logging.properties
24-Apr-2026 07:24:23.927 INFO [main] org.apache.catalina.startup.VersionLoggerListener.log Command line argument: -Djava.util.logging.manager=org.apache.juli.ClassLoaderLogManager
24-Apr-2026 07:24:23.927 INFO [main] org.apache.catalina.startup.VersionLoggerListener.log Command line argument: -Djdk.tls.ephemeralDHKeySize=2048
24-Apr-2026 07:24:23.927 INFO [main] org.apache.catalina.startup.VersionLoggerListener.log Command line argument: -Djava.protocol.handler.pkgs=org.apache.catalina.webresources
24-Apr-2026 07:24:23.927 INFO [main] org.apache.catalina.startup.VersionLoggerListener.log Command line argument: -Dsun.io.useCanonCaches=false
24-Apr-2026 07:24:23.928 INFO [main] org.apache.catalina.startup.VersionLoggerListener.log Command line argument: --add-opens=java.base/java.lang=ALL-UNNAMED
24-Apr-2026 07:24:23.928 INFO [main] org.apache.catalina.startup.VersionLoggerListener.log Command line argument: --add-opens=java.base/java.lang.reflect=ALL-UNNAMED
24-Apr-2026 07:24:23.928 INFO [main] org.apache.catalina.startup.VersionLoggerListener.log Command line argument: --add-opens=java.base/java.io=ALL-UNNAMED
24-Apr-2026 07:24:23.928 INFO [main] org.apache.catalina.startup.VersionLoggerListener.log Command line argument: --add-opens=java.base/java.util=ALL-UNNAMED
24-Apr-2026 07:24:23.929 INFO [main] org.apache.catalina.startup.VersionLoggerListener.log Command line argument: --add-opens=java.base/java.util.concurrent=ALL-UNNAMED
24-Apr-2026 07:24:23.929 INFO [main] org.apache.catalina.startup.VersionLoggerListener.log Command line argument: --add-opens=java.rmi/sun.rmi.transport=ALL-UNNAMED
24-Apr-2026 07:24:23.930 INFO [main] org.apache.catalina.startup.VersionLoggerListener.log Command line argument: -Dcatalina.base=C:\Users\HRITIKA SINGH\Documents\Web-Programming-PRG240\SpringMvcHelloWorld 1\SpringMvcHelloWorld 1\apache-tomcat-10.1.52
24-Apr-2026 07:24:23.930 INFO [main] org.apache.catalina.startup.VersionLoggerListener.log Command line argument: -Dcatalina.home=C:\Users\HRITIKA SINGH\Documents\Web-Programming-PRG240\SpringMvcHelloWorld 1\SpringMvcHelloWorld 1\apache-tomcat-10.1.52
24-Apr-2026 07:24:23.930 INFO [main] org.apache.catalina.startup.VersionLoggerListener.log Command line argument: -Djava.io.tmpdir=C:\Users\HRITIKA SINGH\Documents\Web-Programming-PRG240\SpringMvcHelloWorld 1\SpringMvcHelloWorld 1\apache-tomcat-10.1.52\temp
24-Apr-2026 07:24:23.937 INFO [main] org.apache.catalina.core.AprLifecycleListener.lifecycleEvent Loaded Apache Tomcat Native library [2.0.12] using APR version [1.7.6].
24-Apr-2026 07:24:23.949 INFO [main] org.apache.catalina.core.AprLifecycleListener.initializeSSL OpenSSL successfully initialized [OpenSSL 3.5.4 30 Sep 2025]
24-Apr-2026 07:24:24.409 INFO [main] org.apache.coyote.AbstractProtocol.init Initializing ProtocolHandler ["http-nio-8080"]
24-Apr-2026 07:24:24.459 INFO [main] org.apache.catalina.startup.Catalina.load Server initialization in [916] milliseconds
24-Apr-2026 07:24:24.547 INFO [main] org.apache.catalina.core.StandardService.startInternal Starting service [Catalina]
24-Apr-2026 07:24:24.547 INFO [main] org.apache.catalina.core.StandardEngine.startInternal Starting Servlet engine: [Apache Tomcat/10.1.52]
24-Apr-2026 07:24:24.604 INFO [main] org.apache.catalina.startup.HostConfig.deployWAR Deploying web application archive [C:\Users\HRITIKA SINGH\Documents\Web-Programming-PRG240\SpringMvcHelloWorld 1\SpringMvcHelloWorld 1\apache-tomcat-10.1.52\webapps\SpringMvcHelloWorld.war]
24-Apr-2026 07:24:24.643 INFO [main] org.apache.catalina.startup.ExpandWar.expand An expanded directory [C:\Users\HRITIKA SINGH\Documents\Web-Programming-PRG240\SpringMvcHelloWorld 1\SpringMvcHelloWorld 1\apache-tomcat-10.1.52\webapps\SpringMvcHelloWorld] was found with a last modified time that did not match the associated WAR. It will be deleted.
24-Apr-2026 07:24:30.952 INFO [main] org.apache.jasper.servlet.TldScanner.scanJars At least one JAR was scanned for TLDs yet contained no TLDs. Enable debug logging for this logger for a complete list of JARs that were scanned but no TLDs were found in them. Skipping unneeded JARs during scanning can improve startup time and JSP compilation time.
24-Apr-2026 07:24:39.865 INFO [main] org.apache.catalina.startup.HostConfig.deployWAR Deployment of web application archive [C:\Users\HRITIKA SINGH\Documents\Web-Programming-PRG240\SpringMvcHelloWorld 1\SpringMvcHelloWorld 1\apache-tomcat-10.1.52\webapps\SpringMvcHelloWorld.war] has finished in [15,259] ms
24-Apr-2026 07:24:39.867 INFO [main] org.apache.catalina.startup.HostConfig.deployDirectory Deploying web application directory [C:\Users\HRITIKA SINGH\Documents\Web-Programming-PRG240\SpringMvcHelloWorld 1\SpringMvcHelloWorld 1\apache-tomcat-10.1.52\webapps\docs]
24-Apr-2026 07:24:39.974 INFO [main] org.apache.catalina.startup.HostConfig.deployDirectory Deployment of web application directory [C:\Users\HRITIKA SINGH\Documents\Web-Programming-PRG240\SpringMvcHelloWorld 1\SpringMvcHelloWorld 1\apache-tomcat-10.1.52\webapps\docs] has finished in [105] ms
24-Apr-2026 07:24:39.974 INFO [main] org.apache.catalina.startup.HostConfig.deployDirectory Deploying web application directory [C:\Users\HRITIKA SINGH\Documents\Web-Programming-PRG240\SpringMvcHelloWorld 1\SpringMvcHelloWorld 1\apache-tomcat-10.1.52\webapps\examples]
24-Apr-2026 07:24:40.905 INFO [main] org.apache.catalina.startup.HostConfig.deployDirectory Deployment of web application directory [C:\Users\HRITIKA SINGH\Documents\Web-Programming-PRG240\SpringMvcHelloWorld 1\SpringMvcHelloWorld 1\apache-tomcat-10.1.52\webapps\examples] has finished in [931] ms
24-Apr-2026 07:24:40.911 INFO [main] org.apache.catalina.startup.HostConfig.deployDirectory Deploying web application directory [C:\Users\HRITIKA SINGH\Documents\Web-Programming-PRG240\SpringMvcHelloWorld 1\SpringMvcHelloWorld 1\apache-tomcat-10.1.52\webapps\host-manager]
24-Apr-2026 07:24:40.992 INFO [main] org.apache.catalina.startup.HostConfig.deployDirectory Deployment of web application directory [C:\Users\HRITIKA SINGH\Documents\Web-Programming-PRG240\SpringMvcHelloWorld 1\SpringMvcHelloWorld 1\apache-tomcat-10.1.52\webapps\host-manager] has finished in [87] ms
24-Apr-2026 07:24:40.992 INFO [main] org.apache.catalina.startup.HostConfig.deployDirectory Deploying web application directory [C:\Users\HRITIKA SINGH\Documents\Web-Programming-PRG240\SpringMvcHelloWorld 1\SpringMvcHelloWorld 1\apache-tomcat-10.1.52\webapps\manager]
24-Apr-2026 07:24:41.059 INFO [main] org.apache.catalina.startup.HostConfig.deployDirectory Deployment of web application directory [C:\Users\HRITIKA SINGH\Documents\Web-Programming-PRG240\SpringMvcHelloWorld 1\SpringMvcHelloWorld 1\apache-tomcat-10.1.52\webapps\manager] has finished in [67] ms
24-Apr-2026 07:24:41.059 INFO [main] org.apache.catalina.startup.HostConfig.deployDirectory Deploying web application directory [C:\Users\HRITIKA SINGH\Documents\Web-Programming-PRG240\SpringMvcHelloWorld 1\SpringMvcHelloWorld 1\apache-tomcat-10.1.52\webapps\ROOT]
24-Apr-2026 07:24:41.126 INFO [main] org.apache.catalina.startup.HostConfig.deployDirectory Deployment of web application directory [C:\Users\HRITIKA SINGH\Documents\Web-Programming-PRG240\SpringMvcHelloWorld 1\SpringMvcHelloWorld 1\apache-tomcat-10.1.52\webapps\ROOT] has finished in [67] ms
24-Apr-2026 07:24:41.133 INFO [main] org.apache.coyote.AbstractProtocol.start Starting ProtocolHandler ["http-nio-8080"]
24-Apr-2026 07:24:41.182 INFO [main] org.apache.catalina.startup.Catalina.start Server startup in [16719] milliseconds
24-Apr-2026 07:28:05.621 INFO [main] org.apache.catalina.startup.VersionLoggerListener.log Server version name:   Apache Tomcat/10.1.52
24-Apr-2026 07:28:05.626 INFO [main] org.apache.catalina.startup.VersionLoggerListener.log Server built:          Jan 23 2026 19:29:07 UTC
24-Apr-2026 07:28:05.627 INFO [main] org.apache.catalina.startup.VersionLoggerListener.log Server version number: 10.1.52.0
24-Apr-2026 07:28:05.628 INFO [main] org.apache.catalina.startup.VersionLoggerListener.log OS Name:               Windows 11
24-Apr-2026 07:28:05.628 INFO [main] org.apache.catalina.startup.VersionLoggerListener.log OS Version:            10.0
24-Apr-2026 07:28:05.628 INFO [main] org.apache.catalina.startup.VersionLoggerListener.log Architecture:          amd64
24-Apr-2026 07:28:05.629 INFO [main] org.apache.catalina.startup.VersionLoggerListener.log Java Home:             C:\Program Files\Java\jdk-24
24-Apr-2026 07:28:05.629 INFO [main] org.apache.catalina.startup.VersionLoggerListener.log JVM Version:           24.0.1+9-30
24-Apr-2026 07:28:05.630 INFO [main] org.apache.catalina.startup.VersionLoggerListener.log JVM Vendor:            Oracle Corporation
24-Apr-2026 07:28:05.630 INFO [main] org.apache.catalina.startup.VersionLoggerListener.log CATALINA_BASE:         C:\Users\HRITIKA SINGH\Documents\Web-Programming-PRG240\SpringMvcHelloWorld 1\SpringMvcHelloWorld 1\apache-tomcat-10.1.52
24-Apr-2026 07:28:05.631 INFO [main] org.apache.catalina.startup.VersionLoggerListener.log CATALINA_HOME:         C:\Users\HRITIKA SINGH\Documents\Web-Programming-PRG240\SpringMvcHelloWorld 1\SpringMvcHelloWorld 1\apache-tomcat-10.1.52
24-Apr-2026 07:28:05.650 INFO [main] org.apache.catalina.startup.VersionLoggerListener.log Command line argument: -Djava.util.logging.config.file=C:\Users\HRITIKA SINGH\Documents\Web-Programming-PRG240\SpringMvcHelloWorld 1\SpringMvcHelloWorld 1\apache-tomcat-10.1.52\conf\logging.properties
24-Apr-2026 07:28:05.650 INFO [main] org.apache.catalina.startup.VersionLoggerListener.log Command line argument: -Djava.util.logging.manager=org.apache.juli.ClassLoaderLogManager
24-Apr-2026 07:28:05.651 INFO [main] org.apache.catalina.startup.VersionLoggerListener.log Command line argument: -Djdk.tls.ephemeralDHKeySize=2048
24-Apr-2026 07:28:05.651 INFO [main] org.apache.catalina.startup.VersionLoggerListener.log Command line argument: -Djava.protocol.handler.pkgs=org.apache.catalina.webresources
24-Apr-2026 07:28:05.652 INFO [main] org.apache.catalina.startup.VersionLoggerListener.log Command line argument: -Dsun.io.useCanonCaches=false
24-Apr-2026 07:28:05.652 INFO [main] org.apache.catalina.startup.VersionLoggerListener.log Command line argument: --add-opens=java.base/java.lang=ALL-UNNAMED
24-Apr-2026 07:28:05.652 INFO [main] org.apache.catalina.startup.VersionLoggerListener.log Command line argument: --add-opens=java.base/java.lang.reflect=ALL-UNNAMED
24-Apr-2026 07:28:05.652 INFO [main] org.apache.catalina.startup.VersionLoggerListener.log Command line argument: --add-opens=java.base/java.io=ALL-UNNAMED
24-Apr-2026 07:28:05.653 INFO [main] org.apache.catalina.startup.VersionLoggerListener.log Command line argument: --add-opens=java.base/java.util=ALL-UNNAMED
24-Apr-2026 07:28:05.653 INFO [main] org.apache.catalina.startup.VersionLoggerListener.log Command line argument: --add-opens=java.base/java.util.concurrent=ALL-UNNAMED
24-Apr-2026 07:28:05.653 INFO [main] org.apache.catalina.startup.VersionLoggerListener.log Command line argument: --add-opens=java.rmi/sun.rmi.transport=ALL-UNNAMED
24-Apr-2026 07:28:05.653 INFO [main] org.apache.catalina.startup.VersionLoggerListener.log Command line argument: -Dcatalina.base=C:\Users\HRITIKA SINGH\Documents\Web-Programming-PRG240\SpringMvcHelloWorld 1\SpringMvcHelloWorld 1\apache-tomcat-10.1.52
24-Apr-2026 07:28:05.654 INFO [main] org.apache.catalina.startup.VersionLoggerListener.log Command line argument: -Dcatalina.home=C:\Users\HRITIKA SINGH\Documents\Web-Programming-PRG240\SpringMvcHelloWorld 1\SpringMvcHelloWorld 1\apache-tomcat-10.1.52
24-Apr-2026 07:28:05.654 INFO [main] org.apache.catalina.startup.VersionLoggerListener.log Command line argument: -Djava.io.tmpdir=C:\Users\HRITIKA SINGH\Documents\Web-Programming-PRG240\SpringMvcHelloWorld 1\SpringMvcHelloWorld 1\apache-tomcat-10.1.52\temp
24-Apr-2026 07:28:05.661 INFO [main] org.apache.catalina.core.AprLifecycleListener.lifecycleEvent Loaded Apache Tomcat Native library [2.0.12] using APR version [1.7.6].
24-Apr-2026 07:28:05.674 INFO [main] org.apache.catalina.core.AprLifecycleListener.initializeSSL OpenSSL successfully initialized [OpenSSL 3.5.4 30 Sep 2025]
24-Apr-2026 07:28:06.162 INFO [main] org.apache.coyote.AbstractProtocol.init Initializing ProtocolHandler ["http-nio-8080"]
24-Apr-2026 07:28:06.201 INFO [main] org.apache.catalina.startup.Catalina.load Server initialization in [973] milliseconds
24-Apr-2026 07:28:06.289 INFO [main] org.apache.catalina.core.StandardService.startInternal Starting service [Catalina]
24-Apr-2026 07:28:06.289 INFO [main] org.apache.catalina.core.StandardEngine.startInternal Starting Servlet engine: [Apache Tomcat/10.1.52]
24-Apr-2026 07:28:06.344 INFO [main] org.apache.catalina.startup.HostConfig.deployWAR Deploying web application archive [C:\Users\HRITIKA SINGH\Documents\Web-Programming-PRG240\SpringMvcHelloWorld 1\SpringMvcHelloWorld 1\apache-tomcat-10.1.52\webapps\SpringMvcHelloWorld.war]
24-Apr-2026 07:28:06.386 INFO [main] org.apache.catalina.startup.ExpandWar.expand An expanded directory [C:\Users\HRITIKA SINGH\Documents\Web-Programming-PRG240\SpringMvcHelloWorld 1\SpringMvcHelloWorld 1\apache-tomcat-10.1.52\webapps\SpringMvcHelloWorld] was found with a last modified time that did not match the associated WAR. It will be deleted.
24-Apr-2026 07:28:12.196 INFO [main] org.apache.jasper.servlet.TldScanner.scanJars At least one JAR was scanned for TLDs yet contained no TLDs. Enable debug logging for this logger for a complete list of JARs that were scanned but no TLDs were found in them. Skipping unneeded JARs during scanning can improve startup time and JSP compilation time.
24-Apr-2026 07:28:20.956 INFO [main] org.apache.catalina.startup.HostConfig.deployWAR Deployment of web application archive [C:\Users\HRITIKA SINGH\Documents\Web-Programming-PRG240\SpringMvcHelloWorld 1\SpringMvcHelloWorld 1\apache-tomcat-10.1.52\webapps\SpringMvcHelloWorld.war] has finished in [14,613] ms
24-Apr-2026 07:28:20.961 INFO [main] org.apache.catalina.startup.HostConfig.deployDirectory Deploying web application directory [C:\Users\HRITIKA SINGH\Documents\Web-Programming-PRG240\SpringMvcHelloWorld 1\SpringMvcHelloWorld 1\apache-tomcat-10.1.52\webapps\docs]
24-Apr-2026 07:28:21.045 INFO [main] org.apache.catalina.startup.HostConfig.deployDirectory Deployment of web application directory [C:\Users\HRITIKA SINGH\Documents\Web-Programming-PRG240\SpringMvcHelloWorld 1\SpringMvcHelloWorld 1\apache-tomcat-10.1.52\webapps\docs] has finished in [84] ms
24-Apr-2026 07:28:21.051 INFO [main] org.apache.catalina.startup.HostConfig.deployDirectory Deploying web application directory [C:\Users\HRITIKA SINGH\Documents\Web-Programming-PRG240\SpringMvcHelloWorld 1\SpringMvcHelloWorld 1\apache-tomcat-10.1.52\webapps\examples]
24-Apr-2026 07:28:21.913 INFO [main] org.apache.catalina.startup.HostConfig.deployDirectory Deployment of web application directory [C:\Users\HRITIKA SINGH\Documents\Web-Programming-PRG240\SpringMvcHelloWorld 1\SpringMvcHelloWorld 1\apache-tomcat-10.1.52\webapps\examples] has finished in [862] ms
24-Apr-2026 07:28:21.913 INFO [main] org.apache.catalina.startup.HostConfig.deployDirectory Deploying web application directory [C:\Users\HRITIKA SINGH\Documents\Web-Programming-PRG240\SpringMvcHelloWorld 1\SpringMvcHelloWorld 1\apache-tomcat-10.1.52\webapps\host-manager]
24-Apr-2026 07:28:21.991 INFO [main] org.apache.catalina.startup.HostConfig.deployDirectory Deployment of web application directory [C:\Users\HRITIKA SINGH\Documents\Web-Programming-PRG240\SpringMvcHelloWorld 1\SpringMvcHelloWorld 1\apache-tomcat-10.1.52\webapps\host-manager] has finished in [78] ms
24-Apr-2026 07:28:22.000 INFO [main] org.apache.catalina.startup.HostConfig.deployDirectory Deploying web application directory [C:\Users\HRITIKA SINGH\Documents\Web-Programming-PRG240\SpringMvcHelloWorld 1\SpringMvcHelloWorld 1\apache-tomcat-10.1.52\webapps\manager]
24-Apr-2026 07:28:22.091 INFO [main] org.apache.catalina.startup.HostConfig.deployDirectory Deployment of web application directory [C:\Users\HRITIKA SINGH\Documents\Web-Programming-PRG240\SpringMvcHelloWorld 1\SpringMvcHelloWorld 1\apache-tomcat-10.1.52\webapps\manager] has finished in [91] ms
24-Apr-2026 07:28:22.091 INFO [main] org.apache.catalina.startup.HostConfig.deployDirectory Deploying web application directory [C:\Users\HRITIKA SINGH\Documents\Web-Programming-PRG240\SpringMvcHelloWorld 1\SpringMvcHelloWorld 1\apache-tomcat-10.1.52\webapps\ROOT]
24-Apr-2026 07:28:22.147 INFO [main] org.apache.catalina.startup.HostConfig.deployDirectory Deployment of web application directory [C:\Users\HRITIKA SINGH\Documents\Web-Programming-PRG240\SpringMvcHelloWorld 1\SpringMvcHelloWorld 1\apache-tomcat-10.1.52\webapps\ROOT] has finished in [56] ms
24-Apr-2026 07:28:22.156 INFO [main] org.apache.coyote.AbstractProtocol.start Starting ProtocolHandler ["http-nio-8080"]
24-Apr-2026 07:28:22.190 INFO [main] org.apache.catalina.startup.Catalina.start Server startup in [15993] milliseconds
24-Apr-2026 07:43:49.137 INFO [main] org.apache.catalina.startup.VersionLoggerListener.log Server version name:   Apache Tomcat/10.1.52
24-Apr-2026 07:43:49.144 INFO [main] org.apache.catalina.startup.VersionLoggerListener.log Server built:          Jan 23 2026 19:29:07 UTC
24-Apr-2026 07:43:49.145 INFO [main] org.apache.catalina.startup.VersionLoggerListener.log Server version number: 10.1.52.0
24-Apr-2026 07:43:49.146 INFO [main] org.apache.catalina.startup.VersionLoggerListener.log OS Name:               Windows 11
24-Apr-2026 07:43:49.146 INFO [main] org.apache.catalina.startup.VersionLoggerListener.log OS Version:            10.0
24-Apr-2026 07:43:49.147 INFO [main] org.apache.catalina.startup.VersionLoggerListener.log Architecture:          amd64
24-Apr-2026 07:43:49.147 INFO [main] org.apache.catalina.startup.VersionLoggerListener.log Java Home:             C:\Program Files\Java\jdk-24
24-Apr-2026 07:43:49.148 INFO [main] org.apache.catalina.startup.VersionLoggerListener.log JVM Version:           24.0.1+9-30
24-Apr-2026 07:43:49.152 INFO [main] org.apache.catalina.startup.VersionLoggerListener.log JVM Vendor:            Oracle Corporation
24-Apr-2026 07:43:49.153 INFO [main] org.apache.catalina.startup.VersionLoggerListener.log CATALINA_BASE:         C:\Users\HRITIKA SINGH\Documents\Web-Programming-PRG240\SpringMvcHelloWorld 1\SpringMvcHelloWorld 1\apache-tomcat-10.1.52
24-Apr-2026 07:43:49.155 INFO [main] org.apache.catalina.startup.VersionLoggerListener.log CATALINA_HOME:         C:\Users\HRITIKA SINGH\Documents\Web-Programming-PRG240\SpringMvcHelloWorld 1\SpringMvcHelloWorld 1\apache-tomcat-10.1.52
24-Apr-2026 07:43:49.176 INFO [main] org.apache.catalina.startup.VersionLoggerListener.log Command line argument: -Djava.util.logging.config.file=C:\Users\HRITIKA SINGH\Documents\Web-Programming-PRG240\SpringMvcHelloWorld 1\SpringMvcHelloWorld 1\apache-tomcat-10.1.52\conf\logging.properties
24-Apr-2026 07:43:49.176 INFO [main] org.apache.catalina.startup.VersionLoggerListener.log Command line argument: -Djava.util.logging.manager=org.apache.juli.ClassLoaderLogManager
24-Apr-2026 07:43:49.177 INFO [main] org.apache.catalina.startup.VersionLoggerListener.log Command line argument: -Djdk.tls.ephemeralDHKeySize=2048
24-Apr-2026 07:43:49.177 INFO [main] org.apache.catalina.startup.VersionLoggerListener.log Command line argument: -Djava.protocol.handler.pkgs=org.apache.catalina.webresources
24-Apr-2026 07:43:49.178 INFO [main] org.apache.catalina.startup.VersionLoggerListener.log Command line argument: -Dsun.io.useCanonCaches=false
24-Apr-2026 07:43:49.178 INFO [main] org.apache.catalina.startup.VersionLoggerListener.log Command line argument: --add-opens=java.base/java.lang=ALL-UNNAMED
24-Apr-2026 07:43:49.179 INFO [main] org.apache.catalina.startup.VersionLoggerListener.log Command line argument: --add-opens=java.base/java.lang.reflect=ALL-UNNAMED
24-Apr-2026 07:43:49.179 INFO [main] org.apache.catalina.startup.VersionLoggerListener.log Command line argument: --add-opens=java.base/java.io=ALL-UNNAMED
24-Apr-2026 07:43:49.180 INFO [main] org.apache.catalina.startup.VersionLoggerListener.log Command line argument: --add-opens=java.base/java.util=ALL-UNNAMED
24-Apr-2026 07:43:49.180 INFO [main] org.apache.catalina.startup.VersionLoggerListener.log Command line argument: --add-opens=java.base/java.util.concurrent=ALL-UNNAMED
24-Apr-2026 07:43:49.181 INFO [main] org.apache.catalina.startup.VersionLoggerListener.log Command line argument: --add-opens=java.rmi/sun.rmi.transport=ALL-UNNAMED
24-Apr-2026 07:43:49.181 INFO [main] org.apache.catalina.startup.VersionLoggerListener.log Command line argument: -Dcatalina.base=C:\Users\HRITIKA SINGH\Documents\Web-Programming-PRG240\SpringMvcHelloWorld 1\SpringMvcHelloWorld 1\apache-tomcat-10.1.52
24-Apr-2026 07:43:49.182 INFO [main] org.apache.catalina.startup.VersionLoggerListener.log Command line argument: -Dcatalina.home=C:\Users\HRITIKA SINGH\Documents\Web-Programming-PRG240\SpringMvcHelloWorld 1\SpringMvcHelloWorld 1\apache-tomcat-10.1.52
24-Apr-2026 07:43:49.182 INFO [main] org.apache.catalina.startup.VersionLoggerListener.log Command line argument: -Djava.io.tmpdir=C:\Users\HRITIKA SINGH\Documents\Web-Programming-PRG240\SpringMvcHelloWorld 1\SpringMvcHelloWorld 1\apache-tomcat-10.1.52\temp
24-Apr-2026 07:43:49.191 INFO [main] org.apache.catalina.core.AprLifecycleListener.lifecycleEvent Loaded Apache Tomcat Native library [2.0.12] using APR version [1.7.6].
24-Apr-2026 07:43:49.213 INFO [main] org.apache.catalina.core.AprLifecycleListener.initializeSSL OpenSSL successfully initialized [OpenSSL 3.5.4 30 Sep 2025]
24-Apr-2026 07:43:49.759 INFO [main] org.apache.coyote.AbstractProtocol.init Initializing ProtocolHandler ["http-nio-8080"]
24-Apr-2026 07:43:49.821 INFO [main] org.apache.catalina.startup.Catalina.load Server initialization in [1097] milliseconds
24-Apr-2026 07:43:49.939 INFO [main] org.apache.catalina.core.StandardService.startInternal Starting service [Catalina]
24-Apr-2026 07:43:49.940 INFO [main] org.apache.catalina.core.StandardEngine.startInternal Starting Servlet engine: [Apache Tomcat/10.1.52]
24-Apr-2026 07:43:50.003 INFO [main] org.apache.catalina.startup.HostConfig.deployWAR Deploying web application archive [C:\Users\HRITIKA SINGH\Documents\Web-Programming-PRG240\SpringMvcHelloWorld 1\SpringMvcHelloWorld 1\apache-tomcat-10.1.52\webapps\SpringMvcHelloWorld.war]
24-Apr-2026 07:43:50.051 INFO [main] org.apache.catalina.startup.ExpandWar.expand An expanded directory [C:\Users\HRITIKA SINGH\Documents\Web-Programming-PRG240\SpringMvcHelloWorld 1\SpringMvcHelloWorld 1\apache-tomcat-10.1.52\webapps\SpringMvcHelloWorld] was found with a last modified time that did not match the associated WAR. It will be deleted.
24-Apr-2026 07:43:58.590 INFO [main] org.apache.jasper.servlet.TldScanner.scanJars At least one JAR was scanned for TLDs yet contained no TLDs. Enable debug logging for this logger for a complete list of JARs that were scanned but no TLDs were found in them. Skipping unneeded JARs during scanning can improve startup time and JSP compilation time.
24-Apr-2026 07:44:08.612 INFO [main] org.apache.catalina.startup.HostConfig.deployWAR Deployment of web application archive [C:\Users\HRITIKA SINGH\Documents\Web-Programming-PRG240\SpringMvcHelloWorld 1\SpringMvcHelloWorld 1\apache-tomcat-10.1.52\webapps\SpringMvcHelloWorld.war] has finished in [18,605] ms
24-Apr-2026 07:44:08.614 INFO [main] org.apache.catalina.startup.HostConfig.deployDirectory Deploying web application directory [C:\Users\HRITIKA SINGH\Documents\Web-Programming-PRG240\SpringMvcHelloWorld 1\SpringMvcHelloWorld 1\apache-tomcat-10.1.52\webapps\docs]
24-Apr-2026 07:44:08.716 INFO [main] org.apache.catalina.startup.HostConfig.deployDirectory Deployment of web application directory [C:\Users\HRITIKA SINGH\Documents\Web-Programming-PRG240\SpringMvcHelloWorld 1\SpringMvcHelloWorld 1\apache-tomcat-10.1.52\webapps\docs] has finished in [102] ms
24-Apr-2026 07:44:08.716 INFO [main] org.apache.catalina.startup.HostConfig.deployDirectory Deploying web application directory [C:\Users\HRITIKA SINGH\Documents\Web-Programming-PRG240\SpringMvcHelloWorld 1\SpringMvcHelloWorld 1\apache-tomcat-10.1.52\webapps\examples]
24-Apr-2026 07:44:09.775 INFO [main] org.apache.catalina.startup.HostConfig.deployDirectory Deployment of web application directory [C:\Users\HRITIKA SINGH\Documents\Web-Programming-PRG240\SpringMvcHelloWorld 1\SpringMvcHelloWorld 1\apache-tomcat-10.1.52\webapps\examples] has finished in [1,059] ms
24-Apr-2026 07:44:09.775 INFO [main] org.apache.catalina.startup.HostConfig.deployDirectory Deploying web application directory [C:\Users\HRITIKA SINGH\Documents\Web-Programming-PRG240\SpringMvcHelloWorld 1\SpringMvcHelloWorld 1\apache-tomcat-10.1.52\webapps\host-manager]
24-Apr-2026 07:44:09.914 INFO [main] org.apache.catalina.startup.HostConfig.deployDirectory Deployment of web application directory [C:\Users\HRITIKA SINGH\Documents\Web-Programming-PRG240\SpringMvcHelloWorld 1\SpringMvcHelloWorld 1\apache-tomcat-10.1.52\webapps\host-manager] has finished in [139] ms
24-Apr-2026 07:44:09.914 INFO [main] org.apache.catalina.startup.HostConfig.deployDirectory Deploying web application directory [C:\Users\HRITIKA SINGH\Documents\Web-Programming-PRG240\SpringMvcHelloWorld 1\SpringMvcHelloWorld 1\apache-tomcat-10.1.52\webapps\manager]
24-Apr-2026 07:44:10.008 INFO [main] org.apache.catalina.startup.HostConfig.deployDirectory Deployment of web application directory [C:\Users\HRITIKA SINGH\Documents\Web-Programming-PRG240\SpringMvcHelloWorld 1\SpringMvcHelloWorld 1\apache-tomcat-10.1.52\webapps\manager] has finished in [94] ms
24-Apr-2026 07:44:10.008 INFO [main] org.apache.catalina.startup.HostConfig.deployDirectory Deploying web application directory [C:\Users\HRITIKA SINGH\Documents\Web-Programming-PRG240\SpringMvcHelloWorld 1\SpringMvcHelloWorld 1\apache-tomcat-10.1.52\webapps\ROOT]
24-Apr-2026 07:44:10.079 INFO [main] org.apache.catalina.startup.HostConfig.deployDirectory Deployment of web application directory [C:\Users\HRITIKA SINGH\Documents\Web-Programming-PRG240\SpringMvcHelloWorld 1\SpringMvcHelloWorld 1\apache-tomcat-10.1.52\webapps\ROOT] has finished in [71] ms
24-Apr-2026 07:44:10.088 INFO [main] org.apache.coyote.AbstractProtocol.start Starting ProtocolHandler ["http-nio-8080"]
24-Apr-2026 07:44:10.137 INFO [main] org.apache.catalina.startup.Catalina.start Server startup in [20317] milliseconds
24-Apr-2026 07:51:50.912 INFO [Catalina-utility-1] org.apache.catalina.startup.HostConfig.undeploy Undeploying context [/SpringMvcHelloWorld]
24-Apr-2026 07:51:50.953 WARNING [Catalina-utility-1] org.apache.catalina.loader.WebappClassLoaderBase.clearReferencesJdbc The web application [SpringMvcHelloWorld] registered the JDBC driver [org.h2.Driver] but failed to unregister it when the web application was stopped. To prevent a memory leak, the JDBC Driver has been forcibly unregistered.
24-Apr-2026 07:51:51.066 INFO [Catalina-utility-1] org.apache.catalina.startup.HostConfig.deployWAR Deploying web application archive [C:\Users\HRITIKA SINGH\Documents\Web-Programming-PRG240\SpringMvcHelloWorld 1\SpringMvcHelloWorld 1\apache-tomcat-10.1.52\webapps\SpringMvcHelloWorld.war]
24-Apr-2026 07:52:00.590 INFO [main] org.apache.catalina.startup.VersionLoggerListener.log Server version name:   Apache Tomcat/10.1.52
24-Apr-2026 07:52:00.596 INFO [main] org.apache.catalina.startup.VersionLoggerListener.log Server built:          Jan 23 2026 19:29:07 UTC
24-Apr-2026 07:52:00.597 INFO [main] org.apache.catalina.startup.VersionLoggerListener.log Server version number: 10.1.52.0
24-Apr-2026 07:52:00.597 INFO [main] org.apache.catalina.startup.VersionLoggerListener.log OS Name:               Windows 11
24-Apr-2026 07:52:00.598 INFO [main] org.apache.catalina.startup.VersionLoggerListener.log OS Version:            10.0
24-Apr-2026 07:52:00.598 INFO [main] org.apache.catalina.startup.VersionLoggerListener.log Architecture:          amd64
24-Apr-2026 07:52:00.605 INFO [main] org.apache.catalina.startup.VersionLoggerListener.log Java Home:             C:\Program Files\Java\jdk-24
24-Apr-2026 07:52:00.605 INFO [main] org.apache.catalina.startup.VersionLoggerListener.log JVM Version:           24.0.1+9-30
24-Apr-2026 07:52:00.606 INFO [main] org.apache.catalina.startup.VersionLoggerListener.log JVM Vendor:            Oracle Corporation
24-Apr-2026 07:52:00.606 INFO [main] org.apache.catalina.startup.VersionLoggerListener.log CATALINA_BASE:         C:\Users\HRITIKA SINGH\Documents\Web-Programming-PRG240\SpringMvcHelloWorld 1\SpringMvcHelloWorld 1\apache-tomcat-10.1.52
24-Apr-2026 07:52:00.608 INFO [main] org.apache.catalina.startup.VersionLoggerListener.log CATALINA_HOME:         C:\Users\HRITIKA SINGH\Documents\Web-Programming-PRG240\SpringMvcHelloWorld 1\SpringMvcHelloWorld 1\apache-tomcat-10.1.52
24-Apr-2026 07:52:00.627 INFO [main] org.apache.catalina.startup.VersionLoggerListener.log Command line argument: -Djava.util.logging.config.file=C:\Users\HRITIKA SINGH\Documents\Web-Programming-PRG240\SpringMvcHelloWorld 1\SpringMvcHelloWorld 1\apache-tomcat-10.1.52\conf\logging.properties
24-Apr-2026 07:52:00.629 INFO [main] org.apache.catalina.startup.VersionLoggerListener.log Command line argument: -Djava.util.logging.manager=org.apache.juli.ClassLoaderLogManager
24-Apr-2026 07:52:00.629 INFO [main] org.apache.catalina.startup.VersionLoggerListener.log Command line argument: -Djdk.tls.ephemeralDHKeySize=2048
24-Apr-2026 07:52:00.630 INFO [main] org.apache.catalina.startup.VersionLoggerListener.log Command line argument: -Djava.protocol.handler.pkgs=org.apache.catalina.webresources
24-Apr-2026 07:52:00.631 INFO [main] org.apache.catalina.startup.VersionLoggerListener.log Command line argument: -Dsun.io.useCanonCaches=false
24-Apr-2026 07:52:00.632 INFO [main] org.apache.catalina.startup.VersionLoggerListener.log Command line argument: --add-opens=java.base/java.lang=ALL-UNNAMED
24-Apr-2026 07:52:00.633 INFO [main] org.apache.catalina.startup.VersionLoggerListener.log Command line argument: --add-opens=java.base/java.lang.reflect=ALL-UNNAMED
24-Apr-2026 07:52:00.633 INFO [main] org.apache.catalina.startup.VersionLoggerListener.log Command line argument: --add-opens=java.base/java.io=ALL-UNNAMED
24-Apr-2026 07:52:00.634 INFO [main] org.apache.catalina.startup.VersionLoggerListener.log Command line argument: --add-opens=java.base/java.util=ALL-UNNAMED
24-Apr-2026 07:52:00.634 INFO [main] org.apache.catalina.startup.VersionLoggerListener.log Command line argument: --add-opens=java.base/java.util.concurrent=ALL-UNNAMED
24-Apr-2026 07:52:00.634 INFO [main] org.apache.catalina.startup.VersionLoggerListener.log Command line argument: --add-opens=java.rmi/sun.rmi.transport=ALL-UNNAMED
24-Apr-2026 07:52:00.635 INFO [main] org.apache.catalina.startup.VersionLoggerListener.log Command line argument: -Dcatalina.base=C:\Users\HRITIKA SINGH\Documents\Web-Programming-PRG240\SpringMvcHelloWorld 1\SpringMvcHelloWorld 1\apache-tomcat-10.1.52
24-Apr-2026 07:52:00.635 INFO [main] org.apache.catalina.startup.VersionLoggerListener.log Command line argument: -Dcatalina.home=C:\Users\HRITIKA SINGH\Documents\Web-Programming-PRG240\SpringMvcHelloWorld 1\SpringMvcHelloWorld 1\apache-tomcat-10.1.52
24-Apr-2026 07:52:00.635 INFO [main] org.apache.catalina.startup.VersionLoggerListener.log Command line argument: -Djava.io.tmpdir=C:\Users\HRITIKA SINGH\Documents\Web-Programming-PRG240\SpringMvcHelloWorld 1\SpringMvcHelloWorld 1\apache-tomcat-10.1.52\temp
24-Apr-2026 07:52:00.643 INFO [main] org.apache.catalina.core.AprLifecycleListener.lifecycleEvent Loaded Apache Tomcat Native library [2.0.12] using APR version [1.7.6].
24-Apr-2026 07:52:00.658 INFO [main] org.apache.catalina.core.AprLifecycleListener.initializeSSL OpenSSL successfully initialized [OpenSSL 3.5.4 30 Sep 2025]
24-Apr-2026 07:52:01.196 INFO [main] org.apache.coyote.AbstractProtocol.init Initializing ProtocolHandler ["http-nio-8080"]
24-Apr-2026 07:52:01.248 INFO [main] org.apache.catalina.startup.Catalina.load Server initialization in [1028] milliseconds
24-Apr-2026 07:52:01.336 INFO [main] org.apache.catalina.core.StandardService.startInternal Starting service [Catalina]
24-Apr-2026 07:52:01.337 INFO [main] org.apache.catalina.core.StandardEngine.startInternal Starting Servlet engine: [Apache Tomcat/10.1.52]
24-Apr-2026 07:52:01.392 INFO [main] org.apache.catalina.startup.HostConfig.deployWAR Deploying web application archive [C:\Users\HRITIKA SINGH\Documents\Web-Programming-PRG240\SpringMvcHelloWorld 1\SpringMvcHelloWorld 1\apache-tomcat-10.1.52\webapps\SpringMvcHelloWorld.war]
24-Apr-2026 07:52:06.969 INFO [main] org.apache.jasper.servlet.TldScanner.scanJars At least one JAR was scanned for TLDs yet contained no TLDs. Enable debug logging for this logger for a complete list of JARs that were scanned but no TLDs were found in them. Skipping unneeded JARs during scanning can improve startup time and JSP compilation time.
24-Apr-2026 07:52:15.301 INFO [main] org.apache.catalina.startup.HostConfig.deployWAR Deployment of web application archive [C:\Users\HRITIKA SINGH\Documents\Web-Programming-PRG240\SpringMvcHelloWorld 1\SpringMvcHelloWorld 1\apache-tomcat-10.1.52\webapps\SpringMvcHelloWorld.war] has finished in [13,909] ms
24-Apr-2026 07:52:15.310 INFO [main] org.apache.catalina.startup.HostConfig.deployDirectory Deploying web application directory [C:\Users\HRITIKA SINGH\Documents\Web-Programming-PRG240\SpringMvcHelloWorld 1\SpringMvcHelloWorld 1\apache-tomcat-10.1.52\webapps\docs]
24-Apr-2026 07:52:15.389 INFO [main] org.apache.catalina.startup.HostConfig.deployDirectory Deployment of web application directory [C:\Users\HRITIKA SINGH\Documents\Web-Programming-PRG240\SpringMvcHelloWorld 1\SpringMvcHelloWorld 1\apache-tomcat-10.1.52\webapps\docs] has finished in [79] ms
24-Apr-2026 07:52:15.396 INFO [main] org.apache.catalina.startup.HostConfig.deployDirectory Deploying web application directory [C:\Users\HRITIKA SINGH\Documents\Web-Programming-PRG240\SpringMvcHelloWorld 1\SpringMvcHelloWorld 1\apache-tomcat-10.1.52\webapps\examples]
24-Apr-2026 07:52:16.372 INFO [main] org.apache.catalina.startup.HostConfig.deployDirectory Deployment of web application directory [C:\Users\HRITIKA SINGH\Documents\Web-Programming-PRG240\SpringMvcHelloWorld 1\SpringMvcHelloWorld 1\apache-tomcat-10.1.52\webapps\examples] has finished in [976] ms
24-Apr-2026 07:52:16.372 INFO [main] org.apache.catalina.startup.HostConfig.deployDirectory Deploying web application directory [C:\Users\HRITIKA SINGH\Documents\Web-Programming-PRG240\SpringMvcHelloWorld 1\SpringMvcHelloWorld 1\apache-tomcat-10.1.52\webapps\host-manager]
24-Apr-2026 07:52:16.483 INFO [main] org.apache.catalina.startup.HostConfig.deployDirectory Deployment of web application directory [C:\Users\HRITIKA SINGH\Documents\Web-Programming-PRG240\SpringMvcHelloWorld 1\SpringMvcHelloWorld 1\apache-tomcat-10.1.52\webapps\host-manager] has finished in [111] ms
24-Apr-2026 07:52:16.483 INFO [main] org.apache.catalina.startup.HostConfig.deployDirectory Deploying web application directory [C:\Users\HRITIKA SINGH\Documents\Web-Programming-PRG240\SpringMvcHelloWorld 1\SpringMvcHelloWorld 1\apache-tomcat-10.1.52\webapps\manager]
24-Apr-2026 07:52:16.573 INFO [main] org.apache.catalina.startup.HostConfig.deployDirectory Deployment of web application directory [C:\Users\HRITIKA SINGH\Documents\Web-Programming-PRG240\SpringMvcHelloWorld 1\SpringMvcHelloWorld 1\apache-tomcat-10.1.52\webapps\manager] has finished in [90] ms
24-Apr-2026 07:52:16.573 INFO [main] org.apache.catalina.startup.HostConfig.deployDirectory Deploying web application directory [C:\Users\HRITIKA SINGH\Documents\Web-Programming-PRG240\SpringMvcHelloWorld 1\SpringMvcHelloWorld 1\apache-tomcat-10.1.52\webapps\ROOT]
24-Apr-2026 07:52:16.637 INFO [main] org.apache.catalina.startup.HostConfig.deployDirectory Deployment of web application directory [C:\Users\HRITIKA SINGH\Documents\Web-Programming-PRG240\SpringMvcHelloWorld 1\SpringMvcHelloWorld 1\apache-tomcat-10.1.52\webapps\ROOT] has finished in [64] ms
24-Apr-2026 07:52:16.647 INFO [main] org.apache.coyote.AbstractProtocol.start Starting ProtocolHandler ["http-nio-8080"]
24-Apr-2026 07:52:16.693 INFO [main] org.apache.catalina.startup.Catalina.start Server startup in [15442] milliseconds
24-Apr-2026 07:54:23.558 INFO [main] org.apache.catalina.startup.VersionLoggerListener.log Server version name:   Apache Tomcat/10.1.52
24-Apr-2026 07:54:23.565 INFO [main] org.apache.catalina.startup.VersionLoggerListener.log Server built:          Jan 23 2026 19:29:07 UTC
24-Apr-2026 07:54:23.566 INFO [main] org.apache.catalina.startup.VersionLoggerListener.log Server version number: 10.1.52.0
24-Apr-2026 07:54:23.566 INFO [main] org.apache.catalina.startup.VersionLoggerListener.log OS Name:               Windows 11
24-Apr-2026 07:54:23.567 INFO [main] org.apache.catalina.startup.VersionLoggerListener.log OS Version:            10.0
24-Apr-2026 07:54:23.567 INFO [main] org.apache.catalina.startup.VersionLoggerListener.log Architecture:          amd64
24-Apr-2026 07:54:23.568 INFO [main] org.apache.catalina.startup.VersionLoggerListener.log Java Home:             C:\Program Files\Java\jdk-24
24-Apr-2026 07:54:23.569 INFO [main] org.apache.catalina.startup.VersionLoggerListener.log JVM Version:           24.0.1+9-30
24-Apr-2026 07:54:23.570 INFO [main] org.apache.catalina.startup.VersionLoggerListener.log JVM Vendor:            Oracle Corporation
24-Apr-2026 07:54:23.571 INFO [main] org.apache.catalina.startup.VersionLoggerListener.log CATALINA_BASE:         C:\Users\HRITIKA SINGH\Documents\Web-Programming-PRG240\SpringMvcHelloWorld 1\SpringMvcHelloWorld 1\apache-tomcat-10.1.52
24-Apr-2026 07:54:23.573 INFO [main] org.apache.catalina.startup.VersionLoggerListener.log CATALINA_HOME:         C:\Users\HRITIKA SINGH\Documents\Web-Programming-PRG240\SpringMvcHelloWorld 1\SpringMvcHelloWorld 1\apache-tomcat-10.1.52
24-Apr-2026 07:54:23.593 INFO [main] org.apache.catalina.startup.VersionLoggerListener.log Command line argument: -Djava.util.logging.config.file=C:\Users\HRITIKA SINGH\Documents\Web-Programming-PRG240\SpringMvcHelloWorld 1\SpringMvcHelloWorld 1\apache-tomcat-10.1.52\conf\logging.properties
24-Apr-2026 07:54:23.594 INFO [main] org.apache.catalina.startup.VersionLoggerListener.log Command line argument: -Djava.util.logging.manager=org.apache.juli.ClassLoaderLogManager
24-Apr-2026 07:54:23.594 INFO [main] org.apache.catalina.startup.VersionLoggerListener.log Command line argument: -Djdk.tls.ephemeralDHKeySize=2048
24-Apr-2026 07:54:23.595 INFO [main] org.apache.catalina.startup.VersionLoggerListener.log Command line argument: -Djava.protocol.handler.pkgs=org.apache.catalina.webresources
24-Apr-2026 07:54:23.595 INFO [main] org.apache.catalina.startup.VersionLoggerListener.log Command line argument: -Dsun.io.useCanonCaches=false
24-Apr-2026 07:54:23.595 INFO [main] org.apache.catalina.startup.VersionLoggerListener.log Command line argument: --add-opens=java.base/java.lang=ALL-UNNAMED
24-Apr-2026 07:54:23.595 INFO [main] org.apache.catalina.startup.VersionLoggerListener.log Command line argument: --add-opens=java.base/java.lang.reflect=ALL-UNNAMED
24-Apr-2026 07:54:23.596 INFO [main] org.apache.catalina.startup.VersionLoggerListener.log Command line argument: --add-opens=java.base/java.io=ALL-UNNAMED
24-Apr-2026 07:54:23.596 INFO [main] org.apache.catalina.startup.VersionLoggerListener.log Command line argument: --add-opens=java.base/java.util=ALL-UNNAMED
24-Apr-2026 07:54:23.597 INFO [main] org.apache.catalina.startup.VersionLoggerListener.log Command line argument: --add-opens=java.base/java.util.concurrent=ALL-UNNAMED
24-Apr-2026 07:54:23.597 INFO [main] org.apache.catalina.startup.VersionLoggerListener.log Command line argument: --add-opens=java.rmi/sun.rmi.transport=ALL-UNNAMED
24-Apr-2026 07:54:23.597 INFO [main] org.apache.catalina.startup.VersionLoggerListener.log Command line argument: -Dcatalina.base=C:\Users\HRITIKA SINGH\Documents\Web-Programming-PRG240\SpringMvcHelloWorld 1\SpringMvcHelloWorld 1\apache-tomcat-10.1.52
24-Apr-2026 07:54:23.598 INFO [main] org.apache.catalina.startup.VersionLoggerListener.log Command line argument: -Dcatalina.home=C:\Users\HRITIKA SINGH\Documents\Web-Programming-PRG240\SpringMvcHelloWorld 1\SpringMvcHelloWorld 1\apache-tomcat-10.1.52
24-Apr-2026 07:54:23.598 INFO [main] org.apache.catalina.startup.VersionLoggerListener.log Command line argument: -Djava.io.tmpdir=C:\Users\HRITIKA SINGH\Documents\Web-Programming-PRG240\SpringMvcHelloWorld 1\SpringMvcHelloWorld 1\apache-tomcat-10.1.52\temp
24-Apr-2026 07:54:23.605 INFO [main] org.apache.catalina.core.AprLifecycleListener.lifecycleEvent Loaded Apache Tomcat Native library [2.0.12] using APR version [1.7.6].
24-Apr-2026 07:54:23.620 INFO [main] org.apache.catalina.core.AprLifecycleListener.initializeSSL OpenSSL successfully initialized [OpenSSL 3.5.4 30 Sep 2025]
24-Apr-2026 07:54:24.091 INFO [main] org.apache.coyote.AbstractProtocol.init Initializing ProtocolHandler ["http-nio-8080"]
24-Apr-2026 07:54:24.136 INFO [main] org.apache.catalina.startup.Catalina.load Server initialization in [977] milliseconds
24-Apr-2026 07:54:24.236 INFO [main] org.apache.catalina.core.StandardService.startInternal Starting service [Catalina]
24-Apr-2026 07:54:24.237 INFO [main] org.apache.catalina.core.StandardEngine.startInternal Starting Servlet engine: [Apache Tomcat/10.1.52]
24-Apr-2026 07:54:24.296 INFO [main] org.apache.catalina.startup.HostConfig.deployWAR Deploying web application archive [C:\Users\HRITIKA SINGH\Documents\Web-Programming-PRG240\SpringMvcHelloWorld 1\SpringMvcHelloWorld 1\apache-tomcat-10.1.52\webapps\SpringMvcHelloWorld.war]
24-Apr-2026 07:54:24.343 INFO [main] org.apache.catalina.startup.ExpandWar.expand An expanded directory [C:\Users\HRITIKA SINGH\Documents\Web-Programming-PRG240\SpringMvcHelloWorld 1\SpringMvcHelloWorld 1\apache-tomcat-10.1.52\webapps\SpringMvcHelloWorld] was found with a last modified time that did not match the associated WAR. It will be deleted.
24-Apr-2026 07:54:30.636 INFO [main] org.apache.jasper.servlet.TldScanner.scanJars At least one JAR was scanned for TLDs yet contained no TLDs. Enable debug logging for this logger for a complete list of JARs that were scanned but no TLDs were found in them. Skipping unneeded JARs during scanning can improve startup time and JSP compilation time.
24-Apr-2026 07:54:38.858 INFO [main] org.apache.catalina.startup.HostConfig.deployWAR Deployment of web application archive [C:\Users\HRITIKA SINGH\Documents\Web-Programming-PRG240\SpringMvcHelloWorld 1\SpringMvcHelloWorld 1\apache-tomcat-10.1.52\webapps\SpringMvcHelloWorld.war] has finished in [14,560] ms
24-Apr-2026 07:54:38.862 INFO [main] org.apache.catalina.startup.HostConfig.deployDirectory Deploying web application directory [C:\Users\HRITIKA SINGH\Documents\Web-Programming-PRG240\SpringMvcHelloWorld 1\SpringMvcHelloWorld 1\apache-tomcat-10.1.52\webapps\docs]
24-Apr-2026 07:54:38.943 INFO [main] org.apache.catalina.startup.HostConfig.deployDirectory Deployment of web application directory [C:\Users\HRITIKA SINGH\Documents\Web-Programming-PRG240\SpringMvcHelloWorld 1\SpringMvcHelloWorld 1\apache-tomcat-10.1.52\webapps\docs] has finished in [81] ms
24-Apr-2026 07:54:38.945 INFO [main] org.apache.catalina.startup.HostConfig.deployDirectory Deploying web application directory [C:\Users\HRITIKA SINGH\Documents\Web-Programming-PRG240\SpringMvcHelloWorld 1\SpringMvcHelloWorld 1\apache-tomcat-10.1.52\webapps\examples]
24-Apr-2026 07:54:39.834 INFO [main] org.apache.catalina.startup.HostConfig.deployDirectory Deployment of web application directory [C:\Users\HRITIKA SINGH\Documents\Web-Programming-PRG240\SpringMvcHelloWorld 1\SpringMvcHelloWorld 1\apache-tomcat-10.1.52\webapps\examples] has finished in [891] ms
24-Apr-2026 07:54:39.834 INFO [main] org.apache.catalina.startup.HostConfig.deployDirectory Deploying web application directory [C:\Users\HRITIKA SINGH\Documents\Web-Programming-PRG240\SpringMvcHelloWorld 1\SpringMvcHelloWorld 1\apache-tomcat-10.1.52\webapps\host-manager]
24-Apr-2026 07:54:39.931 INFO [main] org.apache.catalina.startup.HostConfig.deployDirectory Deployment of web application directory [C:\Users\HRITIKA SINGH\Documents\Web-Programming-PRG240\SpringMvcHelloWorld 1\SpringMvcHelloWorld 1\apache-tomcat-10.1.52\webapps\host-manager] has finished in [97] ms
24-Apr-2026 07:54:39.933 INFO [main] org.apache.catalina.startup.HostConfig.deployDirectory Deploying web application directory [C:\Users\HRITIKA SINGH\Documents\Web-Programming-PRG240\SpringMvcHelloWorld 1\SpringMvcHelloWorld 1\apache-tomcat-10.1.52\webapps\manager]
24-Apr-2026 07:54:40.000 INFO [main] org.apache.catalina.startup.HostConfig.deployDirectory Deployment of web application directory [C:\Users\HRITIKA SINGH\Documents\Web-Programming-PRG240\SpringMvcHelloWorld 1\SpringMvcHelloWorld 1\apache-tomcat-10.1.52\webapps\manager] has finished in [67] ms
24-Apr-2026 07:54:40.000 INFO [main] org.apache.catalina.startup.HostConfig.deployDirectory Deploying web application directory [C:\Users\HRITIKA SINGH\Documents\Web-Programming-PRG240\SpringMvcHelloWorld 1\SpringMvcHelloWorld 1\apache-tomcat-10.1.52\webapps\ROOT]
24-Apr-2026 07:54:40.068 INFO [main] org.apache.catalina.startup.HostConfig.deployDirectory Deployment of web application directory [C:\Users\HRITIKA SINGH\Documents\Web-Programming-PRG240\SpringMvcHelloWorld 1\SpringMvcHelloWorld 1\apache-tomcat-10.1.52\webapps\ROOT] has finished in [68] ms
24-Apr-2026 07:54:40.077 INFO [main] org.apache.coyote.AbstractProtocol.start Starting ProtocolHandler ["http-nio-8080"]
24-Apr-2026 07:54:40.116 INFO [main] org.apache.catalina.startup.Catalina.start Server startup in [15976] milliseconds
24-Apr-2026 08:03:29.562 INFO [main] org.apache.catalina.startup.VersionLoggerListener.log Server version name:   Apache Tomcat/10.1.52
24-Apr-2026 08:03:29.568 INFO [main] org.apache.catalina.startup.VersionLoggerListener.log Server built:          Jan 23 2026 19:29:07 UTC
24-Apr-2026 08:03:29.569 INFO [main] org.apache.catalina.startup.VersionLoggerListener.log Server version number: 10.1.52.0
24-Apr-2026 08:03:29.569 INFO [main] org.apache.catalina.startup.VersionLoggerListener.log OS Name:               Windows 11
24-Apr-2026 08:03:29.570 INFO [main] org.apache.catalina.startup.VersionLoggerListener.log OS Version:            10.0
24-Apr-2026 08:03:29.570 INFO [main] org.apache.catalina.startup.VersionLoggerListener.log Architecture:          amd64
24-Apr-2026 08:03:29.571 INFO [main] org.apache.catalina.startup.VersionLoggerListener.log Java Home:             C:\Program Files\Java\jdk-24
24-Apr-2026 08:03:29.572 INFO [main] org.apache.catalina.startup.VersionLoggerListener.log JVM Version:           24.0.1+9-30
24-Apr-2026 08:03:29.572 INFO [main] org.apache.catalina.startup.VersionLoggerListener.log JVM Vendor:            Oracle Corporation
24-Apr-2026 08:03:29.573 INFO [main] org.apache.catalina.startup.VersionLoggerListener.log CATALINA_BASE:         C:\Users\HRITIKA SINGH\Documents\Web-Programming-PRG240\SpringMvcHelloWorld 1\SpringMvcHelloWorld 1\apache-tomcat-10.1.52
24-Apr-2026 08:03:29.574 INFO [main] org.apache.catalina.startup.VersionLoggerListener.log CATALINA_HOME:         C:\Users\HRITIKA SINGH\Documents\Web-Programming-PRG240\SpringMvcHelloWorld 1\SpringMvcHelloWorld 1\apache-tomcat-10.1.52
24-Apr-2026 08:03:29.595 INFO [main] org.apache.catalina.startup.VersionLoggerListener.log Command line argument: -Djava.util.logging.config.file=C:\Users\HRITIKA SINGH\Documents\Web-Programming-PRG240\SpringMvcHelloWorld 1\SpringMvcHelloWorld 1\apache-tomcat-10.1.52\conf\logging.properties
24-Apr-2026 08:03:29.596 INFO [main] org.apache.catalina.startup.VersionLoggerListener.log Command line argument: -Djava.util.logging.manager=org.apache.juli.ClassLoaderLogManager
24-Apr-2026 08:03:29.596 INFO [main] org.apache.catalina.startup.VersionLoggerListener.log Command line argument: -Djdk.tls.ephemeralDHKeySize=2048
24-Apr-2026 08:03:29.597 INFO [main] org.apache.catalina.startup.VersionLoggerListener.log Command line argument: -Djava.protocol.handler.pkgs=org.apache.catalina.webresources
24-Apr-2026 08:03:29.597 INFO [main] org.apache.catalina.startup.VersionLoggerListener.log Command line argument: -Dsun.io.useCanonCaches=false
24-Apr-2026 08:03:29.598 INFO [main] org.apache.catalina.startup.VersionLoggerListener.log Command line argument: --add-opens=java.base/java.lang=ALL-UNNAMED
24-Apr-2026 08:03:29.598 INFO [main] org.apache.catalina.startup.VersionLoggerListener.log Command line argument: --add-opens=java.base/java.lang.reflect=ALL-UNNAMED
24-Apr-2026 08:03:29.598 INFO [main] org.apache.catalina.startup.VersionLoggerListener.log Command line argument: --add-opens=java.base/java.io=ALL-UNNAMED
24-Apr-2026 08:03:29.599 INFO [main] org.apache.catalina.startup.VersionLoggerListener.log Command line argument: --add-opens=java.base/java.util=ALL-UNNAMED
24-Apr-2026 08:03:29.599 INFO [main] org.apache.catalina.startup.VersionLoggerListener.log Command line argument: --add-opens=java.base/java.util.concurrent=ALL-UNNAMED
24-Apr-2026 08:03:29.599 INFO [main] org.apache.catalina.startup.VersionLoggerListener.log Command line argument: --add-opens=java.rmi/sun.rmi.transport=ALL-UNNAMED
24-Apr-2026 08:03:29.600 INFO [main] org.apache.catalina.startup.VersionLoggerListener.log Command line argument: -Dcatalina.base=C:\Users\HRITIKA SINGH\Documents\Web-Programming-PRG240\SpringMvcHelloWorld 1\SpringMvcHelloWorld 1\apache-tomcat-10.1.52
24-Apr-2026 08:03:29.600 INFO [main] org.apache.catalina.startup.VersionLoggerListener.log Command line argument: -Dcatalina.home=C:\Users\HRITIKA SINGH\Documents\Web-Programming-PRG240\SpringMvcHelloWorld 1\SpringMvcHelloWorld 1\apache-tomcat-10.1.52
24-Apr-2026 08:03:29.601 INFO [main] org.apache.catalina.startup.VersionLoggerListener.log Command line argument: -Djava.io.tmpdir=C:\Users\HRITIKA SINGH\Documents\Web-Programming-PRG240\SpringMvcHelloWorld 1\SpringMvcHelloWorld 1\apache-tomcat-10.1.52\temp
24-Apr-2026 08:03:29.608 INFO [main] org.apache.catalina.core.AprLifecycleListener.lifecycleEvent Loaded Apache Tomcat Native library [2.0.12] using APR version [1.7.6].
24-Apr-2026 08:03:29.620 INFO [main] org.apache.catalina.core.AprLifecycleListener.initializeSSL OpenSSL successfully initialized [OpenSSL 3.5.4 30 Sep 2025]
24-Apr-2026 08:03:30.100 INFO [main] org.apache.coyote.AbstractProtocol.init Initializing ProtocolHandler ["http-nio-8080"]
24-Apr-2026 08:03:30.152 INFO [main] org.apache.catalina.startup.Catalina.load Server initialization in [952] milliseconds
24-Apr-2026 08:03:30.259 INFO [main] org.apache.catalina.core.StandardService.startInternal Starting service [Catalina]
24-Apr-2026 08:03:30.259 INFO [main] org.apache.catalina.core.StandardEngine.startInternal Starting Servlet engine: [Apache Tomcat/10.1.52]
24-Apr-2026 08:03:30.318 INFO [main] org.apache.catalina.startup.HostConfig.deployWAR Deploying web application archive [C:\Users\HRITIKA SINGH\Documents\Web-Programming-PRG240\SpringMvcHelloWorld 1\SpringMvcHelloWorld 1\apache-tomcat-10.1.52\webapps\SpringMvcHelloWorld.war]
24-Apr-2026 08:03:30.357 INFO [main] org.apache.catalina.startup.ExpandWar.expand An expanded directory [C:\Users\HRITIKA SINGH\Documents\Web-Programming-PRG240\SpringMvcHelloWorld 1\SpringMvcHelloWorld 1\apache-tomcat-10.1.52\webapps\SpringMvcHelloWorld] was found with a last modified time that did not match the associated WAR. It will be deleted.
24-Apr-2026 08:03:37.006 INFO [main] org.apache.jasper.servlet.TldScanner.scanJars At least one JAR was scanned for TLDs yet contained no TLDs. Enable debug logging for this logger for a complete list of JARs that were scanned but no TLDs were found in them. Skipping unneeded JARs during scanning can improve startup time and JSP compilation time.
24-Apr-2026 08:03:46.315 INFO [main] org.apache.catalina.startup.HostConfig.deployWAR Deployment of web application archive [C:\Users\HRITIKA SINGH\Documents\Web-Programming-PRG240\SpringMvcHelloWorld 1\SpringMvcHelloWorld 1\apache-tomcat-10.1.52\webapps\SpringMvcHelloWorld.war] has finished in [15,990] ms
24-Apr-2026 08:03:46.318 INFO [main] org.apache.catalina.startup.HostConfig.deployDirectory Deploying web application directory [C:\Users\HRITIKA SINGH\Documents\Web-Programming-PRG240\SpringMvcHelloWorld 1\SpringMvcHelloWorld 1\apache-tomcat-10.1.52\webapps\docs]
24-Apr-2026 08:03:46.400 INFO [main] org.apache.catalina.startup.HostConfig.deployDirectory Deployment of web application directory [C:\Users\HRITIKA SINGH\Documents\Web-Programming-PRG240\SpringMvcHelloWorld 1\SpringMvcHelloWorld 1\apache-tomcat-10.1.52\webapps\docs] has finished in [82] ms
24-Apr-2026 08:03:46.400 INFO [main] org.apache.catalina.startup.HostConfig.deployDirectory Deploying web application directory [C:\Users\HRITIKA SINGH\Documents\Web-Programming-PRG240\SpringMvcHelloWorld 1\SpringMvcHelloWorld 1\apache-tomcat-10.1.52\webapps\examples]
24-Apr-2026 08:03:47.446 INFO [main] org.apache.catalina.startup.HostConfig.deployDirectory Deployment of web application directory [C:\Users\HRITIKA SINGH\Documents\Web-Programming-PRG240\SpringMvcHelloWorld 1\SpringMvcHelloWorld 1\apache-tomcat-10.1.52\webapps\examples] has finished in [1,046] ms
24-Apr-2026 08:03:47.446 INFO [main] org.apache.catalina.startup.HostConfig.deployDirectory Deploying web application directory [C:\Users\HRITIKA SINGH\Documents\Web-Programming-PRG240\SpringMvcHelloWorld 1\SpringMvcHelloWorld 1\apache-tomcat-10.1.52\webapps\host-manager]
24-Apr-2026 08:03:47.558 INFO [main] org.apache.catalina.startup.HostConfig.deployDirectory Deployment of web application directory [C:\Users\HRITIKA SINGH\Documents\Web-Programming-PRG240\SpringMvcHelloWorld 1\SpringMvcHelloWorld 1\apache-tomcat-10.1.52\webapps\host-manager] has finished in [112] ms
24-Apr-2026 08:03:47.558 INFO [main] org.apache.catalina.startup.HostConfig.deployDirectory Deploying web application directory [C:\Users\HRITIKA SINGH\Documents\Web-Programming-PRG240\SpringMvcHelloWorld 1\SpringMvcHelloWorld 1\apache-tomcat-10.1.52\webapps\manager]
24-Apr-2026 08:03:47.632 INFO [main] org.apache.catalina.startup.HostConfig.deployDirectory Deployment of web application directory [C:\Users\HRITIKA SINGH\Documents\Web-Programming-PRG240\SpringMvcHelloWorld 1\SpringMvcHelloWorld 1\apache-tomcat-10.1.52\webapps\manager] has finished in [74] ms
24-Apr-2026 08:03:47.640 INFO [main] org.apache.catalina.startup.HostConfig.deployDirectory Deploying web application directory [C:\Users\HRITIKA SINGH\Documents\Web-Programming-PRG240\SpringMvcHelloWorld 1\SpringMvcHelloWorld 1\apache-tomcat-10.1.52\webapps\ROOT]
24-Apr-2026 08:03:47.694 INFO [main] org.apache.catalina.startup.HostConfig.deployDirectory Deployment of web application directory [C:\Users\HRITIKA SINGH\Documents\Web-Programming-PRG240\SpringMvcHelloWorld 1\SpringMvcHelloWorld 1\apache-tomcat-10.1.52\webapps\ROOT] has finished in [54] ms
24-Apr-2026 08:03:47.700 INFO [main] org.apache.coyote.AbstractProtocol.start Starting ProtocolHandler ["http-nio-8080"]
24-Apr-2026 08:03:47.749 INFO [main] org.apache.catalina.startup.Catalina.start Server startup in [17592] milliseconds
24-Apr-2026 08:10:48.347 INFO [Catalina-utility-2] org.apache.catalina.startup.HostConfig.undeploy Undeploying context [/SpringMvcHelloWorld]
24-Apr-2026 08:10:48.411 WARNING [Catalina-utility-2] org.apache.catalina.loader.WebappClassLoaderBase.clearReferencesJdbc The web application [SpringMvcHelloWorld] registered the JDBC driver [org.h2.Driver] but failed to unregister it when the web application was stopped. To prevent a memory leak, the JDBC Driver has been forcibly unregistered.
24-Apr-2026 08:10:48.527 INFO [Catalina-utility-2] org.apache.catalina.startup.HostConfig.deployWAR Deploying web application archive [C:\Users\HRITIKA SINGH\Documents\Web-Programming-PRG240\SpringMvcHelloWorld 1\SpringMvcHelloWorld 1\apache-tomcat-10.1.52\webapps\SpringMvcHelloWorld.war]
24-Apr-2026 08:11:00.156 INFO [main] org.apache.catalina.startup.VersionLoggerListener.log Server version name:   Apache Tomcat/10.1.52
24-Apr-2026 08:11:00.161 INFO [main] org.apache.catalina.startup.VersionLoggerListener.log Server built:          Jan 23 2026 19:29:07 UTC
24-Apr-2026 08:11:00.162 INFO [main] org.apache.catalina.startup.VersionLoggerListener.log Server version number: 10.1.52.0
24-Apr-2026 08:11:00.162 INFO [main] org.apache.catalina.startup.VersionLoggerListener.log OS Name:               Windows 11
24-Apr-2026 08:11:00.163 INFO [main] org.apache.catalina.startup.VersionLoggerListener.log OS Version:            10.0
24-Apr-2026 08:11:00.163 INFO [main] org.apache.catalina.startup.VersionLoggerListener.log Architecture:          amd64
24-Apr-2026 08:11:00.163 INFO [main] org.apache.catalina.startup.VersionLoggerListener.log Java Home:             C:\Program Files\Java\jdk-24
24-Apr-2026 08:11:00.164 INFO [main] org.apache.catalina.startup.VersionLoggerListener.log JVM Version:           24.0.1+9-30
24-Apr-2026 08:11:00.164 INFO [main] org.apache.catalina.startup.VersionLoggerListener.log JVM Vendor:            Oracle Corporation
24-Apr-2026 08:11:00.165 INFO [main] org.apache.catalina.startup.VersionLoggerListener.log CATALINA_BASE:         C:\Users\HRITIKA SINGH\Documents\Web-Programming-PRG240\SpringMvcHelloWorld 1\SpringMvcHelloWorld 1\apache-tomcat-10.1.52
24-Apr-2026 08:11:00.165 INFO [main] org.apache.catalina.startup.VersionLoggerListener.log CATALINA_HOME:         C:\Users\HRITIKA SINGH\Documents\Web-Programming-PRG240\SpringMvcHelloWorld 1\SpringMvcHelloWorld 1\apache-tomcat-10.1.52
24-Apr-2026 08:11:00.183 INFO [main] org.apache.catalina.startup.VersionLoggerListener.log Command line argument: -Djava.util.logging.config.file=C:\Users\HRITIKA SINGH\Documents\Web-Programming-PRG240\SpringMvcHelloWorld 1\SpringMvcHelloWorld 1\apache-tomcat-10.1.52\conf\logging.properties
24-Apr-2026 08:11:00.183 INFO [main] org.apache.catalina.startup.VersionLoggerListener.log Command line argument: -Djava.util.logging.manager=org.apache.juli.ClassLoaderLogManager
24-Apr-2026 08:11:00.184 INFO [main] org.apache.catalina.startup.VersionLoggerListener.log Command line argument: -Djdk.tls.ephemeralDHKeySize=2048
24-Apr-2026 08:11:00.184 INFO [main] org.apache.catalina.startup.VersionLoggerListener.log Command line argument: -Djava.protocol.handler.pkgs=org.apache.catalina.webresources
24-Apr-2026 08:11:00.184 INFO [main] org.apache.catalina.startup.VersionLoggerListener.log Command line argument: -Dsun.io.useCanonCaches=false
24-Apr-2026 08:11:00.185 INFO [main] org.apache.catalina.startup.VersionLoggerListener.log Command line argument: --add-opens=java.base/java.lang=ALL-UNNAMED
24-Apr-2026 08:11:00.185 INFO [main] org.apache.catalina.startup.VersionLoggerListener.log Command line argument: --add-opens=java.base/java.lang.reflect=ALL-UNNAMED
24-Apr-2026 08:11:00.185 INFO [main] org.apache.catalina.startup.VersionLoggerListener.log Command line argument: --add-opens=java.base/java.io=ALL-UNNAMED
24-Apr-2026 08:11:00.186 INFO [main] org.apache.catalina.startup.VersionLoggerListener.log Command line argument: --add-opens=java.base/java.util=ALL-UNNAMED
24-Apr-2026 08:11:00.186 INFO [main] org.apache.catalina.startup.VersionLoggerListener.log Command line argument: --add-opens=java.base/java.util.concurrent=ALL-UNNAMED
24-Apr-2026 08:11:00.187 INFO [main] org.apache.catalina.startup.VersionLoggerListener.log Command line argument: --add-opens=java.rmi/sun.rmi.transport=ALL-UNNAMED
24-Apr-2026 08:11:00.187 INFO [main] org.apache.catalina.startup.VersionLoggerListener.log Command line argument: -Dcatalina.base=C:\Users\HRITIKA SINGH\Documents\Web-Programming-PRG240\SpringMvcHelloWorld 1\SpringMvcHelloWorld 1\apache-tomcat-10.1.52
24-Apr-2026 08:11:00.187 INFO [main] org.apache.catalina.startup.VersionLoggerListener.log Command line argument: -Dcatalina.home=C:\Users\HRITIKA SINGH\Documents\Web-Programming-PRG240\SpringMvcHelloWorld 1\SpringMvcHelloWorld 1\apache-tomcat-10.1.52
24-Apr-2026 08:11:00.188 INFO [main] org.apache.catalina.startup.VersionLoggerListener.log Command line argument: -Djava.io.tmpdir=C:\Users\HRITIKA SINGH\Documents\Web-Programming-PRG240\SpringMvcHelloWorld 1\SpringMvcHelloWorld 1\apache-tomcat-10.1.52\temp
24-Apr-2026 08:11:00.195 INFO [main] org.apache.catalina.core.AprLifecycleListener.lifecycleEvent Loaded Apache Tomcat Native library [2.0.12] using APR version [1.7.6].
24-Apr-2026 08:11:00.208 INFO [main] org.apache.catalina.core.AprLifecycleListener.initializeSSL OpenSSL successfully initialized [OpenSSL 3.5.4 30 Sep 2025]
24-Apr-2026 08:11:00.670 INFO [main] org.apache.coyote.AbstractProtocol.init Initializing ProtocolHandler ["http-nio-8080"]
24-Apr-2026 08:11:00.726 INFO [main] org.apache.catalina.startup.Catalina.load Server initialization in [907] milliseconds
24-Apr-2026 08:11:00.821 INFO [main] org.apache.catalina.core.StandardService.startInternal Starting service [Catalina]
24-Apr-2026 08:11:00.822 INFO [main] org.apache.catalina.core.StandardEngine.startInternal Starting Servlet engine: [Apache Tomcat/10.1.52]
24-Apr-2026 08:11:00.869 INFO [main] org.apache.catalina.startup.HostConfig.deployWAR Deploying web application archive [C:\Users\HRITIKA SINGH\Documents\Web-Programming-PRG240\SpringMvcHelloWorld 1\SpringMvcHelloWorld 1\apache-tomcat-10.1.52\webapps\SpringMvcHelloWorld.war]
24-Apr-2026 08:11:05.763 INFO [main] org.apache.jasper.servlet.TldScanner.scanJars At least one JAR was scanned for TLDs yet contained no TLDs. Enable debug logging for this logger for a complete list of JARs that were scanned but no TLDs were found in them. Skipping unneeded JARs during scanning can improve startup time and JSP compilation time.
24-Apr-2026 08:11:13.735 INFO [main] org.apache.catalina.startup.HostConfig.deployWAR Deployment of web application archive [C:\Users\HRITIKA SINGH\Documents\Web-Programming-PRG240\SpringMvcHelloWorld 1\SpringMvcHelloWorld 1\apache-tomcat-10.1.52\webapps\SpringMvcHelloWorld.war] has finished in [12,864] ms
24-Apr-2026 08:11:13.737 INFO [main] org.apache.catalina.startup.HostConfig.deployDirectory Deploying web application directory [C:\Users\HRITIKA SINGH\Documents\Web-Programming-PRG240\SpringMvcHelloWorld 1\SpringMvcHelloWorld 1\apache-tomcat-10.1.52\webapps\docs]
24-Apr-2026 08:11:13.829 INFO [main] org.apache.catalina.startup.HostConfig.deployDirectory Deployment of web application directory [C:\Users\HRITIKA SINGH\Documents\Web-Programming-PRG240\SpringMvcHelloWorld 1\SpringMvcHelloWorld 1\apache-tomcat-10.1.52\webapps\docs] has finished in [92] ms
24-Apr-2026 08:11:13.832 INFO [main] org.apache.catalina.startup.HostConfig.deployDirectory Deploying web application directory [C:\Users\HRITIKA SINGH\Documents\Web-Programming-PRG240\SpringMvcHelloWorld 1\SpringMvcHelloWorld 1\apache-tomcat-10.1.52\webapps\examples]
24-Apr-2026 08:11:14.868 INFO [main] org.apache.catalina.startup.HostConfig.deployDirectory Deployment of web application directory [C:\Users\HRITIKA SINGH\Documents\Web-Programming-PRG240\SpringMvcHelloWorld 1\SpringMvcHelloWorld 1\apache-tomcat-10.1.52\webapps\examples] has finished in [1,036] ms
24-Apr-2026 08:11:14.868 INFO [main] org.apache.catalina.startup.HostConfig.deployDirectory Deploying web application directory [C:\Users\HRITIKA SINGH\Documents\Web-Programming-PRG240\SpringMvcHelloWorld 1\SpringMvcHelloWorld 1\apache-tomcat-10.1.52\webapps\host-manager]
24-Apr-2026 08:11:14.975 INFO [main] org.apache.catalina.startup.HostConfig.deployDirectory Deployment of web application directory [C:\Users\HRITIKA SINGH\Documents\Web-Programming-PRG240\SpringMvcHelloWorld 1\SpringMvcHelloWorld 1\apache-tomcat-10.1.52\webapps\host-manager] has finished in [105] ms
24-Apr-2026 08:11:14.975 INFO [main] org.apache.catalina.startup.HostConfig.deployDirectory Deploying web application directory [C:\Users\HRITIKA SINGH\Documents\Web-Programming-PRG240\SpringMvcHelloWorld 1\SpringMvcHelloWorld 1\apache-tomcat-10.1.52\webapps\manager]
24-Apr-2026 08:11:15.069 INFO [main] org.apache.catalina.startup.HostConfig.deployDirectory Deployment of web application directory [C:\Users\HRITIKA SINGH\Documents\Web-Programming-PRG240\SpringMvcHelloWorld 1\SpringMvcHelloWorld 1\apache-tomcat-10.1.52\webapps\manager] has finished in [94] ms
24-Apr-2026 08:11:15.069 INFO [main] org.apache.catalina.startup.HostConfig.deployDirectory Deploying web application directory [C:\Users\HRITIKA SINGH\Documents\Web-Programming-PRG240\SpringMvcHelloWorld 1\SpringMvcHelloWorld 1\apache-tomcat-10.1.52\webapps\ROOT]
24-Apr-2026 08:11:15.145 INFO [main] org.apache.catalina.startup.HostConfig.deployDirectory Deployment of web application directory [C:\Users\HRITIKA SINGH\Documents\Web-Programming-PRG240\SpringMvcHelloWorld 1\SpringMvcHelloWorld 1\apache-tomcat-10.1.52\webapps\ROOT] has finished in [76] ms
24-Apr-2026 08:11:15.158 INFO [main] org.apache.coyote.AbstractProtocol.start Starting ProtocolHandler ["http-nio-8080"]
24-Apr-2026 08:11:15.193 INFO [main] org.apache.catalina.startup.Catalina.start Server startup in [14467] milliseconds
24-Apr-2026 08:15:57.671 INFO [main] org.apache.catalina.startup.VersionLoggerListener.log Server version name:   Apache Tomcat/10.1.52
24-Apr-2026 08:15:57.676 INFO [main] org.apache.catalina.startup.VersionLoggerListener.log Server built:          Jan 23 2026 19:29:07 UTC
24-Apr-2026 08:15:57.677 INFO [main] org.apache.catalina.startup.VersionLoggerListener.log Server version number: 10.1.52.0
24-Apr-2026 08:15:57.678 INFO [main] org.apache.catalina.startup.VersionLoggerListener.log OS Name:               Windows 11
24-Apr-2026 08:15:57.678 INFO [main] org.apache.catalina.startup.VersionLoggerListener.log OS Version:            10.0
24-Apr-2026 08:15:57.679 INFO [main] org.apache.catalina.startup.VersionLoggerListener.log Architecture:          amd64
24-Apr-2026 08:15:57.680 INFO [main] org.apache.catalina.startup.VersionLoggerListener.log Java Home:             C:\Program Files\Java\jdk-24
24-Apr-2026 08:15:57.680 INFO [main] org.apache.catalina.startup.VersionLoggerListener.log JVM Version:           24.0.1+9-30
24-Apr-2026 08:15:57.681 INFO [main] org.apache.catalina.startup.VersionLoggerListener.log JVM Vendor:            Oracle Corporation
24-Apr-2026 08:15:57.682 INFO [main] org.apache.catalina.startup.VersionLoggerListener.log CATALINA_BASE:         C:\Users\HRITIKA SINGH\Documents\Web-Programming-PRG240\SpringMvcHelloWorld 1\SpringMvcHelloWorld 1\apache-tomcat-10.1.52
24-Apr-2026 08:15:57.682 INFO [main] org.apache.catalina.startup.VersionLoggerListener.log CATALINA_HOME:         C:\Users\HRITIKA SINGH\Documents\Web-Programming-PRG240\SpringMvcHelloWorld 1\SpringMvcHelloWorld 1\apache-tomcat-10.1.52
24-Apr-2026 08:15:57.697 INFO [main] org.apache.catalina.startup.VersionLoggerListener.log Command line argument: -Djava.util.logging.config.file=C:\Users\HRITIKA SINGH\Documents\Web-Programming-PRG240\SpringMvcHelloWorld 1\SpringMvcHelloWorld 1\apache-tomcat-10.1.52\conf\logging.properties
24-Apr-2026 08:15:57.698 INFO [main] org.apache.catalina.startup.VersionLoggerListener.log Command line argument: -Djava.util.logging.manager=org.apache.juli.ClassLoaderLogManager
24-Apr-2026 08:15:57.698 INFO [main] org.apache.catalina.startup.VersionLoggerListener.log Command line argument: -Djdk.tls.ephemeralDHKeySize=2048
24-Apr-2026 08:15:57.698 INFO [main] org.apache.catalina.startup.VersionLoggerListener.log Command line argument: -Djava.protocol.handler.pkgs=org.apache.catalina.webresources
24-Apr-2026 08:15:57.699 INFO [main] org.apache.catalina.startup.VersionLoggerListener.log Command line argument: -Dsun.io.useCanonCaches=false
24-Apr-2026 08:15:57.699 INFO [main] org.apache.catalina.startup.VersionLoggerListener.log Command line argument: --add-opens=java.base/java.lang=ALL-UNNAMED
24-Apr-2026 08:15:57.699 INFO [main] org.apache.catalina.startup.VersionLoggerListener.log Command line argument: --add-opens=java.base/java.lang.reflect=ALL-UNNAMED
24-Apr-2026 08:15:57.700 INFO [main] org.apache.catalina.startup.VersionLoggerListener.log Command line argument: --add-opens=java.base/java.io=ALL-UNNAMED
24-Apr-2026 08:15:57.700 INFO [main] org.apache.catalina.startup.VersionLoggerListener.log Command line argument: --add-opens=java.base/java.util=ALL-UNNAMED
24-Apr-2026 08:15:57.700 INFO [main] org.apache.catalina.startup.VersionLoggerListener.log Command line argument: --add-opens=java.base/java.util.concurrent=ALL-UNNAMED
24-Apr-2026 08:15:57.700 INFO [main] org.apache.catalina.startup.VersionLoggerListener.log Command line argument: --add-opens=java.rmi/sun.rmi.transport=ALL-UNNAMED
24-Apr-2026 08:15:57.701 INFO [main] org.apache.catalina.startup.VersionLoggerListener.log Command line argument: -Dcatalina.base=C:\Users\HRITIKA SINGH\Documents\Web-Programming-PRG240\SpringMvcHelloWorld 1\SpringMvcHelloWorld 1\apache-tomcat-10.1.52
24-Apr-2026 08:15:57.701 INFO [main] org.apache.catalina.startup.VersionLoggerListener.log Command line argument: -Dcatalina.home=C:\Users\HRITIKA SINGH\Documents\Web-Programming-PRG240\SpringMvcHelloWorld 1\SpringMvcHelloWorld 1\apache-tomcat-10.1.52
24-Apr-2026 08:15:57.701 INFO [main] org.apache.catalina.startup.VersionLoggerListener.log Command line argument: -Djava.io.tmpdir=C:\Users\HRITIKA SINGH\Documents\Web-Programming-PRG240\SpringMvcHelloWorld 1\SpringMvcHelloWorld 1\apache-tomcat-10.1.52\temp
24-Apr-2026 08:15:57.711 INFO [main] org.apache.catalina.core.AprLifecycleListener.lifecycleEvent Loaded Apache Tomcat Native library [2.0.12] using APR version [1.7.6].
24-Apr-2026 08:15:57.723 INFO [main] org.apache.catalina.core.AprLifecycleListener.initializeSSL OpenSSL successfully initialized [OpenSSL 3.5.4 30 Sep 2025]
24-Apr-2026 08:15:58.202 INFO [main] org.apache.coyote.AbstractProtocol.init Initializing ProtocolHandler ["http-nio-8080"]
24-Apr-2026 08:15:58.243 INFO [main] org.apache.catalina.startup.Catalina.load Server initialization in [923] milliseconds
24-Apr-2026 08:15:58.342 INFO [main] org.apache.catalina.core.StandardService.startInternal Starting service [Catalina]
24-Apr-2026 08:15:58.343 INFO [main] org.apache.catalina.core.StandardEngine.startInternal Starting Servlet engine: [Apache Tomcat/10.1.52]
24-Apr-2026 08:15:58.404 INFO [main] org.apache.catalina.startup.HostConfig.deployWAR Deploying web application archive [C:\Users\HRITIKA SINGH\Documents\Web-Programming-PRG240\SpringMvcHelloWorld 1\SpringMvcHelloWorld 1\apache-tomcat-10.1.52\webapps\SpringMvcHelloWorld.war]
24-Apr-2026 08:15:58.449 INFO [main] org.apache.catalina.startup.ExpandWar.expand An expanded directory [C:\Users\HRITIKA SINGH\Documents\Web-Programming-PRG240\SpringMvcHelloWorld 1\SpringMvcHelloWorld 1\apache-tomcat-10.1.52\webapps\SpringMvcHelloWorld] was found with a last modified time that did not match the associated WAR. It will be deleted.
24-Apr-2026 08:16:05.882 INFO [main] org.apache.jasper.servlet.TldScanner.scanJars At least one JAR was scanned for TLDs yet contained no TLDs. Enable debug logging for this logger for a complete list of JARs that were scanned but no TLDs were found in them. Skipping unneeded JARs during scanning can improve startup time and JSP compilation time.
24-Apr-2026 08:16:13.906 INFO [main] org.apache.catalina.startup.HostConfig.deployWAR Deployment of web application archive [C:\Users\HRITIKA SINGH\Documents\Web-Programming-PRG240\SpringMvcHelloWorld 1\SpringMvcHelloWorld 1\apache-tomcat-10.1.52\webapps\SpringMvcHelloWorld.war] has finished in [15,502] ms
24-Apr-2026 08:16:13.906 INFO [main] org.apache.catalina.startup.HostConfig.deployDirectory Deploying web application directory [C:\Users\HRITIKA SINGH\Documents\Web-Programming-PRG240\SpringMvcHelloWorld 1\SpringMvcHelloWorld 1\apache-tomcat-10.1.52\webapps\docs]
24-Apr-2026 08:16:14.007 INFO [main] org.apache.catalina.startup.HostConfig.deployDirectory Deployment of web application directory [C:\Users\HRITIKA SINGH\Documents\Web-Programming-PRG240\SpringMvcHelloWorld 1\SpringMvcHelloWorld 1\apache-tomcat-10.1.52\webapps\docs] has finished in [101] ms
24-Apr-2026 08:16:14.011 INFO [main] org.apache.catalina.startup.HostConfig.deployDirectory Deploying web application directory [C:\Users\HRITIKA SINGH\Documents\Web-Programming-PRG240\SpringMvcHelloWorld 1\SpringMvcHelloWorld 1\apache-tomcat-10.1.52\webapps\examples]
24-Apr-2026 08:16:15.298 INFO [main] org.apache.catalina.startup.HostConfig.deployDirectory Deployment of web application directory [C:\Users\HRITIKA SINGH\Documents\Web-Programming-PRG240\SpringMvcHelloWorld 1\SpringMvcHelloWorld 1\apache-tomcat-10.1.52\webapps\examples] has finished in [1,287] ms
24-Apr-2026 08:16:15.300 INFO [main] org.apache.catalina.startup.HostConfig.deployDirectory Deploying web application directory [C:\Users\HRITIKA SINGH\Documents\Web-Programming-PRG240\SpringMvcHelloWorld 1\SpringMvcHelloWorld 1\apache-tomcat-10.1.52\webapps\host-manager]
24-Apr-2026 08:16:15.430 INFO [main] org.apache.catalina.startup.HostConfig.deployDirectory Deployment of web application directory [C:\Users\HRITIKA SINGH\Documents\Web-Programming-PRG240\SpringMvcHelloWorld 1\SpringMvcHelloWorld 1\apache-tomcat-10.1.52\webapps\host-manager] has finished in [130] ms
24-Apr-2026 08:16:15.432 INFO [main] org.apache.catalina.startup.HostConfig.deployDirectory Deploying web application directory [C:\Users\HRITIKA SINGH\Documents\Web-Programming-PRG240\SpringMvcHelloWorld 1\SpringMvcHelloWorld 1\apache-tomcat-10.1.52\webapps\manager]
24-Apr-2026 08:16:15.572 INFO [main] org.apache.catalina.startup.HostConfig.deployDirectory Deployment of web application directory [C:\Users\HRITIKA SINGH\Documents\Web-Programming-PRG240\SpringMvcHelloWorld 1\SpringMvcHelloWorld 1\apache-tomcat-10.1.52\webapps\manager] has finished in [138] ms
24-Apr-2026 08:16:15.575 INFO [main] org.apache.catalina.startup.HostConfig.deployDirectory Deploying web application directory [C:\Users\HRITIKA SINGH\Documents\Web-Programming-PRG240\SpringMvcHelloWorld 1\SpringMvcHelloWorld 1\apache-tomcat-10.1.52\webapps\ROOT]
24-Apr-2026 08:16:15.642 INFO [main] org.apache.catalina.startup.HostConfig.deployDirectory Deployment of web application directory [C:\Users\HRITIKA SINGH\Documents\Web-Programming-PRG240\SpringMvcHelloWorld 1\SpringMvcHelloWorld 1\apache-tomcat-10.1.52\webapps\ROOT] has finished in [69] ms
24-Apr-2026 08:16:15.655 INFO [main] org.apache.coyote.AbstractProtocol.start Starting ProtocolHandler ["http-nio-8080"]
24-Apr-2026 08:16:15.718 INFO [main] org.apache.catalina.startup.Catalina.start Server startup in [17471] milliseconds
24-Apr-2026 08:20:40.237 INFO [main] org.apache.catalina.startup.VersionLoggerListener.log Server version name:   Apache Tomcat/10.1.52
24-Apr-2026 08:20:40.243 INFO [main] org.apache.catalina.startup.VersionLoggerListener.log Server built:          Jan 23 2026 19:29:07 UTC
24-Apr-2026 08:20:40.243 INFO [main] org.apache.catalina.startup.VersionLoggerListener.log Server version number: 10.1.52.0
24-Apr-2026 08:20:40.244 INFO [main] org.apache.catalina.startup.VersionLoggerListener.log OS Name:               Windows 11
24-Apr-2026 08:20:40.244 INFO [main] org.apache.catalina.startup.VersionLoggerListener.log OS Version:            10.0
24-Apr-2026 08:20:40.245 INFO [main] org.apache.catalina.startup.VersionLoggerListener.log Architecture:          amd64
24-Apr-2026 08:20:40.245 INFO [main] org.apache.catalina.startup.VersionLoggerListener.log Java Home:             C:\Program Files\Java\jdk-24
24-Apr-2026 08:20:40.246 INFO [main] org.apache.catalina.startup.VersionLoggerListener.log JVM Version:           24.0.1+9-30
24-Apr-2026 08:20:40.246 INFO [main] org.apache.catalina.startup.VersionLoggerListener.log JVM Vendor:            Oracle Corporation
24-Apr-2026 08:20:40.247 INFO [main] org.apache.catalina.startup.VersionLoggerListener.log CATALINA_BASE:         C:\Users\HRITIKA SINGH\Documents\Web-Programming-PRG240\SpringMvcHelloWorld 1\SpringMvcHelloWorld 1\apache-tomcat-10.1.52
24-Apr-2026 08:20:40.247 INFO [main] org.apache.catalina.startup.VersionLoggerListener.log CATALINA_HOME:         C:\Users\HRITIKA SINGH\Documents\Web-Programming-PRG240\SpringMvcHelloWorld 1\SpringMvcHelloWorld 1\apache-tomcat-10.1.52
24-Apr-2026 08:20:40.266 INFO [main] org.apache.catalina.startup.VersionLoggerListener.log Command line argument: -Djava.util.logging.config.file=C:\Users\HRITIKA SINGH\Documents\Web-Programming-PRG240\SpringMvcHelloWorld 1\SpringMvcHelloWorld 1\apache-tomcat-10.1.52\conf\logging.properties
24-Apr-2026 08:20:40.267 INFO [main] org.apache.catalina.startup.VersionLoggerListener.log Command line argument: -Djava.util.logging.manager=org.apache.juli.ClassLoaderLogManager
24-Apr-2026 08:20:40.267 INFO [main] org.apache.catalina.startup.VersionLoggerListener.log Command line argument: -Djdk.tls.ephemeralDHKeySize=2048
24-Apr-2026 08:20:40.268 INFO [main] org.apache.catalina.startup.VersionLoggerListener.log Command line argument: -Djava.protocol.handler.pkgs=org.apache.catalina.webresources
24-Apr-2026 08:20:40.268 INFO [main] org.apache.catalina.startup.VersionLoggerListener.log Command line argument: -Dsun.io.useCanonCaches=false
24-Apr-2026 08:20:40.268 INFO [main] org.apache.catalina.startup.VersionLoggerListener.log Command line argument: --add-opens=java.base/java.lang=ALL-UNNAMED
24-Apr-2026 08:20:40.269 INFO [main] org.apache.catalina.startup.VersionLoggerListener.log Command line argument: --add-opens=java.base/java.lang.reflect=ALL-UNNAMED
24-Apr-2026 08:20:40.269 INFO [main] org.apache.catalina.startup.VersionLoggerListener.log Command line argument: --add-opens=java.base/java.io=ALL-UNNAMED
24-Apr-2026 08:20:40.269 INFO [main] org.apache.catalina.startup.VersionLoggerListener.log Command line argument: --add-opens=java.base/java.util=ALL-UNNAMED
24-Apr-2026 08:20:40.270 INFO [main] org.apache.catalina.startup.VersionLoggerListener.log Command line argument: --add-opens=java.base/java.util.concurrent=ALL-UNNAMED
24-Apr-2026 08:20:40.270 INFO [main] org.apache.catalina.startup.VersionLoggerListener.log Command line argument: --add-opens=java.rmi/sun.rmi.transport=ALL-UNNAMED
24-Apr-2026 08:20:40.271 INFO [main] org.apache.catalina.startup.VersionLoggerListener.log Command line argument: -Dcatalina.base=C:\Users\HRITIKA SINGH\Documents\Web-Programming-PRG240\SpringMvcHelloWorld 1\SpringMvcHelloWorld 1\apache-tomcat-10.1.52
24-Apr-2026 08:20:40.271 INFO [main] org.apache.catalina.startup.VersionLoggerListener.log Command line argument: -Dcatalina.home=C:\Users\HRITIKA SINGH\Documents\Web-Programming-PRG240\SpringMvcHelloWorld 1\SpringMvcHelloWorld 1\apache-tomcat-10.1.52
24-Apr-2026 08:20:40.271 INFO [main] org.apache.catalina.startup.VersionLoggerListener.log Command line argument: -Djava.io.tmpdir=C:\Users\HRITIKA SINGH\Documents\Web-Programming-PRG240\SpringMvcHelloWorld 1\SpringMvcHelloWorld 1\apache-tomcat-10.1.52\temp
24-Apr-2026 08:20:40.278 INFO [main] org.apache.catalina.core.AprLifecycleListener.lifecycleEvent Loaded Apache Tomcat Native library [2.0.12] using APR version [1.7.6].
24-Apr-2026 08:20:40.290 INFO [main] org.apache.catalina.core.AprLifecycleListener.initializeSSL OpenSSL successfully initialized [OpenSSL 3.5.4 30 Sep 2025]
24-Apr-2026 08:20:40.798 INFO [main] org.apache.coyote.AbstractProtocol.init Initializing ProtocolHandler ["http-nio-8080"]
24-Apr-2026 08:20:40.876 INFO [main] org.apache.catalina.startup.Catalina.load Server initialization in [1035] milliseconds
24-Apr-2026 08:20:40.997 INFO [main] org.apache.catalina.core.StandardService.startInternal Starting service [Catalina]
24-Apr-2026 08:20:40.997 INFO [main] org.apache.catalina.core.StandardEngine.startInternal Starting Servlet engine: [Apache Tomcat/10.1.52]
24-Apr-2026 08:20:41.062 INFO [main] org.apache.catalina.startup.HostConfig.deployWAR Deploying web application archive [C:\Users\HRITIKA SINGH\Documents\Web-Programming-PRG240\SpringMvcHelloWorld 1\SpringMvcHelloWorld 1\apache-tomcat-10.1.52\webapps\SpringMvcHelloWorld.war]
24-Apr-2026 08:20:41.110 INFO [main] org.apache.catalina.startup.ExpandWar.expand An expanded directory [C:\Users\HRITIKA SINGH\Documents\Web-Programming-PRG240\SpringMvcHelloWorld 1\SpringMvcHelloWorld 1\apache-tomcat-10.1.52\webapps\SpringMvcHelloWorld] was found with a last modified time that did not match the associated WAR. It will be deleted.
24-Apr-2026 08:20:48.200 INFO [main] org.apache.jasper.servlet.TldScanner.scanJars At least one JAR was scanned for TLDs yet contained no TLDs. Enable debug logging for this logger for a complete list of JARs that were scanned but no TLDs were found in them. Skipping unneeded JARs during scanning can improve startup time and JSP compilation time.
24-Apr-2026 08:20:56.008 INFO [main] org.apache.catalina.startup.HostConfig.deployWAR Deployment of web application archive [C:\Users\HRITIKA SINGH\Documents\Web-Programming-PRG240\SpringMvcHelloWorld 1\SpringMvcHelloWorld 1\apache-tomcat-10.1.52\webapps\SpringMvcHelloWorld.war] has finished in [14,946] ms
24-Apr-2026 08:20:56.017 INFO [main] org.apache.catalina.startup.HostConfig.deployDirectory Deploying web application directory [C:\Users\HRITIKA SINGH\Documents\Web-Programming-PRG240\SpringMvcHelloWorld 1\SpringMvcHelloWorld 1\apache-tomcat-10.1.52\webapps\docs]
24-Apr-2026 08:20:56.110 INFO [main] org.apache.catalina.startup.HostConfig.deployDirectory Deployment of web application directory [C:\Users\HRITIKA SINGH\Documents\Web-Programming-PRG240\SpringMvcHelloWorld 1\SpringMvcHelloWorld 1\apache-tomcat-10.1.52\webapps\docs] has finished in [91] ms
24-Apr-2026 08:20:56.110 INFO [main] org.apache.catalina.startup.HostConfig.deployDirectory Deploying web application directory [C:\Users\HRITIKA SINGH\Documents\Web-Programming-PRG240\SpringMvcHelloWorld 1\SpringMvcHelloWorld 1\apache-tomcat-10.1.52\webapps\examples]
24-Apr-2026 08:20:57.028 INFO [main] org.apache.catalina.startup.HostConfig.deployDirectory Deployment of web application directory [C:\Users\HRITIKA SINGH\Documents\Web-Programming-PRG240\SpringMvcHelloWorld 1\SpringMvcHelloWorld 1\apache-tomcat-10.1.52\webapps\examples] has finished in [918] ms
24-Apr-2026 08:20:57.028 INFO [main] org.apache.catalina.startup.HostConfig.deployDirectory Deploying web application directory [C:\Users\HRITIKA SINGH\Documents\Web-Programming-PRG240\SpringMvcHelloWorld 1\SpringMvcHelloWorld 1\apache-tomcat-10.1.52\webapps\host-manager]
24-Apr-2026 08:20:57.125 INFO [main] org.apache.catalina.startup.HostConfig.deployDirectory Deployment of web application directory [C:\Users\HRITIKA SINGH\Documents\Web-Programming-PRG240\SpringMvcHelloWorld 1\SpringMvcHelloWorld 1\apache-tomcat-10.1.52\webapps\host-manager] has finished in [97] ms
24-Apr-2026 08:20:57.125 INFO [main] org.apache.catalina.startup.HostConfig.deployDirectory Deploying web application directory [C:\Users\HRITIKA SINGH\Documents\Web-Programming-PRG240\SpringMvcHelloWorld 1\SpringMvcHelloWorld 1\apache-tomcat-10.1.52\webapps\manager]
24-Apr-2026 08:20:57.213 INFO [main] org.apache.catalina.startup.HostConfig.deployDirectory Deployment of web application directory [C:\Users\HRITIKA SINGH\Documents\Web-Programming-PRG240\SpringMvcHelloWorld 1\SpringMvcHelloWorld 1\apache-tomcat-10.1.52\webapps\manager] has finished in [88] ms
24-Apr-2026 08:20:57.213 INFO [main] org.apache.catalina.startup.HostConfig.deployDirectory Deploying web application directory [C:\Users\HRITIKA SINGH\Documents\Web-Programming-PRG240\SpringMvcHelloWorld 1\SpringMvcHelloWorld 1\apache-tomcat-10.1.52\webapps\ROOT]
24-Apr-2026 08:20:57.280 INFO [main] org.apache.catalina.startup.HostConfig.deployDirectory Deployment of web application directory [C:\Users\HRITIKA SINGH\Documents\Web-Programming-PRG240\SpringMvcHelloWorld 1\SpringMvcHelloWorld 1\apache-tomcat-10.1.52\webapps\ROOT] has finished in [67] ms
24-Apr-2026 08:20:57.289 INFO [main] org.apache.coyote.AbstractProtocol.start Starting ProtocolHandler ["http-nio-8080"]
24-Apr-2026 08:20:57.336 INFO [main] org.apache.catalina.startup.Catalina.start Server startup in [16451] milliseconds
