18-Mar-2026 07:58:23.731 INFO [main] org.apache.catalina.startup.VersionLoggerListener.log Server version name:   Apache Tomcat/10.1.52
18-Mar-2026 07:58:23.738 INFO [main] org.apache.catalina.startup.VersionLoggerListener.log Server built:          Jan 23 2026 19:29:07 UTC
18-Mar-2026 07:58:23.738 INFO [main] org.apache.catalina.startup.VersionLoggerListener.log Server version number: 10.1.52.0
18-Mar-2026 07:58:23.739 INFO [main] org.apache.catalina.startup.VersionLoggerListener.log OS Name:               Windows 11
18-Mar-2026 07:58:23.739 INFO [main] org.apache.catalina.startup.VersionLoggerListener.log OS Version:            10.0
18-Mar-2026 07:58:23.739 INFO [main] org.apache.catalina.startup.VersionLoggerListener.log Architecture:          amd64
18-Mar-2026 07:58:23.740 INFO [main] org.apache.catalina.startup.VersionLoggerListener.log Java Home:             C:\Program Files\Java\jdk-24
18-Mar-2026 07:58:23.740 INFO [main] org.apache.catalina.startup.VersionLoggerListener.log JVM Version:           24.0.1+9-30
18-Mar-2026 07:58:23.740 INFO [main] org.apache.catalina.startup.VersionLoggerListener.log JVM Vendor:            Oracle Corporation
18-Mar-2026 07:58:23.741 INFO [main] org.apache.catalina.startup.VersionLoggerListener.log CATALINA_BASE:         C:\Users\HRITIKA SINGH\Documents\Web-Programming-PRG240\SpringMvcHelloWorld 1\SpringMvcHelloWorld 1\apache-tomcat-10.1.52
18-Mar-2026 07:58:23.741 INFO [main] org.apache.catalina.startup.VersionLoggerListener.log CATALINA_HOME:         C:\Users\HRITIKA SINGH\Documents\Web-Programming-PRG240\SpringMvcHelloWorld 1\SpringMvcHelloWorld 1\apache-tomcat-10.1.52
18-Mar-2026 07:58:23.796 INFO [main] org.apache.catalina.startup.VersionLoggerListener.log Command line argument: -Djava.util.logging.config.file=C:\Users\HRITIKA SINGH\Documents\Web-Programming-PRG240\SpringMvcHelloWorld 1\SpringMvcHelloWorld 1\apache-tomcat-10.1.52\conf\logging.properties
18-Mar-2026 07:58:23.797 INFO [main] org.apache.catalina.startup.VersionLoggerListener.log Command line argument: -Djava.util.logging.manager=org.apache.juli.ClassLoaderLogManager
18-Mar-2026 07:58:23.798 INFO [main] org.apache.catalina.startup.VersionLoggerListener.log Command line argument: -Djdk.tls.ephemeralDHKeySize=2048
18-Mar-2026 07:58:23.798 INFO [main] org.apache.catalina.startup.VersionLoggerListener.log Command line argument: -Djava.protocol.handler.pkgs=org.apache.catalina.webresources
18-Mar-2026 07:58:23.798 INFO [main] org.apache.catalina.startup.VersionLoggerListener.log Command line argument: -Dsun.io.useCanonCaches=false
18-Mar-2026 07:58:23.799 INFO [main] org.apache.catalina.startup.VersionLoggerListener.log Command line argument: --add-opens=java.base/java.lang=ALL-UNNAMED
18-Mar-2026 07:58:23.799 INFO [main] org.apache.catalina.startup.VersionLoggerListener.log Command line argument: --add-opens=java.base/java.lang.reflect=ALL-UNNAMED
18-Mar-2026 07:58:23.799 INFO [main] org.apache.catalina.startup.VersionLoggerListener.log Command line argument: --add-opens=java.base/java.io=ALL-UNNAMED
18-Mar-2026 07:58:23.799 INFO [main] org.apache.catalina.startup.VersionLoggerListener.log Command line argument: --add-opens=java.base/java.util=ALL-UNNAMED
18-Mar-2026 07:58:23.800 INFO [main] org.apache.catalina.startup.VersionLoggerListener.log Command line argument: --add-opens=java.base/java.util.concurrent=ALL-UNNAMED
18-Mar-2026 07:58:23.800 INFO [main] org.apache.catalina.startup.VersionLoggerListener.log Command line argument: --add-opens=java.rmi/sun.rmi.transport=ALL-UNNAMED
18-Mar-2026 07:58:23.800 INFO [main] org.apache.catalina.startup.VersionLoggerListener.log Command line argument: -Dcatalina.base=C:\Users\HRITIKA SINGH\Documents\Web-Programming-PRG240\SpringMvcHelloWorld 1\SpringMvcHelloWorld 1\apache-tomcat-10.1.52
18-Mar-2026 07:58:23.801 INFO [main] org.apache.catalina.startup.VersionLoggerListener.log Command line argument: -Dcatalina.home=C:\Users\HRITIKA SINGH\Documents\Web-Programming-PRG240\SpringMvcHelloWorld 1\SpringMvcHelloWorld 1\apache-tomcat-10.1.52
18-Mar-2026 07:58:23.801 INFO [main] org.apache.catalina.startup.VersionLoggerListener.log Command line argument: -Djava.io.tmpdir=C:\Users\HRITIKA SINGH\Documents\Web-Programming-PRG240\SpringMvcHelloWorld 1\SpringMvcHelloWorld 1\apache-tomcat-10.1.52\temp
18-Mar-2026 07:58:23.817 INFO [main] org.apache.catalina.core.AprLifecycleListener.lifecycleEvent Loaded Apache Tomcat Native library [2.0.12] using APR version [1.7.6].
18-Mar-2026 07:58:23.880 INFO [main] org.apache.catalina.core.AprLifecycleListener.initializeSSL OpenSSL successfully initialized [OpenSSL 3.5.4 30 Sep 2025]
18-Mar-2026 07:58:24.329 INFO [main] org.apache.coyote.AbstractProtocol.init Initializing ProtocolHandler ["http-nio-8080"]
18-Mar-2026 07:58:24.376 INFO [main] org.apache.catalina.startup.Catalina.load Server initialization in [1382] milliseconds
18-Mar-2026 07:58:24.497 INFO [main] org.apache.catalina.core.StandardService.startInternal Starting service [Catalina]
18-Mar-2026 07:58:24.497 INFO [main] org.apache.catalina.core.StandardEngine.startInternal Starting Servlet engine: [Apache Tomcat/10.1.52]
18-Mar-2026 07:58:24.545 INFO [main] org.apache.catalina.startup.HostConfig.deployWAR Deploying web application archive [C:\Users\HRITIKA SINGH\Documents\Web-Programming-PRG240\SpringMvcHelloWorld 1\SpringMvcHelloWorld 1\apache-tomcat-10.1.52\webapps\SpringMvcHelloWorld.war]
18-Mar-2026 07:58:27.504 INFO [main] org.apache.jasper.servlet.TldScanner.scanJars At least one JAR was scanned for TLDs yet contained no TLDs. Enable debug logging for this logger for a complete list of JARs that were scanned but no TLDs were found in them. Skipping unneeded JARs during scanning can improve startup time and JSP compilation time.
18-Mar-2026 07:58:27.990 INFO [main] org.springframework.web.servlet.FrameworkServlet.initServletBean Initializing Servlet 'dispatcher'
18-Mar-2026 07:58:29.887 INFO [main] org.springframework.web.servlet.FrameworkServlet.initServletBean Completed initialization in 1896 ms
18-Mar-2026 07:58:29.912 INFO [main] org.apache.catalina.startup.HostConfig.deployWAR Deployment of web application archive [C:\Users\HRITIKA SINGH\Documents\Web-Programming-PRG240\SpringMvcHelloWorld 1\SpringMvcHelloWorld 1\apache-tomcat-10.1.52\webapps\SpringMvcHelloWorld.war] has finished in [5,364] ms
18-Mar-2026 07:58:29.914 INFO [main] org.apache.catalina.startup.HostConfig.deployDirectory Deploying web application directory [C:\Users\HRITIKA SINGH\Documents\Web-Programming-PRG240\SpringMvcHelloWorld 1\SpringMvcHelloWorld 1\apache-tomcat-10.1.52\webapps\docs]
18-Mar-2026 07:58:29.991 INFO [main] org.apache.catalina.startup.HostConfig.deployDirectory Deployment of web application directory [C:\Users\HRITIKA SINGH\Documents\Web-Programming-PRG240\SpringMvcHelloWorld 1\SpringMvcHelloWorld 1\apache-tomcat-10.1.52\webapps\docs] has finished in [77] ms
18-Mar-2026 07:58:29.992 INFO [main] org.apache.catalina.startup.HostConfig.deployDirectory Deploying web application directory [C:\Users\HRITIKA SINGH\Documents\Web-Programming-PRG240\SpringMvcHelloWorld 1\SpringMvcHelloWorld 1\apache-tomcat-10.1.52\webapps\examples]
18-Mar-2026 07:58:30.985 INFO [main] org.apache.catalina.startup.HostConfig.deployDirectory Deployment of web application directory [C:\Users\HRITIKA SINGH\Documents\Web-Programming-PRG240\SpringMvcHelloWorld 1\SpringMvcHelloWorld 1\apache-tomcat-10.1.52\webapps\examples] has finished in [993] ms
18-Mar-2026 07:58:30.991 INFO [main] org.apache.catalina.startup.HostConfig.deployDirectory Deploying web application directory [C:\Users\HRITIKA SINGH\Documents\Web-Programming-PRG240\SpringMvcHelloWorld 1\SpringMvcHelloWorld 1\apache-tomcat-10.1.52\webapps\host-manager]
18-Mar-2026 07:58:31.067 INFO [main] org.apache.catalina.startup.HostConfig.deployDirectory Deployment of web application directory [C:\Users\HRITIKA SINGH\Documents\Web-Programming-PRG240\SpringMvcHelloWorld 1\SpringMvcHelloWorld 1\apache-tomcat-10.1.52\webapps\host-manager] has finished in [76] ms
18-Mar-2026 07:58:31.067 INFO [main] org.apache.catalina.startup.HostConfig.deployDirectory Deploying web application directory [C:\Users\HRITIKA SINGH\Documents\Web-Programming-PRG240\SpringMvcHelloWorld 1\SpringMvcHelloWorld 1\apache-tomcat-10.1.52\webapps\manager]
18-Mar-2026 07:58:31.150 INFO [main] org.apache.catalina.startup.HostConfig.deployDirectory Deployment of web application directory [C:\Users\HRITIKA SINGH\Documents\Web-Programming-PRG240\SpringMvcHelloWorld 1\SpringMvcHelloWorld 1\apache-tomcat-10.1.52\webapps\manager] has finished in [83] ms
18-Mar-2026 07:58:31.152 INFO [main] org.apache.catalina.startup.HostConfig.deployDirectory Deploying web application directory [C:\Users\HRITIKA SINGH\Documents\Web-Programming-PRG240\SpringMvcHelloWorld 1\SpringMvcHelloWorld 1\apache-tomcat-10.1.52\webapps\ROOT]
18-Mar-2026 07:58:31.216 INFO [main] org.apache.catalina.startup.HostConfig.deployDirectory Deployment of web application directory [C:\Users\HRITIKA SINGH\Documents\Web-Programming-PRG240\SpringMvcHelloWorld 1\SpringMvcHelloWorld 1\apache-tomcat-10.1.52\webapps\ROOT] has finished in [64] ms
18-Mar-2026 07:58:31.227 INFO [main] org.apache.coyote.AbstractProtocol.start Starting ProtocolHandler ["http-nio-8080"]
18-Mar-2026 07:58:31.280 INFO [main] org.apache.catalina.startup.Catalina.start Server startup in [6901] milliseconds
18-Mar-2026 07:58:51.682 WARNING [http-nio-8080-exec-4] org.springframework.web.servlet.DispatcherServlet.noHandlerFound No mapping for GET /SpringMvcHelloWorld/hello
18-Mar-2026 07:58:51.715 WARNING [http-nio-8080-exec-4] org.springframework.web.servlet.mvc.support.DefaultHandlerExceptionResolver.handleNoHandlerFoundException No endpoint GET /SpringMvcHelloWorld/hello.
18-Mar-2026 07:59:39.377 WARNING [http-nio-8080-exec-2] org.springframework.web.servlet.DispatcherServlet.noHandlerFound No mapping for GET /SpringMvcHelloWorld/hello
18-Mar-2026 07:59:39.379 WARNING [http-nio-8080-exec-2] org.springframework.web.servlet.mvc.support.DefaultHandlerExceptionResolver.handleNoHandlerFoundException No endpoint GET /SpringMvcHelloWorld/hello.
18-Mar-2026 07:59:40.398 WARNING [http-nio-8080-exec-8] org.springframework.web.servlet.DispatcherServlet.noHandlerFound No mapping for GET /SpringMvcHelloWorld/hello
18-Mar-2026 07:59:40.400 WARNING [http-nio-8080-exec-8] org.springframework.web.servlet.mvc.support.DefaultHandlerExceptionResolver.handleNoHandlerFoundException No endpoint GET /SpringMvcHelloWorld/hello.
18-Mar-2026 07:59:40.615 WARNING [http-nio-8080-exec-7] org.springframework.web.servlet.DispatcherServlet.noHandlerFound No mapping for GET /SpringMvcHelloWorld/hello
18-Mar-2026 07:59:40.619 WARNING [http-nio-8080-exec-7] org.springframework.web.servlet.mvc.support.DefaultHandlerExceptionResolver.handleNoHandlerFoundException No endpoint GET /SpringMvcHelloWorld/hello.
18-Mar-2026 07:59:40.802 WARNING [http-nio-8080-exec-6] org.springframework.web.servlet.DispatcherServlet.noHandlerFound No mapping for GET /SpringMvcHelloWorld/hello
18-Mar-2026 07:59:40.803 WARNING [http-nio-8080-exec-6] org.springframework.web.servlet.mvc.support.DefaultHandlerExceptionResolver.handleNoHandlerFoundException No endpoint GET /SpringMvcHelloWorld/hello.
18-Mar-2026 07:59:41.001 WARNING [http-nio-8080-exec-9] org.springframework.web.servlet.DispatcherServlet.noHandlerFound No mapping for GET /SpringMvcHelloWorld/hello
18-Mar-2026 07:59:41.005 WARNING [http-nio-8080-exec-9] org.springframework.web.servlet.mvc.support.DefaultHandlerExceptionResolver.handleNoHandlerFoundException No endpoint GET /SpringMvcHelloWorld/hello.
18-Mar-2026 08:13:38.713 INFO [main] org.apache.catalina.startup.VersionLoggerListener.log Server version name:   Apache Tomcat/10.1.52
18-Mar-2026 08:13:38.717 INFO [main] org.apache.catalina.startup.VersionLoggerListener.log Server built:          Jan 23 2026 19:29:07 UTC
18-Mar-2026 08:13:38.718 INFO [main] org.apache.catalina.startup.VersionLoggerListener.log Server version number: 10.1.52.0
18-Mar-2026 08:13:38.718 INFO [main] org.apache.catalina.startup.VersionLoggerListener.log OS Name:               Windows 11
18-Mar-2026 08:13:38.718 INFO [main] org.apache.catalina.startup.VersionLoggerListener.log OS Version:            10.0
18-Mar-2026 08:13:38.718 INFO [main] org.apache.catalina.startup.VersionLoggerListener.log Architecture:          amd64
18-Mar-2026 08:13:38.719 INFO [main] org.apache.catalina.startup.VersionLoggerListener.log Java Home:             C:\Program Files\Java\jdk-24
18-Mar-2026 08:13:38.719 INFO [main] org.apache.catalina.startup.VersionLoggerListener.log JVM Version:           24.0.1+9-30
18-Mar-2026 08:13:38.720 INFO [main] org.apache.catalina.startup.VersionLoggerListener.log JVM Vendor:            Oracle Corporation
18-Mar-2026 08:13:38.720 INFO [main] org.apache.catalina.startup.VersionLoggerListener.log CATALINA_BASE:         C:\Users\HRITIKA SINGH\Documents\Web-Programming-PRG240\SpringMvcHelloWorld 1\SpringMvcHelloWorld 1\apache-tomcat-10.1.52
18-Mar-2026 08:13:38.720 INFO [main] org.apache.catalina.startup.VersionLoggerListener.log CATALINA_HOME:         C:\Users\HRITIKA SINGH\Documents\Web-Programming-PRG240\SpringMvcHelloWorld 1\SpringMvcHelloWorld 1\apache-tomcat-10.1.52
18-Mar-2026 08:13:38.775 INFO [main] org.apache.catalina.startup.VersionLoggerListener.log Command line argument: -Djava.util.logging.config.file=C:\Users\HRITIKA SINGH\Documents\Web-Programming-PRG240\SpringMvcHelloWorld 1\SpringMvcHelloWorld 1\apache-tomcat-10.1.52\conf\logging.properties
18-Mar-2026 08:13:38.776 INFO [main] org.apache.catalina.startup.VersionLoggerListener.log Command line argument: -Djava.util.logging.manager=org.apache.juli.ClassLoaderLogManager
18-Mar-2026 08:13:38.776 INFO [main] org.apache.catalina.startup.VersionLoggerListener.log Command line argument: -Djdk.tls.ephemeralDHKeySize=2048
18-Mar-2026 08:13:38.776 INFO [main] org.apache.catalina.startup.VersionLoggerListener.log Command line argument: -Djava.protocol.handler.pkgs=org.apache.catalina.webresources
18-Mar-2026 08:13:38.777 INFO [main] org.apache.catalina.startup.VersionLoggerListener.log Command line argument: -Dsun.io.useCanonCaches=false
18-Mar-2026 08:13:38.777 INFO [main] org.apache.catalina.startup.VersionLoggerListener.log Command line argument: --add-opens=java.base/java.lang=ALL-UNNAMED
18-Mar-2026 08:13:38.777 INFO [main] org.apache.catalina.startup.VersionLoggerListener.log Command line argument: --add-opens=java.base/java.lang.reflect=ALL-UNNAMED
18-Mar-2026 08:13:38.777 INFO [main] org.apache.catalina.startup.VersionLoggerListener.log Command line argument: --add-opens=java.base/java.io=ALL-UNNAMED
18-Mar-2026 08:13:38.777 INFO [main] org.apache.catalina.startup.VersionLoggerListener.log Command line argument: --add-opens=java.base/java.util=ALL-UNNAMED
18-Mar-2026 08:13:38.777 INFO [main] org.apache.catalina.startup.VersionLoggerListener.log Command line argument: --add-opens=java.base/java.util.concurrent=ALL-UNNAMED
18-Mar-2026 08:13:38.777 INFO [main] org.apache.catalina.startup.VersionLoggerListener.log Command line argument: --add-opens=java.rmi/sun.rmi.transport=ALL-UNNAMED
18-Mar-2026 08:13:38.779 INFO [main] org.apache.catalina.startup.VersionLoggerListener.log Command line argument: -Dcatalina.base=C:\Users\HRITIKA SINGH\Documents\Web-Programming-PRG240\SpringMvcHelloWorld 1\SpringMvcHelloWorld 1\apache-tomcat-10.1.52
18-Mar-2026 08:13:38.779 INFO [main] org.apache.catalina.startup.VersionLoggerListener.log Command line argument: -Dcatalina.home=C:\Users\HRITIKA SINGH\Documents\Web-Programming-PRG240\SpringMvcHelloWorld 1\SpringMvcHelloWorld 1\apache-tomcat-10.1.52
18-Mar-2026 08:13:38.779 INFO [main] org.apache.catalina.startup.VersionLoggerListener.log Command line argument: -Djava.io.tmpdir=C:\Users\HRITIKA SINGH\Documents\Web-Programming-PRG240\SpringMvcHelloWorld 1\SpringMvcHelloWorld 1\apache-tomcat-10.1.52\temp
18-Mar-2026 08:13:38.815 INFO [main] org.apache.catalina.core.AprLifecycleListener.lifecycleEvent Loaded Apache Tomcat Native library [2.0.12] using APR version [1.7.6].
18-Mar-2026 08:13:38.840 INFO [main] org.apache.catalina.core.AprLifecycleListener.initializeSSL OpenSSL successfully initialized [OpenSSL 3.5.4 30 Sep 2025]
18-Mar-2026 08:13:39.248 INFO [main] org.apache.coyote.AbstractProtocol.init Initializing ProtocolHandler ["http-nio-8080"]
18-Mar-2026 08:13:39.290 INFO [main] org.apache.catalina.startup.Catalina.load Server initialization in [1011] milliseconds
18-Mar-2026 08:13:39.403 INFO [main] org.apache.catalina.core.StandardService.startInternal Starting service [Catalina]
18-Mar-2026 08:13:39.404 INFO [main] org.apache.catalina.core.StandardEngine.startInternal Starting Servlet engine: [Apache Tomcat/10.1.52]
18-Mar-2026 08:13:39.454 INFO [main] org.apache.catalina.startup.HostConfig.deployWAR Deploying web application archive [C:\Users\HRITIKA SINGH\Documents\Web-Programming-PRG240\SpringMvcHelloWorld 1\SpringMvcHelloWorld 1\apache-tomcat-10.1.52\webapps\SpringMvcHelloWorld.war]
18-Mar-2026 08:13:39.492 INFO [main] org.apache.catalina.startup.ExpandWar.expand An expanded directory [C:\Users\HRITIKA SINGH\Documents\Web-Programming-PRG240\SpringMvcHelloWorld 1\SpringMvcHelloWorld 1\apache-tomcat-10.1.52\webapps\SpringMvcHelloWorld] was found with a last modified time that did not match the associated WAR. It will be deleted.
18-Mar-2026 08:13:42.330 INFO [main] org.apache.jasper.servlet.TldScanner.scanJars At least one JAR was scanned for TLDs yet contained no TLDs. Enable debug logging for this logger for a complete list of JARs that were scanned but no TLDs were found in them. Skipping unneeded JARs during scanning can improve startup time and JSP compilation time.
18-Mar-2026 08:13:43.137 INFO [main] org.springframework.web.servlet.FrameworkServlet.initServletBean Initializing Servlet 'dispatcher'
18-Mar-2026 08:13:45.751 INFO [main] org.springframework.web.servlet.FrameworkServlet.initServletBean Completed initialization in 2612 ms
18-Mar-2026 08:13:45.844 INFO [main] org.apache.catalina.startup.HostConfig.deployWAR Deployment of web application archive [C:\Users\HRITIKA SINGH\Documents\Web-Programming-PRG240\SpringMvcHelloWorld 1\SpringMvcHelloWorld 1\apache-tomcat-10.1.52\webapps\SpringMvcHelloWorld.war] has finished in [6,334] ms
18-Mar-2026 08:13:45.846 INFO [main] org.apache.catalina.startup.HostConfig.deployDirectory Deploying web application directory [C:\Users\HRITIKA SINGH\Documents\Web-Programming-PRG240\SpringMvcHelloWorld 1\SpringMvcHelloWorld 1\apache-tomcat-10.1.52\webapps\docs]
18-Mar-2026 08:13:46.023 INFO [main] org.apache.catalina.startup.HostConfig.deployDirectory Deployment of web application directory [C:\Users\HRITIKA SINGH\Documents\Web-Programming-PRG240\SpringMvcHelloWorld 1\SpringMvcHelloWorld 1\apache-tomcat-10.1.52\webapps\docs] has finished in [176] ms
18-Mar-2026 08:13:46.026 INFO [main] org.apache.catalina.startup.HostConfig.deployDirectory Deploying web application directory [C:\Users\HRITIKA SINGH\Documents\Web-Programming-PRG240\SpringMvcHelloWorld 1\SpringMvcHelloWorld 1\apache-tomcat-10.1.52\webapps\examples]
18-Mar-2026 08:13:47.866 INFO [main] org.apache.catalina.startup.HostConfig.deployDirectory Deployment of web application directory [C:\Users\HRITIKA SINGH\Documents\Web-Programming-PRG240\SpringMvcHelloWorld 1\SpringMvcHelloWorld 1\apache-tomcat-10.1.52\webapps\examples] has finished in [1,841] ms
18-Mar-2026 08:13:47.868 INFO [main] org.apache.catalina.startup.HostConfig.deployDirectory Deploying web application directory [C:\Users\HRITIKA SINGH\Documents\Web-Programming-PRG240\SpringMvcHelloWorld 1\SpringMvcHelloWorld 1\apache-tomcat-10.1.52\webapps\host-manager]
18-Mar-2026 08:13:48.004 INFO [main] org.apache.catalina.startup.HostConfig.deployDirectory Deployment of web application directory [C:\Users\HRITIKA SINGH\Documents\Web-Programming-PRG240\SpringMvcHelloWorld 1\SpringMvcHelloWorld 1\apache-tomcat-10.1.52\webapps\host-manager] has finished in [136] ms
18-Mar-2026 08:13:48.005 INFO [main] org.apache.catalina.startup.HostConfig.deployDirectory Deploying web application directory [C:\Users\HRITIKA SINGH\Documents\Web-Programming-PRG240\SpringMvcHelloWorld 1\SpringMvcHelloWorld 1\apache-tomcat-10.1.52\webapps\manager]
18-Mar-2026 08:13:48.107 INFO [main] org.apache.catalina.startup.HostConfig.deployDirectory Deployment of web application directory [C:\Users\HRITIKA SINGH\Documents\Web-Programming-PRG240\SpringMvcHelloWorld 1\SpringMvcHelloWorld 1\apache-tomcat-10.1.52\webapps\manager] has finished in [102] ms
18-Mar-2026 08:13:48.108 INFO [main] org.apache.catalina.startup.HostConfig.deployDirectory Deploying web application directory [C:\Users\HRITIKA SINGH\Documents\Web-Programming-PRG240\SpringMvcHelloWorld 1\SpringMvcHelloWorld 1\apache-tomcat-10.1.52\webapps\ROOT]
18-Mar-2026 08:13:48.168 INFO [main] org.apache.catalina.startup.HostConfig.deployDirectory Deployment of web application directory [C:\Users\HRITIKA SINGH\Documents\Web-Programming-PRG240\SpringMvcHelloWorld 1\SpringMvcHelloWorld 1\apache-tomcat-10.1.52\webapps\ROOT] has finished in [60] ms
18-Mar-2026 08:13:48.181 INFO [main] org.apache.coyote.AbstractProtocol.start Starting ProtocolHandler ["http-nio-8080"]
18-Mar-2026 08:13:48.250 INFO [main] org.apache.catalina.startup.Catalina.start Server startup in [8956] milliseconds
18-Mar-2026 08:13:48.480 WARNING [http-nio-8080-exec-1] org.springframework.web.servlet.DispatcherServlet.noHandlerFound No mapping for GET /SpringMvcHelloWorld/hello
18-Mar-2026 08:13:48.507 WARNING [http-nio-8080-exec-1] org.springframework.web.servlet.mvc.support.DefaultHandlerExceptionResolver.handleNoHandlerFoundException No endpoint GET /SpringMvcHelloWorld/hello.
18-Mar-2026 08:14:18.173 WARNING [http-nio-8080-exec-8] org.springframework.web.servlet.DispatcherServlet.noHandlerFound No mapping for GET /SpringMvcHelloWorld/hello
18-Mar-2026 08:14:18.177 WARNING [http-nio-8080-exec-8] org.springframework.web.servlet.mvc.support.DefaultHandlerExceptionResolver.handleNoHandlerFoundException No endpoint GET /SpringMvcHelloWorld/hello.
18-Mar-2026 08:15:55.107 WARNING [http-nio-8080-exec-3] org.springframework.web.servlet.DispatcherServlet.noHandlerFound No mapping for GET /SpringMvcHelloWorld/hello
18-Mar-2026 08:15:55.112 WARNING [http-nio-8080-exec-3] org.springframework.web.servlet.mvc.support.DefaultHandlerExceptionResolver.handleNoHandlerFoundException No endpoint GET /SpringMvcHelloWorld/hello.
18-Mar-2026 08:15:55.854 WARNING [http-nio-8080-exec-6] org.springframework.web.servlet.DispatcherServlet.noHandlerFound No mapping for GET /SpringMvcHelloWorld/hello
18-Mar-2026 08:15:55.856 WARNING [http-nio-8080-exec-6] org.springframework.web.servlet.mvc.support.DefaultHandlerExceptionResolver.handleNoHandlerFoundException No endpoint GET /SpringMvcHelloWorld/hello.
18-Mar-2026 08:18:38.626 INFO [main] org.apache.catalina.startup.VersionLoggerListener.log Server version name:   Apache Tomcat/10.1.52
18-Mar-2026 08:18:38.630 INFO [main] org.apache.catalina.startup.VersionLoggerListener.log Server built:          Jan 23 2026 19:29:07 UTC
18-Mar-2026 08:18:38.631 INFO [main] org.apache.catalina.startup.VersionLoggerListener.log Server version number: 10.1.52.0
18-Mar-2026 08:18:38.631 INFO [main] org.apache.catalina.startup.VersionLoggerListener.log OS Name:               Windows 11
18-Mar-2026 08:18:38.631 INFO [main] org.apache.catalina.startup.VersionLoggerListener.log OS Version:            10.0
18-Mar-2026 08:18:38.632 INFO [main] org.apache.catalina.startup.VersionLoggerListener.log Architecture:          amd64
18-Mar-2026 08:18:38.632 INFO [main] org.apache.catalina.startup.VersionLoggerListener.log Java Home:             C:\Program Files\Java\jdk-24
18-Mar-2026 08:18:38.632 INFO [main] org.apache.catalina.startup.VersionLoggerListener.log JVM Version:           24.0.1+9-30
18-Mar-2026 08:18:38.632 INFO [main] org.apache.catalina.startup.VersionLoggerListener.log JVM Vendor:            Oracle Corporation
18-Mar-2026 08:18:38.632 INFO [main] org.apache.catalina.startup.VersionLoggerListener.log CATALINA_BASE:         C:\Users\HRITIKA SINGH\Documents\Web-Programming-PRG240\SpringMvcHelloWorld 1\SpringMvcHelloWorld 1\apache-tomcat-10.1.52
18-Mar-2026 08:18:38.632 INFO [main] org.apache.catalina.startup.VersionLoggerListener.log CATALINA_HOME:         C:\Users\HRITIKA SINGH\Documents\Web-Programming-PRG240\SpringMvcHelloWorld 1\SpringMvcHelloWorld 1\apache-tomcat-10.1.52
18-Mar-2026 08:18:38.678 INFO [main] org.apache.catalina.startup.VersionLoggerListener.log Command line argument: -Djava.util.logging.config.file=C:\Users\HRITIKA SINGH\Documents\Web-Programming-PRG240\SpringMvcHelloWorld 1\SpringMvcHelloWorld 1\apache-tomcat-10.1.52\conf\logging.properties
18-Mar-2026 08:18:38.679 INFO [main] org.apache.catalina.startup.VersionLoggerListener.log Command line argument: -Djava.util.logging.manager=org.apache.juli.ClassLoaderLogManager
18-Mar-2026 08:18:38.679 INFO [main] org.apache.catalina.startup.VersionLoggerListener.log Command line argument: -Djdk.tls.ephemeralDHKeySize=2048
18-Mar-2026 08:18:38.679 INFO [main] org.apache.catalina.startup.VersionLoggerListener.log Command line argument: -Djava.protocol.handler.pkgs=org.apache.catalina.webresources
18-Mar-2026 08:18:38.679 INFO [main] org.apache.catalina.startup.VersionLoggerListener.log Command line argument: -Dsun.io.useCanonCaches=false
18-Mar-2026 08:18:38.679 INFO [main] org.apache.catalina.startup.VersionLoggerListener.log Command line argument: --add-opens=java.base/java.lang=ALL-UNNAMED
18-Mar-2026 08:18:38.679 INFO [main] org.apache.catalina.startup.VersionLoggerListener.log Command line argument: --add-opens=java.base/java.lang.reflect=ALL-UNNAMED
18-Mar-2026 08:18:38.679 INFO [main] org.apache.catalina.startup.VersionLoggerListener.log Command line argument: --add-opens=java.base/java.io=ALL-UNNAMED
18-Mar-2026 08:18:38.679 INFO [main] org.apache.catalina.startup.VersionLoggerListener.log Command line argument: --add-opens=java.base/java.util=ALL-UNNAMED
18-Mar-2026 08:18:38.681 INFO [main] org.apache.catalina.startup.VersionLoggerListener.log Command line argument: --add-opens=java.base/java.util.concurrent=ALL-UNNAMED
18-Mar-2026 08:18:38.681 INFO [main] org.apache.catalina.startup.VersionLoggerListener.log Command line argument: --add-opens=java.rmi/sun.rmi.transport=ALL-UNNAMED
18-Mar-2026 08:18:38.681 INFO [main] org.apache.catalina.startup.VersionLoggerListener.log Command line argument: -Dcatalina.base=C:\Users\HRITIKA SINGH\Documents\Web-Programming-PRG240\SpringMvcHelloWorld 1\SpringMvcHelloWorld 1\apache-tomcat-10.1.52
18-Mar-2026 08:18:38.681 INFO [main] org.apache.catalina.startup.VersionLoggerListener.log Command line argument: -Dcatalina.home=C:\Users\HRITIKA SINGH\Documents\Web-Programming-PRG240\SpringMvcHelloWorld 1\SpringMvcHelloWorld 1\apache-tomcat-10.1.52
18-Mar-2026 08:18:38.681 INFO [main] org.apache.catalina.startup.VersionLoggerListener.log Command line argument: -Djava.io.tmpdir=C:\Users\HRITIKA SINGH\Documents\Web-Programming-PRG240\SpringMvcHelloWorld 1\SpringMvcHelloWorld 1\apache-tomcat-10.1.52\temp
18-Mar-2026 08:18:38.687 INFO [main] org.apache.catalina.core.AprLifecycleListener.lifecycleEvent Loaded Apache Tomcat Native library [2.0.12] using APR version [1.7.6].
18-Mar-2026 08:18:38.696 INFO [main] org.apache.catalina.core.AprLifecycleListener.initializeSSL OpenSSL successfully initialized [OpenSSL 3.5.4 30 Sep 2025]
18-Mar-2026 08:18:39.056 INFO [main] org.apache.coyote.AbstractProtocol.init Initializing ProtocolHandler ["http-nio-8080"]
18-Mar-2026 08:18:39.095 INFO [main] org.apache.catalina.startup.Catalina.load Server initialization in [815] milliseconds
18-Mar-2026 08:18:39.175 INFO [main] org.apache.catalina.core.StandardService.startInternal Starting service [Catalina]
18-Mar-2026 08:18:39.176 INFO [main] org.apache.catalina.core.StandardEngine.startInternal Starting Servlet engine: [Apache Tomcat/10.1.52]
18-Mar-2026 08:18:39.230 INFO [main] org.apache.catalina.startup.HostConfig.deployWAR Deploying web application archive [C:\Users\HRITIKA SINGH\Documents\Web-Programming-PRG240\SpringMvcHelloWorld 1\SpringMvcHelloWorld 1\apache-tomcat-10.1.52\webapps\SpringMvcHelloWorld.war]
18-Mar-2026 08:18:39.264 INFO [main] org.apache.catalina.startup.ExpandWar.expand An expanded directory [C:\Users\HRITIKA SINGH\Documents\Web-Programming-PRG240\SpringMvcHelloWorld 1\SpringMvcHelloWorld 1\apache-tomcat-10.1.52\webapps\SpringMvcHelloWorld] was found with a last modified time that did not match the associated WAR. It will be deleted.
18-Mar-2026 08:18:41.804 INFO [main] org.apache.jasper.servlet.TldScanner.scanJars At least one JAR was scanned for TLDs yet contained no TLDs. Enable debug logging for this logger for a complete list of JARs that were scanned but no TLDs were found in them. Skipping unneeded JARs during scanning can improve startup time and JSP compilation time.
18-Mar-2026 08:18:42.211 INFO [main] org.springframework.web.servlet.FrameworkServlet.initServletBean Initializing Servlet 'dispatcher'
18-Mar-2026 08:18:44.084 INFO [main] org.springframework.web.servlet.FrameworkServlet.initServletBean Completed initialization in 1872 ms
18-Mar-2026 08:18:44.112 INFO [main] org.apache.catalina.startup.HostConfig.deployWAR Deployment of web application archive [C:\Users\HRITIKA SINGH\Documents\Web-Programming-PRG240\SpringMvcHelloWorld 1\SpringMvcHelloWorld 1\apache-tomcat-10.1.52\webapps\SpringMvcHelloWorld.war] has finished in [4,872] ms
18-Mar-2026 08:18:44.114 INFO [main] org.apache.catalina.startup.HostConfig.deployDirectory Deploying web application directory [C:\Users\HRITIKA SINGH\Documents\Web-Programming-PRG240\SpringMvcHelloWorld 1\SpringMvcHelloWorld 1\apache-tomcat-10.1.52\webapps\docs]
18-Mar-2026 08:18:44.176 INFO [main] org.apache.catalina.startup.HostConfig.deployDirectory Deployment of web application directory [C:\Users\HRITIKA SINGH\Documents\Web-Programming-PRG240\SpringMvcHelloWorld 1\SpringMvcHelloWorld 1\apache-tomcat-10.1.52\webapps\docs] has finished in [62] ms
18-Mar-2026 08:18:44.177 INFO [main] org.apache.catalina.startup.HostConfig.deployDirectory Deploying web application directory [C:\Users\HRITIKA SINGH\Documents\Web-Programming-PRG240\SpringMvcHelloWorld 1\SpringMvcHelloWorld 1\apache-tomcat-10.1.52\webapps\examples]
18-Mar-2026 08:18:45.760 INFO [main] org.apache.catalina.startup.HostConfig.deployDirectory Deployment of web application directory [C:\Users\HRITIKA SINGH\Documents\Web-Programming-PRG240\SpringMvcHelloWorld 1\SpringMvcHelloWorld 1\apache-tomcat-10.1.52\webapps\examples] has finished in [1,583] ms
18-Mar-2026 08:18:45.762 INFO [main] org.apache.catalina.startup.HostConfig.deployDirectory Deploying web application directory [C:\Users\HRITIKA SINGH\Documents\Web-Programming-PRG240\SpringMvcHelloWorld 1\SpringMvcHelloWorld 1\apache-tomcat-10.1.52\webapps\host-manager]
18-Mar-2026 08:18:45.875 INFO [main] org.apache.catalina.startup.HostConfig.deployDirectory Deployment of web application directory [C:\Users\HRITIKA SINGH\Documents\Web-Programming-PRG240\SpringMvcHelloWorld 1\SpringMvcHelloWorld 1\apache-tomcat-10.1.52\webapps\host-manager] has finished in [114] ms
18-Mar-2026 08:18:45.876 INFO [main] org.apache.catalina.startup.HostConfig.deployDirectory Deploying web application directory [C:\Users\HRITIKA SINGH\Documents\Web-Programming-PRG240\SpringMvcHelloWorld 1\SpringMvcHelloWorld 1\apache-tomcat-10.1.52\webapps\manager]
18-Mar-2026 08:18:45.989 INFO [main] org.apache.catalina.startup.HostConfig.deployDirectory Deployment of web application directory [C:\Users\HRITIKA SINGH\Documents\Web-Programming-PRG240\SpringMvcHelloWorld 1\SpringMvcHelloWorld 1\apache-tomcat-10.1.52\webapps\manager] has finished in [112] ms
18-Mar-2026 08:18:45.990 INFO [main] org.apache.catalina.startup.HostConfig.deployDirectory Deploying web application directory [C:\Users\HRITIKA SINGH\Documents\Web-Programming-PRG240\SpringMvcHelloWorld 1\SpringMvcHelloWorld 1\apache-tomcat-10.1.52\webapps\ROOT]
18-Mar-2026 08:18:46.074 INFO [main] org.apache.catalina.startup.HostConfig.deployDirectory Deployment of web application directory [C:\Users\HRITIKA SINGH\Documents\Web-Programming-PRG240\SpringMvcHelloWorld 1\SpringMvcHelloWorld 1\apache-tomcat-10.1.52\webapps\ROOT] has finished in [84] ms
18-Mar-2026 08:18:46.089 INFO [main] org.apache.coyote.AbstractProtocol.start Starting ProtocolHandler ["http-nio-8080"]
18-Mar-2026 08:18:46.153 INFO [main] org.apache.catalina.startup.Catalina.start Server startup in [7055] milliseconds
18-Mar-2026 08:29:55.446 INFO [main] org.apache.catalina.startup.VersionLoggerListener.log Server version name:   Apache Tomcat/10.1.52
18-Mar-2026 08:29:55.450 INFO [main] org.apache.catalina.startup.VersionLoggerListener.log Server built:          Jan 23 2026 19:29:07 UTC
18-Mar-2026 08:29:55.450 INFO [main] org.apache.catalina.startup.VersionLoggerListener.log Server version number: 10.1.52.0
18-Mar-2026 08:29:55.451 INFO [main] org.apache.catalina.startup.VersionLoggerListener.log OS Name:               Windows 11
18-Mar-2026 08:29:55.451 INFO [main] org.apache.catalina.startup.VersionLoggerListener.log OS Version:            10.0
18-Mar-2026 08:29:55.451 INFO [main] org.apache.catalina.startup.VersionLoggerListener.log Architecture:          amd64
18-Mar-2026 08:29:55.451 INFO [main] org.apache.catalina.startup.VersionLoggerListener.log Java Home:             C:\Program Files\Java\jdk-24
18-Mar-2026 08:29:55.451 INFO [main] org.apache.catalina.startup.VersionLoggerListener.log JVM Version:           24.0.1+9-30
18-Mar-2026 08:29:55.452 INFO [main] org.apache.catalina.startup.VersionLoggerListener.log JVM Vendor:            Oracle Corporation
18-Mar-2026 08:29:55.452 INFO [main] org.apache.catalina.startup.VersionLoggerListener.log CATALINA_BASE:         C:\Users\HRITIKA SINGH\Documents\Web-Programming-PRG240\SpringMvcHelloWorld 1\SpringMvcHelloWorld 1\apache-tomcat-10.1.52
18-Mar-2026 08:29:55.453 INFO [main] org.apache.catalina.startup.VersionLoggerListener.log CATALINA_HOME:         C:\Users\HRITIKA SINGH\Documents\Web-Programming-PRG240\SpringMvcHelloWorld 1\SpringMvcHelloWorld 1\apache-tomcat-10.1.52
18-Mar-2026 08:29:55.523 INFO [main] org.apache.catalina.startup.VersionLoggerListener.log Command line argument: -Djava.util.logging.config.file=C:\Users\HRITIKA SINGH\Documents\Web-Programming-PRG240\SpringMvcHelloWorld 1\SpringMvcHelloWorld 1\apache-tomcat-10.1.52\conf\logging.properties
18-Mar-2026 08:29:55.523 INFO [main] org.apache.catalina.startup.VersionLoggerListener.log Command line argument: -Djava.util.logging.manager=org.apache.juli.ClassLoaderLogManager
18-Mar-2026 08:29:55.523 INFO [main] org.apache.catalina.startup.VersionLoggerListener.log Command line argument: -Djdk.tls.ephemeralDHKeySize=2048
18-Mar-2026 08:29:55.524 INFO [main] org.apache.catalina.startup.VersionLoggerListener.log Command line argument: -Djava.protocol.handler.pkgs=org.apache.catalina.webresources
18-Mar-2026 08:29:55.524 INFO [main] org.apache.catalina.startup.VersionLoggerListener.log Command line argument: -Dsun.io.useCanonCaches=false
18-Mar-2026 08:29:55.524 INFO [main] org.apache.catalina.startup.VersionLoggerListener.log Command line argument: --add-opens=java.base/java.lang=ALL-UNNAMED
18-Mar-2026 08:29:55.524 INFO [main] org.apache.catalina.startup.VersionLoggerListener.log Command line argument: --add-opens=java.base/java.lang.reflect=ALL-UNNAMED
18-Mar-2026 08:29:55.524 INFO [main] org.apache.catalina.startup.VersionLoggerListener.log Command line argument: --add-opens=java.base/java.io=ALL-UNNAMED
18-Mar-2026 08:29:55.524 INFO [main] org.apache.catalina.startup.VersionLoggerListener.log Command line argument: --add-opens=java.base/java.util=ALL-UNNAMED
18-Mar-2026 08:29:55.524 INFO [main] org.apache.catalina.startup.VersionLoggerListener.log Command line argument: --add-opens=java.base/java.util.concurrent=ALL-UNNAMED
18-Mar-2026 08:29:55.525 INFO [main] org.apache.catalina.startup.VersionLoggerListener.log Command line argument: --add-opens=java.rmi/sun.rmi.transport=ALL-UNNAMED
18-Mar-2026 08:29:55.525 INFO [main] org.apache.catalina.startup.VersionLoggerListener.log Command line argument: -Dcatalina.base=C:\Users\HRITIKA SINGH\Documents\Web-Programming-PRG240\SpringMvcHelloWorld 1\SpringMvcHelloWorld 1\apache-tomcat-10.1.52
18-Mar-2026 08:29:55.525 INFO [main] org.apache.catalina.startup.VersionLoggerListener.log Command line argument: -Dcatalina.home=C:\Users\HRITIKA SINGH\Documents\Web-Programming-PRG240\SpringMvcHelloWorld 1\SpringMvcHelloWorld 1\apache-tomcat-10.1.52
18-Mar-2026 08:29:55.525 INFO [main] org.apache.catalina.startup.VersionLoggerListener.log Command line argument: -Djava.io.tmpdir=C:\Users\HRITIKA SINGH\Documents\Web-Programming-PRG240\SpringMvcHelloWorld 1\SpringMvcHelloWorld 1\apache-tomcat-10.1.52\temp
18-Mar-2026 08:29:55.531 INFO [main] org.apache.catalina.core.AprLifecycleListener.lifecycleEvent Loaded Apache Tomcat Native library [2.0.12] using APR version [1.7.6].
18-Mar-2026 08:29:55.541 INFO [main] org.apache.catalina.core.AprLifecycleListener.initializeSSL OpenSSL successfully initialized [OpenSSL 3.5.4 30 Sep 2025]
18-Mar-2026 08:29:55.891 INFO [main] org.apache.coyote.AbstractProtocol.init Initializing ProtocolHandler ["http-nio-8080"]
18-Mar-2026 08:29:55.928 INFO [main] org.apache.catalina.startup.Catalina.load Server initialization in [830] milliseconds
18-Mar-2026 08:29:56.009 INFO [main] org.apache.catalina.core.StandardService.startInternal Starting service [Catalina]
18-Mar-2026 08:29:56.009 INFO [main] org.apache.catalina.core.StandardEngine.startInternal Starting Servlet engine: [Apache Tomcat/10.1.52]
18-Mar-2026 08:29:56.060 INFO [main] org.apache.catalina.startup.HostConfig.deployWAR Deploying web application archive [C:\Users\HRITIKA SINGH\Documents\Web-Programming-PRG240\SpringMvcHelloWorld 1\SpringMvcHelloWorld 1\apache-tomcat-10.1.52\webapps\SpringMvcHelloWorld.war]
18-Mar-2026 08:29:56.095 INFO [main] org.apache.catalina.startup.ExpandWar.expand An expanded directory [C:\Users\HRITIKA SINGH\Documents\Web-Programming-PRG240\SpringMvcHelloWorld 1\SpringMvcHelloWorld 1\apache-tomcat-10.1.52\webapps\SpringMvcHelloWorld] was found with a last modified time that did not match the associated WAR. It will be deleted.
18-Mar-2026 08:29:59.289 INFO [main] org.apache.jasper.servlet.TldScanner.scanJars At least one JAR was scanned for TLDs yet contained no TLDs. Enable debug logging for this logger for a complete list of JARs that were scanned but no TLDs were found in them. Skipping unneeded JARs during scanning can improve startup time and JSP compilation time.
18-Mar-2026 08:30:00.224 INFO [main] org.springframework.web.servlet.FrameworkServlet.initServletBean Initializing Servlet 'dispatcher'
18-Mar-2026 08:30:03.106 INFO [main] org.springframework.web.servlet.FrameworkServlet.initServletBean Completed initialization in 2881 ms
18-Mar-2026 08:30:03.138 INFO [main] org.apache.catalina.startup.HostConfig.deployWAR Deployment of web application archive [C:\Users\HRITIKA SINGH\Documents\Web-Programming-PRG240\SpringMvcHelloWorld 1\SpringMvcHelloWorld 1\apache-tomcat-10.1.52\webapps\SpringMvcHelloWorld.war] has finished in [7,072] ms
18-Mar-2026 08:30:03.141 INFO [main] org.apache.catalina.startup.HostConfig.deployDirectory Deploying web application directory [C:\Users\HRITIKA SINGH\Documents\Web-Programming-PRG240\SpringMvcHelloWorld 1\SpringMvcHelloWorld 1\apache-tomcat-10.1.52\webapps\docs]
18-Mar-2026 08:30:03.261 INFO [main] org.apache.catalina.startup.HostConfig.deployDirectory Deployment of web application directory [C:\Users\HRITIKA SINGH\Documents\Web-Programming-PRG240\SpringMvcHelloWorld 1\SpringMvcHelloWorld 1\apache-tomcat-10.1.52\webapps\docs] has finished in [118] ms
18-Mar-2026 08:30:03.261 INFO [main] org.apache.catalina.startup.HostConfig.deployDirectory Deploying web application directory [C:\Users\HRITIKA SINGH\Documents\Web-Programming-PRG240\SpringMvcHelloWorld 1\SpringMvcHelloWorld 1\apache-tomcat-10.1.52\webapps\examples]
18-Mar-2026 08:30:04.587 INFO [main] org.apache.catalina.startup.HostConfig.deployDirectory Deployment of web application directory [C:\Users\HRITIKA SINGH\Documents\Web-Programming-PRG240\SpringMvcHelloWorld 1\SpringMvcHelloWorld 1\apache-tomcat-10.1.52\webapps\examples] has finished in [1,325] ms
18-Mar-2026 08:30:04.588 INFO [main] org.apache.catalina.startup.HostConfig.deployDirectory Deploying web application directory [C:\Users\HRITIKA SINGH\Documents\Web-Programming-PRG240\SpringMvcHelloWorld 1\SpringMvcHelloWorld 1\apache-tomcat-10.1.52\webapps\host-manager]
18-Mar-2026 08:30:04.690 INFO [main] org.apache.catalina.startup.HostConfig.deployDirectory Deployment of web application directory [C:\Users\HRITIKA SINGH\Documents\Web-Programming-PRG240\SpringMvcHelloWorld 1\SpringMvcHelloWorld 1\apache-tomcat-10.1.52\webapps\host-manager] has finished in [102] ms
18-Mar-2026 08:30:04.691 INFO [main] org.apache.catalina.startup.HostConfig.deployDirectory Deploying web application directory [C:\Users\HRITIKA SINGH\Documents\Web-Programming-PRG240\SpringMvcHelloWorld 1\SpringMvcHelloWorld 1\apache-tomcat-10.1.52\webapps\manager]
18-Mar-2026 08:30:04.775 INFO [main] org.apache.catalina.startup.HostConfig.deployDirectory Deployment of web application directory [C:\Users\HRITIKA SINGH\Documents\Web-Programming-PRG240\SpringMvcHelloWorld 1\SpringMvcHelloWorld 1\apache-tomcat-10.1.52\webapps\manager] has finished in [83] ms
18-Mar-2026 08:30:04.776 INFO [main] org.apache.catalina.startup.HostConfig.deployDirectory Deploying web application directory [C:\Users\HRITIKA SINGH\Documents\Web-Programming-PRG240\SpringMvcHelloWorld 1\SpringMvcHelloWorld 1\apache-tomcat-10.1.52\webapps\ROOT]
18-Mar-2026 08:30:04.840 INFO [main] org.apache.catalina.startup.HostConfig.deployDirectory Deployment of web application directory [C:\Users\HRITIKA SINGH\Documents\Web-Programming-PRG240\SpringMvcHelloWorld 1\SpringMvcHelloWorld 1\apache-tomcat-10.1.52\webapps\ROOT] has finished in [64] ms
18-Mar-2026 08:30:04.850 INFO [main] org.apache.coyote.AbstractProtocol.start Starting ProtocolHandler ["http-nio-8080"]
18-Mar-2026 08:30:04.916 INFO [main] org.apache.catalina.startup.Catalina.start Server startup in [8984] milliseconds
18-Mar-2026 08:30:07.480 WARNING [http-nio-8080-exec-2] org.springframework.web.servlet.DispatcherServlet.noHandlerFound No mapping for GET /SpringMvcHelloWorld/css/style.css
18-Mar-2026 08:30:07.506 WARNING [http-nio-8080-exec-2] org.springframework.web.servlet.mvc.support.DefaultHandlerExceptionResolver.handleNoHandlerFoundException No endpoint GET /SpringMvcHelloWorld/css/style.css.
18-Mar-2026 08:30:27.906 WARNING [http-nio-8080-exec-7] org.springframework.web.servlet.DispatcherServlet.noHandlerFound No mapping for GET /SpringMvcHelloWorld/css/style.css
18-Mar-2026 08:30:27.909 WARNING [http-nio-8080-exec-7] org.springframework.web.servlet.mvc.support.DefaultHandlerExceptionResolver.handleNoHandlerFoundException No endpoint GET /SpringMvcHelloWorld/css/style.css.
18-Mar-2026 08:34:54.423 INFO [main] org.apache.catalina.startup.VersionLoggerListener.log Server version name:   Apache Tomcat/10.1.52
18-Mar-2026 08:34:54.428 INFO [main] org.apache.catalina.startup.VersionLoggerListener.log Server built:          Jan 23 2026 19:29:07 UTC
18-Mar-2026 08:34:54.429 INFO [main] org.apache.catalina.startup.VersionLoggerListener.log Server version number: 10.1.52.0
18-Mar-2026 08:34:54.429 INFO [main] org.apache.catalina.startup.VersionLoggerListener.log OS Name:               Windows 11
18-Mar-2026 08:34:54.430 INFO [main] org.apache.catalina.startup.VersionLoggerListener.log OS Version:            10.0
18-Mar-2026 08:34:54.430 INFO [main] org.apache.catalina.startup.VersionLoggerListener.log Architecture:          amd64
18-Mar-2026 08:34:54.430 INFO [main] org.apache.catalina.startup.VersionLoggerListener.log Java Home:             C:\Program Files\Java\jdk-24
18-Mar-2026 08:34:54.432 INFO [main] org.apache.catalina.startup.VersionLoggerListener.log JVM Version:           24.0.1+9-30
18-Mar-2026 08:34:54.432 INFO [main] org.apache.catalina.startup.VersionLoggerListener.log JVM Vendor:            Oracle Corporation
18-Mar-2026 08:34:54.433 INFO [main] org.apache.catalina.startup.VersionLoggerListener.log CATALINA_BASE:         C:\Users\HRITIKA SINGH\Documents\Web-Programming-PRG240\SpringMvcHelloWorld 1\SpringMvcHelloWorld 1\apache-tomcat-10.1.52
18-Mar-2026 08:34:54.433 INFO [main] org.apache.catalina.startup.VersionLoggerListener.log CATALINA_HOME:         C:\Users\HRITIKA SINGH\Documents\Web-Programming-PRG240\SpringMvcHelloWorld 1\SpringMvcHelloWorld 1\apache-tomcat-10.1.52
18-Mar-2026 08:34:54.501 INFO [main] org.apache.catalina.startup.VersionLoggerListener.log Command line argument: -Djava.util.logging.config.file=C:\Users\HRITIKA SINGH\Documents\Web-Programming-PRG240\SpringMvcHelloWorld 1\SpringMvcHelloWorld 1\apache-tomcat-10.1.52\conf\logging.properties
18-Mar-2026 08:34:54.502 INFO [main] org.apache.catalina.startup.VersionLoggerListener.log Command line argument: -Djava.util.logging.manager=org.apache.juli.ClassLoaderLogManager
18-Mar-2026 08:34:54.502 INFO [main] org.apache.catalina.startup.VersionLoggerListener.log Command line argument: -Djdk.tls.ephemeralDHKeySize=2048
18-Mar-2026 08:34:54.503 INFO [main] org.apache.catalina.startup.VersionLoggerListener.log Command line argument: -Djava.protocol.handler.pkgs=org.apache.catalina.webresources
18-Mar-2026 08:34:54.503 INFO [main] org.apache.catalina.startup.VersionLoggerListener.log Command line argument: -Dsun.io.useCanonCaches=false
18-Mar-2026 08:34:54.503 INFO [main] org.apache.catalina.startup.VersionLoggerListener.log Command line argument: --add-opens=java.base/java.lang=ALL-UNNAMED
18-Mar-2026 08:34:54.503 INFO [main] org.apache.catalina.startup.VersionLoggerListener.log Command line argument: --add-opens=java.base/java.lang.reflect=ALL-UNNAMED
18-Mar-2026 08:34:54.504 INFO [main] org.apache.catalina.startup.VersionLoggerListener.log Command line argument: --add-opens=java.base/java.io=ALL-UNNAMED
18-Mar-2026 08:34:54.504 INFO [main] org.apache.catalina.startup.VersionLoggerListener.log Command line argument: --add-opens=java.base/java.util=ALL-UNNAMED
18-Mar-2026 08:34:54.504 INFO [main] org.apache.catalina.startup.VersionLoggerListener.log Command line argument: --add-opens=java.base/java.util.concurrent=ALL-UNNAMED
18-Mar-2026 08:34:54.504 INFO [main] org.apache.catalina.startup.VersionLoggerListener.log Command line argument: --add-opens=java.rmi/sun.rmi.transport=ALL-UNNAMED
18-Mar-2026 08:34:54.504 INFO [main] org.apache.catalina.startup.VersionLoggerListener.log Command line argument: -Dcatalina.base=C:\Users\HRITIKA SINGH\Documents\Web-Programming-PRG240\SpringMvcHelloWorld 1\SpringMvcHelloWorld 1\apache-tomcat-10.1.52
18-Mar-2026 08:34:54.504 INFO [main] org.apache.catalina.startup.VersionLoggerListener.log Command line argument: -Dcatalina.home=C:\Users\HRITIKA SINGH\Documents\Web-Programming-PRG240\SpringMvcHelloWorld 1\SpringMvcHelloWorld 1\apache-tomcat-10.1.52
18-Mar-2026 08:34:54.504 INFO [main] org.apache.catalina.startup.VersionLoggerListener.log Command line argument: -Djava.io.tmpdir=C:\Users\HRITIKA SINGH\Documents\Web-Programming-PRG240\SpringMvcHelloWorld 1\SpringMvcHelloWorld 1\apache-tomcat-10.1.52\temp
18-Mar-2026 08:34:54.516 INFO [main] org.apache.catalina.core.AprLifecycleListener.lifecycleEvent Loaded Apache Tomcat Native library [2.0.12] using APR version [1.7.6].
18-Mar-2026 08:34:54.544 INFO [main] org.apache.catalina.core.AprLifecycleListener.initializeSSL OpenSSL successfully initialized [OpenSSL 3.5.4 30 Sep 2025]
18-Mar-2026 08:34:55.072 INFO [main] org.apache.coyote.AbstractProtocol.init Initializing ProtocolHandler ["http-nio-8080"]
18-Mar-2026 08:34:55.119 INFO [main] org.apache.catalina.startup.Catalina.load Server initialization in [1137] milliseconds
18-Mar-2026 08:34:55.233 INFO [main] org.apache.catalina.core.StandardService.startInternal Starting service [Catalina]
18-Mar-2026 08:34:55.233 INFO [main] org.apache.catalina.core.StandardEngine.startInternal Starting Servlet engine: [Apache Tomcat/10.1.52]
18-Mar-2026 08:34:55.280 INFO [main] org.apache.catalina.startup.HostConfig.deployWAR Deploying web application archive [C:\Users\HRITIKA SINGH\Documents\Web-Programming-PRG240\SpringMvcHelloWorld 1\SpringMvcHelloWorld 1\apache-tomcat-10.1.52\webapps\SpringMvcHelloWorld.war]
18-Mar-2026 08:34:55.311 INFO [main] org.apache.catalina.startup.ExpandWar.expand An expanded directory [C:\Users\HRITIKA SINGH\Documents\Web-Programming-PRG240\SpringMvcHelloWorld 1\SpringMvcHelloWorld 1\apache-tomcat-10.1.52\webapps\SpringMvcHelloWorld] was found with a last modified time that did not match the associated WAR. It will be deleted.
18-Mar-2026 08:35:00.244 INFO [main] org.apache.jasper.servlet.TldScanner.scanJars At least one JAR was scanned for TLDs yet contained no TLDs. Enable debug logging for this logger for a complete list of JARs that were scanned but no TLDs were found in them. Skipping unneeded JARs during scanning can improve startup time and JSP compilation time.
18-Mar-2026 08:35:00.946 INFO [main] org.springframework.web.servlet.FrameworkServlet.initServletBean Initializing Servlet 'dispatcher'
18-Mar-2026 08:35:01.252 SEVERE [main] org.springframework.web.servlet.FrameworkServlet.initServletBean Context initialization failed
	org.springframework.beans.factory.BeanDefinitionStoreException: IOException parsing XML document from ServletContext resource [/WEB-INF/dispatcher-servlet.xml]
		at org.springframework.beans.factory.xml.XmlBeanDefinitionReader.loadBeanDefinitions(XmlBeanDefinitionReader.java:351)
		at org.springframework.beans.factory.xml.XmlBeanDefinitionReader.loadBeanDefinitions(XmlBeanDefinitionReader.java:319)
		at org.springframework.beans.factory.support.AbstractBeanDefinitionReader.loadBeanDefinitions(AbstractBeanDefinitionReader.java:184)
		at org.springframework.beans.factory.support.AbstractBeanDefinitionReader.loadBeanDefinitions(AbstractBeanDefinitionReader.java:220)
		at org.springframework.beans.factory.support.AbstractBeanDefinitionReader.loadBeanDefinitions(AbstractBeanDefinitionReader.java:191)
		at org.springframework.web.context.support.XmlWebApplicationContext.loadBeanDefinitions(XmlWebApplicationContext.java:125)
		at org.springframework.web.context.support.XmlWebApplicationContext.loadBeanDefinitions(XmlWebApplicationContext.java:94)
		at org.springframework.context.support.AbstractRefreshableApplicationContext.refreshBeanFactory(AbstractRefreshableApplicationContext.java:131)
		at org.springframework.context.support.AbstractApplicationContext.obtainFreshBeanFactory(AbstractApplicationContext.java:716)
		at org.springframework.context.support.AbstractApplicationContext.refresh(AbstractApplicationContext.java:598)
		at org.springframework.web.servlet.FrameworkServlet.configureAndRefreshWebApplicationContext(FrameworkServlet.java:706)
		at org.springframework.web.servlet.FrameworkServlet.createWebApplicationContext(FrameworkServlet.java:672)
		at org.springframework.web.servlet.FrameworkServlet.createWebApplicationContext(FrameworkServlet.java:720)
		at org.springframework.web.servlet.FrameworkServlet.initWebApplicationContext(FrameworkServlet.java:595)
		at org.springframework.web.servlet.FrameworkServlet.initServletBean(FrameworkServlet.java:537)
		at org.springframework.web.servlet.HttpServletBean.init(HttpServletBean.java:169)
		at jakarta.servlet.GenericServlet.init(GenericServlet.java:143)
		at jakarta.servlet.http.HttpServlet.init(HttpServlet.java:121)
		at org.apache.catalina.core.StandardWrapper.initServlet(StandardWrapper.java:840)
		at org.apache.catalina.core.StandardWrapper.loadServlet(StandardWrapper.java:797)
		at org.apache.catalina.core.StandardWrapper.load(StandardWrapper.java:701)
		at org.apache.catalina.core.StandardContext.loadOnStartup(StandardContext.java:4209)
		at org.apache.catalina.core.StandardContext.startInternal(StandardContext.java:4496)
		at org.apache.catalina.util.LifecycleBase.start(LifecycleBase.java:164)
		at org.apache.catalina.core.ContainerBase.addChildInternal(ContainerBase.java:597)
		at org.apache.catalina.core.ContainerBase.addChild(ContainerBase.java:569)
		at org.apache.catalina.core.StandardHost.addChild(StandardHost.java:665)
		at org.apache.catalina.startup.HostConfig.deployWAR(HostConfig.java:962)
		at org.apache.catalina.startup.HostConfig$DeployWar.run(HostConfig.java:1900)
		at java.base/java.util.concurrent.Executors$RunnableAdapter.call(Executors.java:545)
		at java.base/java.util.concurrent.FutureTask.run(FutureTask.java:328)
		at org.apache.tomcat.util.threads.InlineExecutorService.execute(InlineExecutorService.java:81)
		at java.base/java.util.concurrent.AbstractExecutorService.submit(AbstractExecutorService.java:124)
		at org.apache.catalina.startup.HostConfig.deployWARs(HostConfig.java:766)
		at org.apache.catalina.startup.HostConfig.deployApps(HostConfig.java:417)
		at org.apache.catalina.startup.HostConfig.start(HostConfig.java:1618)
		at org.apache.catalina.startup.HostConfig.lifecycleEvent(HostConfig.java:300)
		at org.apache.catalina.util.LifecycleBase.fireLifecycleEvent(LifecycleBase.java:109)
		at org.apache.catalina.util.LifecycleBase.setStateInternal(LifecycleBase.java:389)
		at org.apache.catalina.util.LifecycleBase.setState(LifecycleBase.java:336)
		at org.apache.catalina.core.ContainerBase.startInternal(ContainerBase.java:774)
		at org.apache.catalina.core.StandardHost.startInternal(StandardHost.java:783)
		at org.apache.catalina.util.LifecycleBase.start(LifecycleBase.java:164)
		at org.apache.catalina.core.ContainerBase$StartChild.call(ContainerBase.java:1201)
		at org.apache.catalina.core.ContainerBase$StartChild.call(ContainerBase.java:1191)
		at java.base/java.util.concurrent.FutureTask.run(FutureTask.java:328)
		at org.apache.tomcat.util.threads.InlineExecutorService.execute(InlineExecutorService.java:81)
		at java.base/java.util.concurrent.AbstractExecutorService.submit(AbstractExecutorService.java:148)
		at org.apache.catalina.core.ContainerBase.startInternal(ContainerBase.java:747)
		at org.apache.catalina.core.StandardEngine.startInternal(StandardEngine.java:201)
		at org.apache.catalina.util.LifecycleBase.start(LifecycleBase.java:164)
		at org.apache.catalina.core.StandardService.startInternal(StandardService.java:410)
		at org.apache.catalina.util.LifecycleBase.start(LifecycleBase.java:164)
		at org.apache.catalina.core.StandardServer.startInternal(StandardServer.java:868)
		at org.apache.catalina.util.LifecycleBase.start(LifecycleBase.java:164)
		at org.apache.catalina.startup.Catalina.start(Catalina.java:758)
		at java.base/jdk.internal.reflect.DirectMethodHandleAccessor.invoke(DirectMethodHandleAccessor.java:104)
		at java.base/java.lang.reflect.Method.invoke(Method.java:565)
		at org.apache.catalina.startup.Bootstrap.start(Bootstrap.java:342)
		at org.apache.catalina.startup.Bootstrap.main(Bootstrap.java:473)
	Caused by: java.io.FileNotFoundException: Could not open ServletContext resource [/WEB-INF/dispatcher-servlet.xml]
		at org.springframework.web.context.support.ServletContextResource.getInputStream(ServletContextResource.java:165)
		at org.springframework.beans.factory.xml.XmlBeanDefinitionReader.loadBeanDefinitions(XmlBeanDefinitionReader.java:342)
		... 59 more
18-Mar-2026 08:35:01.295 INFO [main] org.apache.catalina.startup.HostConfig.deployWAR Deployment of web application archive [C:\Users\HRITIKA SINGH\Documents\Web-Programming-PRG240\SpringMvcHelloWorld 1\SpringMvcHelloWorld 1\apache-tomcat-10.1.52\webapps\SpringMvcHelloWorld.war] has finished in [6,012] ms
18-Mar-2026 08:35:01.297 INFO [main] org.apache.catalina.startup.HostConfig.deployDirectory Deploying web application directory [C:\Users\HRITIKA SINGH\Documents\Web-Programming-PRG240\SpringMvcHelloWorld 1\SpringMvcHelloWorld 1\apache-tomcat-10.1.52\webapps\docs]
18-Mar-2026 08:35:01.396 INFO [main] org.apache.catalina.startup.HostConfig.deployDirectory Deployment of web application directory [C:\Users\HRITIKA SINGH\Documents\Web-Programming-PRG240\SpringMvcHelloWorld 1\SpringMvcHelloWorld 1\apache-tomcat-10.1.52\webapps\docs] has finished in [97] ms
18-Mar-2026 08:35:01.397 INFO [main] org.apache.catalina.startup.HostConfig.deployDirectory Deploying web application directory [C:\Users\HRITIKA SINGH\Documents\Web-Programming-PRG240\SpringMvcHelloWorld 1\SpringMvcHelloWorld 1\apache-tomcat-10.1.52\webapps\examples]
18-Mar-2026 08:35:02.471 INFO [main] org.apache.catalina.startup.HostConfig.deployDirectory Deployment of web application directory [C:\Users\HRITIKA SINGH\Documents\Web-Programming-PRG240\SpringMvcHelloWorld 1\SpringMvcHelloWorld 1\apache-tomcat-10.1.52\webapps\examples] has finished in [1,075] ms
18-Mar-2026 08:35:02.472 INFO [main] org.apache.catalina.startup.HostConfig.deployDirectory Deploying web application directory [C:\Users\HRITIKA SINGH\Documents\Web-Programming-PRG240\SpringMvcHelloWorld 1\SpringMvcHelloWorld 1\apache-tomcat-10.1.52\webapps\host-manager]
18-Mar-2026 08:35:02.581 INFO [main] org.apache.catalina.startup.HostConfig.deployDirectory Deployment of web application directory [C:\Users\HRITIKA SINGH\Documents\Web-Programming-PRG240\SpringMvcHelloWorld 1\SpringMvcHelloWorld 1\apache-tomcat-10.1.52\webapps\host-manager] has finished in [108] ms
18-Mar-2026 08:35:02.582 INFO [main] org.apache.catalina.startup.HostConfig.deployDirectory Deploying web application directory [C:\Users\HRITIKA SINGH\Documents\Web-Programming-PRG240\SpringMvcHelloWorld 1\SpringMvcHelloWorld 1\apache-tomcat-10.1.52\webapps\manager]
18-Mar-2026 08:35:02.685 INFO [main] org.apache.catalina.startup.HostConfig.deployDirectory Deployment of web application directory [C:\Users\HRITIKA SINGH\Documents\Web-Programming-PRG240\SpringMvcHelloWorld 1\SpringMvcHelloWorld 1\apache-tomcat-10.1.52\webapps\manager] has finished in [103] ms
18-Mar-2026 08:35:02.686 INFO [main] org.apache.catalina.startup.HostConfig.deployDirectory Deploying web application directory [C:\Users\HRITIKA SINGH\Documents\Web-Programming-PRG240\SpringMvcHelloWorld 1\SpringMvcHelloWorld 1\apache-tomcat-10.1.52\webapps\ROOT]
18-Mar-2026 08:35:02.752 INFO [main] org.apache.catalina.startup.HostConfig.deployDirectory Deployment of web application directory [C:\Users\HRITIKA SINGH\Documents\Web-Programming-PRG240\SpringMvcHelloWorld 1\SpringMvcHelloWorld 1\apache-tomcat-10.1.52\webapps\ROOT] has finished in [66] ms
18-Mar-2026 08:35:02.763 INFO [main] org.apache.coyote.AbstractProtocol.start Starting ProtocolHandler ["http-nio-8080"]
18-Mar-2026 08:35:02.842 INFO [main] org.apache.catalina.startup.Catalina.start Server startup in [7720] milliseconds
18-Mar-2026 08:35:03.003 INFO [http-nio-8080-exec-3] org.springframework.web.servlet.FrameworkServlet.initServletBean Initializing Servlet 'dispatcher'
18-Mar-2026 08:35:03.005 SEVERE [http-nio-8080-exec-3] org.springframework.web.servlet.FrameworkServlet.initServletBean Context initialization failed
	org.springframework.beans.factory.BeanDefinitionStoreException: IOException parsing XML document from ServletContext resource [/WEB-INF/dispatcher-servlet.xml]
		at org.springframework.beans.factory.xml.XmlBeanDefinitionReader.loadBeanDefinitions(XmlBeanDefinitionReader.java:351)
		at org.springframework.beans.factory.xml.XmlBeanDefinitionReader.loadBeanDefinitions(XmlBeanDefinitionReader.java:319)
		at org.springframework.beans.factory.support.AbstractBeanDefinitionReader.loadBeanDefinitions(AbstractBeanDefinitionReader.java:184)
		at org.springframework.beans.factory.support.AbstractBeanDefinitionReader.loadBeanDefinitions(AbstractBeanDefinitionReader.java:220)
		at org.springframework.beans.factory.support.AbstractBeanDefinitionReader.loadBeanDefinitions(AbstractBeanDefinitionReader.java:191)
		at org.springframework.web.context.support.XmlWebApplicationContext.loadBeanDefinitions(XmlWebApplicationContext.java:125)
		at org.springframework.web.context.support.XmlWebApplicationContext.loadBeanDefinitions(XmlWebApplicationContext.java:94)
		at org.springframework.context.support.AbstractRefreshableApplicationContext.refreshBeanFactory(AbstractRefreshableApplicationContext.java:131)
		at org.springframework.context.support.AbstractApplicationContext.obtainFreshBeanFactory(AbstractApplicationContext.java:716)
		at org.springframework.context.support.AbstractApplicationContext.refresh(AbstractApplicationContext.java:598)
		at org.springframework.web.servlet.FrameworkServlet.configureAndRefreshWebApplicationContext(FrameworkServlet.java:706)
		at org.springframework.web.servlet.FrameworkServlet.createWebApplicationContext(FrameworkServlet.java:672)
		at org.springframework.web.servlet.FrameworkServlet.createWebApplicationContext(FrameworkServlet.java:720)
		at org.springframework.web.servlet.FrameworkServlet.initWebApplicationContext(FrameworkServlet.java:595)
		at org.springframework.web.servlet.FrameworkServlet.initServletBean(FrameworkServlet.java:537)
		at org.springframework.web.servlet.HttpServletBean.init(HttpServletBean.java:169)
		at jakarta.servlet.GenericServlet.init(GenericServlet.java:143)
		at jakarta.servlet.http.HttpServlet.init(HttpServlet.java:121)
		at org.apache.catalina.core.StandardWrapper.initServlet(StandardWrapper.java:840)
		at org.apache.catalina.core.StandardWrapper.loadServlet(StandardWrapper.java:797)
		at org.apache.catalina.core.StandardWrapper.allocate(StandardWrapper.java:578)
		at org.apache.catalina.core.StandardWrapperValve.invoke(StandardWrapperValve.java:113)
		at org.apache.catalina.core.StandardContextValve.invoke(StandardContextValve.java:88)
		at org.apache.catalina.authenticator.AuthenticatorBase.invoke(AuthenticatorBase.java:492)
		at org.apache.catalina.core.StandardHostValve.invoke(StandardHostValve.java:113)
		at org.apache.catalina.valves.ErrorReportValve.invoke(ErrorReportValve.java:83)
		at org.apache.catalina.valves.AbstractAccessLogValve.invoke(AbstractAccessLogValve.java:654)
		at org.apache.catalina.core.StandardEngineValve.invoke(StandardEngineValve.java:72)
		at org.apache.catalina.connector.CoyoteAdapter.service(CoyoteAdapter.java:342)
		at org.apache.coyote.http11.Http11Processor.service(Http11Processor.java:399)
		at org.apache.coyote.AbstractProcessorLight.process(AbstractProcessorLight.java:63)
		at org.apache.coyote.AbstractProtocol$ConnectionHandler.process(AbstractProtocol.java:903)
		at org.apache.tomcat.util.net.NioEndpoint$SocketProcessor.doRun(NioEndpoint.java:1775)
		at org.apache.tomcat.util.net.SocketProcessorBase.run(SocketProcessorBase.java:52)
		at org.apache.tomcat.util.threads.ThreadPoolExecutor.runWorker(ThreadPoolExecutor.java:973)
		at org.apache.tomcat.util.threads.ThreadPoolExecutor$Worker.run(ThreadPoolExecutor.java:491)
		at org.apache.tomcat.util.threads.TaskThread$WrappingRunnable.run(TaskThread.java:63)
		at java.base/java.lang.Thread.run(Thread.java:1447)
	Caused by: java.io.FileNotFoundException: Could not open ServletContext resource [/WEB-INF/dispatcher-servlet.xml]
		at org.springframework.web.context.support.ServletContextResource.getInputStream(ServletContextResource.java:165)
		at org.springframework.beans.factory.xml.XmlBeanDefinitionReader.loadBeanDefinitions(XmlBeanDefinitionReader.java:342)
		... 37 more
18-Mar-2026 08:35:18.910 INFO [http-nio-8080-exec-4] org.springframework.web.servlet.FrameworkServlet.initServletBean Initializing Servlet 'dispatcher'
18-Mar-2026 08:35:18.912 SEVERE [http-nio-8080-exec-4] org.springframework.web.servlet.FrameworkServlet.initServletBean Context initialization failed
	org.springframework.beans.factory.BeanDefinitionStoreException: IOException parsing XML document from ServletContext resource [/WEB-INF/dispatcher-servlet.xml]
		at org.springframework.beans.factory.xml.XmlBeanDefinitionReader.loadBeanDefinitions(XmlBeanDefinitionReader.java:351)
		at org.springframework.beans.factory.xml.XmlBeanDefinitionReader.loadBeanDefinitions(XmlBeanDefinitionReader.java:319)
		at org.springframework.beans.factory.support.AbstractBeanDefinitionReader.loadBeanDefinitions(AbstractBeanDefinitionReader.java:184)
		at org.springframework.beans.factory.support.AbstractBeanDefinitionReader.loadBeanDefinitions(AbstractBeanDefinitionReader.java:220)
		at org.springframework.beans.factory.support.AbstractBeanDefinitionReader.loadBeanDefinitions(AbstractBeanDefinitionReader.java:191)
		at org.springframework.web.context.support.XmlWebApplicationContext.loadBeanDefinitions(XmlWebApplicationContext.java:125)
		at org.springframework.web.context.support.XmlWebApplicationContext.loadBeanDefinitions(XmlWebApplicationContext.java:94)
		at org.springframework.context.support.AbstractRefreshableApplicationContext.refreshBeanFactory(AbstractRefreshableApplicationContext.java:131)
		at org.springframework.context.support.AbstractApplicationContext.obtainFreshBeanFactory(AbstractApplicationContext.java:716)
		at org.springframework.context.support.AbstractApplicationContext.refresh(AbstractApplicationContext.java:598)
		at org.springframework.web.servlet.FrameworkServlet.configureAndRefreshWebApplicationContext(FrameworkServlet.java:706)
		at org.springframework.web.servlet.FrameworkServlet.createWebApplicationContext(FrameworkServlet.java:672)
		at org.springframework.web.servlet.FrameworkServlet.createWebApplicationContext(FrameworkServlet.java:720)
		at org.springframework.web.servlet.FrameworkServlet.initWebApplicationContext(FrameworkServlet.java:595)
		at org.springframework.web.servlet.FrameworkServlet.initServletBean(FrameworkServlet.java:537)
		at org.springframework.web.servlet.HttpServletBean.init(HttpServletBean.java:169)
		at jakarta.servlet.GenericServlet.init(GenericServlet.java:143)
		at jakarta.servlet.http.HttpServlet.init(HttpServlet.java:121)
		at org.apache.catalina.core.StandardWrapper.initServlet(StandardWrapper.java:840)
		at org.apache.catalina.core.StandardWrapper.loadServlet(StandardWrapper.java:797)
		at org.apache.catalina.core.StandardWrapper.allocate(StandardWrapper.java:578)
		at org.apache.catalina.core.StandardWrapperValve.invoke(StandardWrapperValve.java:113)
		at org.apache.catalina.core.StandardContextValve.invoke(StandardContextValve.java:88)
		at org.apache.catalina.authenticator.AuthenticatorBase.invoke(AuthenticatorBase.java:492)
		at org.apache.catalina.core.StandardHostValve.invoke(StandardHostValve.java:113)
		at org.apache.catalina.valves.ErrorReportValve.invoke(ErrorReportValve.java:83)
		at org.apache.catalina.valves.AbstractAccessLogValve.invoke(AbstractAccessLogValve.java:654)
		at org.apache.catalina.core.StandardEngineValve.invoke(StandardEngineValve.java:72)
		at org.apache.catalina.connector.CoyoteAdapter.service(CoyoteAdapter.java:342)
		at org.apache.coyote.http11.Http11Processor.service(Http11Processor.java:399)
		at org.apache.coyote.AbstractProcessorLight.process(AbstractProcessorLight.java:63)
		at org.apache.coyote.AbstractProtocol$ConnectionHandler.process(AbstractProtocol.java:903)
		at org.apache.tomcat.util.net.NioEndpoint$SocketProcessor.doRun(NioEndpoint.java:1775)
		at org.apache.tomcat.util.net.SocketProcessorBase.run(SocketProcessorBase.java:52)
		at org.apache.tomcat.util.threads.ThreadPoolExecutor.runWorker(ThreadPoolExecutor.java:973)
		at org.apache.tomcat.util.threads.ThreadPoolExecutor$Worker.run(ThreadPoolExecutor.java:491)
		at org.apache.tomcat.util.threads.TaskThread$WrappingRunnable.run(TaskThread.java:63)
		at java.base/java.lang.Thread.run(Thread.java:1447)
	Caused by: java.io.FileNotFoundException: Could not open ServletContext resource [/WEB-INF/dispatcher-servlet.xml]
		at org.springframework.web.context.support.ServletContextResource.getInputStream(ServletContextResource.java:165)
		at org.springframework.beans.factory.xml.XmlBeanDefinitionReader.loadBeanDefinitions(XmlBeanDefinitionReader.java:342)
		... 37 more
18-Mar-2026 08:35:48.667 INFO [main] org.apache.catalina.core.StandardServer.await A valid shutdown command was received via the shutdown port. Stopping the Server instance.
18-Mar-2026 08:35:48.668 INFO [main] org.apache.coyote.AbstractProtocol.pause Pausing ProtocolHandler ["http-nio-8080"]
18-Mar-2026 08:35:48.678 INFO [main] org.apache.catalina.core.StandardService.stopInternal Stopping service [Catalina]
18-Mar-2026 08:35:48.733 INFO [main] org.apache.coyote.AbstractProtocol.stop Stopping ProtocolHandler ["http-nio-8080"]
18-Mar-2026 08:35:48.741 INFO [main] org.apache.coyote.AbstractProtocol.destroy Destroying ProtocolHandler ["http-nio-8080"]
18-Mar-2026 08:35:53.561 INFO [main] org.apache.catalina.startup.VersionLoggerListener.log Server version name:   Apache Tomcat/10.1.52
18-Mar-2026 08:35:53.565 INFO [main] org.apache.catalina.startup.VersionLoggerListener.log Server built:          Jan 23 2026 19:29:07 UTC
18-Mar-2026 08:35:53.566 INFO [main] org.apache.catalina.startup.VersionLoggerListener.log Server version number: 10.1.52.0
18-Mar-2026 08:35:53.566 INFO [main] org.apache.catalina.startup.VersionLoggerListener.log OS Name:               Windows 11
18-Mar-2026 08:35:53.567 INFO [main] org.apache.catalina.startup.VersionLoggerListener.log OS Version:            10.0
18-Mar-2026 08:35:53.568 INFO [main] org.apache.catalina.startup.VersionLoggerListener.log Architecture:          amd64
18-Mar-2026 08:35:53.568 INFO [main] org.apache.catalina.startup.VersionLoggerListener.log Java Home:             C:\Program Files\Java\jdk-24
18-Mar-2026 08:35:53.569 INFO [main] org.apache.catalina.startup.VersionLoggerListener.log JVM Version:           24.0.1+9-30
18-Mar-2026 08:35:53.569 INFO [main] org.apache.catalina.startup.VersionLoggerListener.log JVM Vendor:            Oracle Corporation
18-Mar-2026 08:35:53.569 INFO [main] org.apache.catalina.startup.VersionLoggerListener.log CATALINA_BASE:         C:\Users\HRITIKA SINGH\Documents\Web-Programming-PRG240\SpringMvcHelloWorld 1\SpringMvcHelloWorld 1\apache-tomcat-10.1.52
18-Mar-2026 08:35:53.571 INFO [main] org.apache.catalina.startup.VersionLoggerListener.log CATALINA_HOME:         C:\Users\HRITIKA SINGH\Documents\Web-Programming-PRG240\SpringMvcHelloWorld 1\SpringMvcHelloWorld 1\apache-tomcat-10.1.52
18-Mar-2026 08:35:53.585 INFO [main] org.apache.catalina.startup.VersionLoggerListener.log Command line argument: -Djava.util.logging.config.file=C:\Users\HRITIKA SINGH\Documents\Web-Programming-PRG240\SpringMvcHelloWorld 1\SpringMvcHelloWorld 1\apache-tomcat-10.1.52\conf\logging.properties
18-Mar-2026 08:35:53.585 INFO [main] org.apache.catalina.startup.VersionLoggerListener.log Command line argument: -Djava.util.logging.manager=org.apache.juli.ClassLoaderLogManager
18-Mar-2026 08:35:53.586 INFO [main] org.apache.catalina.startup.VersionLoggerListener.log Command line argument: -Djdk.tls.ephemeralDHKeySize=2048
18-Mar-2026 08:35:53.586 INFO [main] org.apache.catalina.startup.VersionLoggerListener.log Command line argument: -Djava.protocol.handler.pkgs=org.apache.catalina.webresources
18-Mar-2026 08:35:53.586 INFO [main] org.apache.catalina.startup.VersionLoggerListener.log Command line argument: -Dsun.io.useCanonCaches=false
18-Mar-2026 08:35:53.586 INFO [main] org.apache.catalina.startup.VersionLoggerListener.log Command line argument: --add-opens=java.base/java.lang=ALL-UNNAMED
18-Mar-2026 08:35:53.586 INFO [main] org.apache.catalina.startup.VersionLoggerListener.log Command line argument: --add-opens=java.base/java.lang.reflect=ALL-UNNAMED
18-Mar-2026 08:35:53.586 INFO [main] org.apache.catalina.startup.VersionLoggerListener.log Command line argument: --add-opens=java.base/java.io=ALL-UNNAMED
18-Mar-2026 08:35:53.587 INFO [main] org.apache.catalina.startup.VersionLoggerListener.log Command line argument: --add-opens=java.base/java.util=ALL-UNNAMED
18-Mar-2026 08:35:53.587 INFO [main] org.apache.catalina.startup.VersionLoggerListener.log Command line argument: --add-opens=java.base/java.util.concurrent=ALL-UNNAMED
18-Mar-2026 08:35:53.587 INFO [main] org.apache.catalina.startup.VersionLoggerListener.log Command line argument: --add-opens=java.rmi/sun.rmi.transport=ALL-UNNAMED
18-Mar-2026 08:35:53.587 INFO [main] org.apache.catalina.startup.VersionLoggerListener.log Command line argument: -Dcatalina.base=C:\Users\HRITIKA SINGH\Documents\Web-Programming-PRG240\SpringMvcHelloWorld 1\SpringMvcHelloWorld 1\apache-tomcat-10.1.52
18-Mar-2026 08:35:53.587 INFO [main] org.apache.catalina.startup.VersionLoggerListener.log Command line argument: -Dcatalina.home=C:\Users\HRITIKA SINGH\Documents\Web-Programming-PRG240\SpringMvcHelloWorld 1\SpringMvcHelloWorld 1\apache-tomcat-10.1.52
18-Mar-2026 08:35:53.588 INFO [main] org.apache.catalina.startup.VersionLoggerListener.log Command line argument: -Djava.io.tmpdir=C:\Users\HRITIKA SINGH\Documents\Web-Programming-PRG240\SpringMvcHelloWorld 1\SpringMvcHelloWorld 1\apache-tomcat-10.1.52\temp
18-Mar-2026 08:35:53.593 INFO [main] org.apache.catalina.core.AprLifecycleListener.lifecycleEvent Loaded Apache Tomcat Native library [2.0.12] using APR version [1.7.6].
18-Mar-2026 08:35:53.602 INFO [main] org.apache.catalina.core.AprLifecycleListener.initializeSSL OpenSSL successfully initialized [OpenSSL 3.5.4 30 Sep 2025]
18-Mar-2026 08:35:53.934 INFO [main] org.apache.coyote.AbstractProtocol.init Initializing ProtocolHandler ["http-nio-8080"]
18-Mar-2026 08:35:53.962 INFO [main] org.apache.catalina.startup.Catalina.load Server initialization in [642] milliseconds
18-Mar-2026 08:35:54.040 INFO [main] org.apache.catalina.core.StandardService.startInternal Starting service [Catalina]
18-Mar-2026 08:35:54.040 INFO [main] org.apache.catalina.core.StandardEngine.startInternal Starting Servlet engine: [Apache Tomcat/10.1.52]
18-Mar-2026 08:35:54.086 INFO [main] org.apache.catalina.startup.HostConfig.deployWAR Deploying web application archive [C:\Users\HRITIKA SINGH\Documents\Web-Programming-PRG240\SpringMvcHelloWorld 1\SpringMvcHelloWorld 1\apache-tomcat-10.1.52\webapps\SpringMvcHelloWorld.war]
18-Mar-2026 08:35:57.508 INFO [main] org.apache.jasper.servlet.TldScanner.scanJars At least one JAR was scanned for TLDs yet contained no TLDs. Enable debug logging for this logger for a complete list of JARs that were scanned but no TLDs were found in them. Skipping unneeded JARs during scanning can improve startup time and JSP compilation time.
18-Mar-2026 08:35:58.269 INFO [main] org.springframework.web.servlet.FrameworkServlet.initServletBean Initializing Servlet 'dispatcher'
18-Mar-2026 08:35:58.543 SEVERE [main] org.springframework.web.servlet.FrameworkServlet.initServletBean Context initialization failed
	org.springframework.beans.factory.BeanDefinitionStoreException: IOException parsing XML document from ServletContext resource [/WEB-INF/dispatcher-servlet.xml]
		at org.springframework.beans.factory.xml.XmlBeanDefinitionReader.loadBeanDefinitions(XmlBeanDefinitionReader.java:351)
		at org.springframework.beans.factory.xml.XmlBeanDefinitionReader.loadBeanDefinitions(XmlBeanDefinitionReader.java:319)
		at org.springframework.beans.factory.support.AbstractBeanDefinitionReader.loadBeanDefinitions(AbstractBeanDefinitionReader.java:184)
		at org.springframework.beans.factory.support.AbstractBeanDefinitionReader.loadBeanDefinitions(AbstractBeanDefinitionReader.java:220)
		at org.springframework.beans.factory.support.AbstractBeanDefinitionReader.loadBeanDefinitions(AbstractBeanDefinitionReader.java:191)
		at org.springframework.web.context.support.XmlWebApplicationContext.loadBeanDefinitions(XmlWebApplicationContext.java:125)
		at org.springframework.web.context.support.XmlWebApplicationContext.loadBeanDefinitions(XmlWebApplicationContext.java:94)
		at org.springframework.context.support.AbstractRefreshableApplicationContext.refreshBeanFactory(AbstractRefreshableApplicationContext.java:131)
		at org.springframework.context.support.AbstractApplicationContext.obtainFreshBeanFactory(AbstractApplicationContext.java:716)
		at org.springframework.context.support.AbstractApplicationContext.refresh(AbstractApplicationContext.java:598)
		at org.springframework.web.servlet.FrameworkServlet.configureAndRefreshWebApplicationContext(FrameworkServlet.java:706)
		at org.springframework.web.servlet.FrameworkServlet.createWebApplicationContext(FrameworkServlet.java:672)
		at org.springframework.web.servlet.FrameworkServlet.createWebApplicationContext(FrameworkServlet.java:720)
		at org.springframework.web.servlet.FrameworkServlet.initWebApplicationContext(FrameworkServlet.java:595)
		at org.springframework.web.servlet.FrameworkServlet.initServletBean(FrameworkServlet.java:537)
		at org.springframework.web.servlet.HttpServletBean.init(HttpServletBean.java:169)
		at jakarta.servlet.GenericServlet.init(GenericServlet.java:143)
		at jakarta.servlet.http.HttpServlet.init(HttpServlet.java:121)
		at org.apache.catalina.core.StandardWrapper.initServlet(StandardWrapper.java:840)
		at org.apache.catalina.core.StandardWrapper.loadServlet(StandardWrapper.java:797)
		at org.apache.catalina.core.StandardWrapper.load(StandardWrapper.java:701)
		at org.apache.catalina.core.StandardContext.loadOnStartup(StandardContext.java:4209)
		at org.apache.catalina.core.StandardContext.startInternal(StandardContext.java:4496)
		at org.apache.catalina.util.LifecycleBase.start(LifecycleBase.java:164)
		at org.apache.catalina.core.ContainerBase.addChildInternal(ContainerBase.java:597)
		at org.apache.catalina.core.ContainerBase.addChild(ContainerBase.java:569)
		at org.apache.catalina.core.StandardHost.addChild(StandardHost.java:665)
		at org.apache.catalina.startup.HostConfig.deployWAR(HostConfig.java:962)
		at org.apache.catalina.startup.HostConfig$DeployWar.run(HostConfig.java:1900)
		at java.base/java.util.concurrent.Executors$RunnableAdapter.call(Executors.java:545)
		at java.base/java.util.concurrent.FutureTask.run(FutureTask.java:328)
		at org.apache.tomcat.util.threads.InlineExecutorService.execute(InlineExecutorService.java:81)
		at java.base/java.util.concurrent.AbstractExecutorService.submit(AbstractExecutorService.java:124)
		at org.apache.catalina.startup.HostConfig.deployWARs(HostConfig.java:766)
		at org.apache.catalina.startup.HostConfig.deployApps(HostConfig.java:417)
		at org.apache.catalina.startup.HostConfig.start(HostConfig.java:1618)
		at org.apache.catalina.startup.HostConfig.lifecycleEvent(HostConfig.java:300)
		at org.apache.catalina.util.LifecycleBase.fireLifecycleEvent(LifecycleBase.java:109)
		at org.apache.catalina.util.LifecycleBase.setStateInternal(LifecycleBase.java:389)
		at org.apache.catalina.util.LifecycleBase.setState(LifecycleBase.java:336)
		at org.apache.catalina.core.ContainerBase.startInternal(ContainerBase.java:774)
		at org.apache.catalina.core.StandardHost.startInternal(StandardHost.java:783)
		at org.apache.catalina.util.LifecycleBase.start(LifecycleBase.java:164)
		at org.apache.catalina.core.ContainerBase$StartChild.call(ContainerBase.java:1201)
		at org.apache.catalina.core.ContainerBase$StartChild.call(ContainerBase.java:1191)
		at java.base/java.util.concurrent.FutureTask.run(FutureTask.java:328)
		at org.apache.tomcat.util.threads.InlineExecutorService.execute(InlineExecutorService.java:81)
		at java.base/java.util.concurrent.AbstractExecutorService.submit(AbstractExecutorService.java:148)
		at org.apache.catalina.core.ContainerBase.startInternal(ContainerBase.java:747)
		at org.apache.catalina.core.StandardEngine.startInternal(StandardEngine.java:201)
		at org.apache.catalina.util.LifecycleBase.start(LifecycleBase.java:164)
		at org.apache.catalina.core.StandardService.startInternal(StandardService.java:410)
		at org.apache.catalina.util.LifecycleBase.start(LifecycleBase.java:164)
		at org.apache.catalina.core.StandardServer.startInternal(StandardServer.java:868)
		at org.apache.catalina.util.LifecycleBase.start(LifecycleBase.java:164)
		at org.apache.catalina.startup.Catalina.start(Catalina.java:758)
		at java.base/jdk.internal.reflect.DirectMethodHandleAccessor.invoke(DirectMethodHandleAccessor.java:104)
		at java.base/java.lang.reflect.Method.invoke(Method.java:565)
		at org.apache.catalina.startup.Bootstrap.start(Bootstrap.java:342)
		at org.apache.catalina.startup.Bootstrap.main(Bootstrap.java:473)
	Caused by: java.io.FileNotFoundException: Could not open ServletContext resource [/WEB-INF/dispatcher-servlet.xml]
		at org.springframework.web.context.support.ServletContextResource.getInputStream(ServletContextResource.java:165)
		at org.springframework.beans.factory.xml.XmlBeanDefinitionReader.loadBeanDefinitions(XmlBeanDefinitionReader.java:342)
		... 59 more
18-Mar-2026 08:35:58.569 INFO [main] org.apache.catalina.startup.HostConfig.deployWAR Deployment of web application archive [C:\Users\HRITIKA SINGH\Documents\Web-Programming-PRG240\SpringMvcHelloWorld 1\SpringMvcHelloWorld 1\apache-tomcat-10.1.52\webapps\SpringMvcHelloWorld.war] has finished in [4,481] ms
18-Mar-2026 08:35:58.571 INFO [main] org.apache.catalina.startup.HostConfig.deployDirectory Deploying web application directory [C:\Users\HRITIKA SINGH\Documents\Web-Programming-PRG240\SpringMvcHelloWorld 1\SpringMvcHelloWorld 1\apache-tomcat-10.1.52\webapps\docs]
18-Mar-2026 08:35:58.674 INFO [main] org.apache.catalina.startup.HostConfig.deployDirectory Deployment of web application directory [C:\Users\HRITIKA SINGH\Documents\Web-Programming-PRG240\SpringMvcHelloWorld 1\SpringMvcHelloWorld 1\apache-tomcat-10.1.52\webapps\docs] has finished in [102] ms
18-Mar-2026 08:35:58.675 INFO [main] org.apache.catalina.startup.HostConfig.deployDirectory Deploying web application directory [C:\Users\HRITIKA SINGH\Documents\Web-Programming-PRG240\SpringMvcHelloWorld 1\SpringMvcHelloWorld 1\apache-tomcat-10.1.52\webapps\examples]
18-Mar-2026 08:35:59.673 INFO [main] org.apache.catalina.startup.HostConfig.deployDirectory Deployment of web application directory [C:\Users\HRITIKA SINGH\Documents\Web-Programming-PRG240\SpringMvcHelloWorld 1\SpringMvcHelloWorld 1\apache-tomcat-10.1.52\webapps\examples] has finished in [998] ms
18-Mar-2026 08:35:59.675 INFO [main] org.apache.catalina.startup.HostConfig.deployDirectory Deploying web application directory [C:\Users\HRITIKA SINGH\Documents\Web-Programming-PRG240\SpringMvcHelloWorld 1\SpringMvcHelloWorld 1\apache-tomcat-10.1.52\webapps\host-manager]
18-Mar-2026 08:35:59.786 INFO [main] org.apache.catalina.startup.HostConfig.deployDirectory Deployment of web application directory [C:\Users\HRITIKA SINGH\Documents\Web-Programming-PRG240\SpringMvcHelloWorld 1\SpringMvcHelloWorld 1\apache-tomcat-10.1.52\webapps\host-manager] has finished in [110] ms
18-Mar-2026 08:35:59.787 INFO [main] org.apache.catalina.startup.HostConfig.deployDirectory Deploying web application directory [C:\Users\HRITIKA SINGH\Documents\Web-Programming-PRG240\SpringMvcHelloWorld 1\SpringMvcHelloWorld 1\apache-tomcat-10.1.52\webapps\manager]
18-Mar-2026 08:35:59.874 INFO [main] org.apache.catalina.startup.HostConfig.deployDirectory Deployment of web application directory [C:\Users\HRITIKA SINGH\Documents\Web-Programming-PRG240\SpringMvcHelloWorld 1\SpringMvcHelloWorld 1\apache-tomcat-10.1.52\webapps\manager] has finished in [87] ms
18-Mar-2026 08:35:59.875 INFO [main] org.apache.catalina.startup.HostConfig.deployDirectory Deploying web application directory [C:\Users\HRITIKA SINGH\Documents\Web-Programming-PRG240\SpringMvcHelloWorld 1\SpringMvcHelloWorld 1\apache-tomcat-10.1.52\webapps\ROOT]
18-Mar-2026 08:35:59.946 INFO [main] org.apache.catalina.startup.HostConfig.deployDirectory Deployment of web application directory [C:\Users\HRITIKA SINGH\Documents\Web-Programming-PRG240\SpringMvcHelloWorld 1\SpringMvcHelloWorld 1\apache-tomcat-10.1.52\webapps\ROOT] has finished in [71] ms
18-Mar-2026 08:35:59.955 INFO [main] org.apache.coyote.AbstractProtocol.start Starting ProtocolHandler ["http-nio-8080"]
18-Mar-2026 08:36:00.040 INFO [main] org.apache.catalina.startup.Catalina.start Server startup in [6075] milliseconds
18-Mar-2026 08:36:00.747 INFO [http-nio-8080-exec-1] org.springframework.web.servlet.FrameworkServlet.initServletBean Initializing Servlet 'dispatcher'
18-Mar-2026 08:36:00.750 SEVERE [http-nio-8080-exec-1] org.springframework.web.servlet.FrameworkServlet.initServletBean Context initialization failed
	org.springframework.beans.factory.BeanDefinitionStoreException: IOException parsing XML document from ServletContext resource [/WEB-INF/dispatcher-servlet.xml]
		at org.springframework.beans.factory.xml.XmlBeanDefinitionReader.loadBeanDefinitions(XmlBeanDefinitionReader.java:351)
		at org.springframework.beans.factory.xml.XmlBeanDefinitionReader.loadBeanDefinitions(XmlBeanDefinitionReader.java:319)
		at org.springframework.beans.factory.support.AbstractBeanDefinitionReader.loadBeanDefinitions(AbstractBeanDefinitionReader.java:184)
		at org.springframework.beans.factory.support.AbstractBeanDefinitionReader.loadBeanDefinitions(AbstractBeanDefinitionReader.java:220)
		at org.springframework.beans.factory.support.AbstractBeanDefinitionReader.loadBeanDefinitions(AbstractBeanDefinitionReader.java:191)
		at org.springframework.web.context.support.XmlWebApplicationContext.loadBeanDefinitions(XmlWebApplicationContext.java:125)
		at org.springframework.web.context.support.XmlWebApplicationContext.loadBeanDefinitions(XmlWebApplicationContext.java:94)
		at org.springframework.context.support.AbstractRefreshableApplicationContext.refreshBeanFactory(AbstractRefreshableApplicationContext.java:131)
		at org.springframework.context.support.AbstractApplicationContext.obtainFreshBeanFactory(AbstractApplicationContext.java:716)
		at org.springframework.context.support.AbstractApplicationContext.refresh(AbstractApplicationContext.java:598)
		at org.springframework.web.servlet.FrameworkServlet.configureAndRefreshWebApplicationContext(FrameworkServlet.java:706)
		at org.springframework.web.servlet.FrameworkServlet.createWebApplicationContext(FrameworkServlet.java:672)
		at org.springframework.web.servlet.FrameworkServlet.createWebApplicationContext(FrameworkServlet.java:720)
		at org.springframework.web.servlet.FrameworkServlet.initWebApplicationContext(FrameworkServlet.java:595)
		at org.springframework.web.servlet.FrameworkServlet.initServletBean(FrameworkServlet.java:537)
		at org.springframework.web.servlet.HttpServletBean.init(HttpServletBean.java:169)
		at jakarta.servlet.GenericServlet.init(GenericServlet.java:143)
		at jakarta.servlet.http.HttpServlet.init(HttpServlet.java:121)
		at org.apache.catalina.core.StandardWrapper.initServlet(StandardWrapper.java:840)
		at org.apache.catalina.core.StandardWrapper.loadServlet(StandardWrapper.java:797)
		at org.apache.catalina.core.StandardWrapper.allocate(StandardWrapper.java:578)
		at org.apache.catalina.core.StandardWrapperValve.invoke(StandardWrapperValve.java:113)
		at org.apache.catalina.core.StandardContextValve.invoke(StandardContextValve.java:88)
		at org.apache.catalina.authenticator.AuthenticatorBase.invoke(AuthenticatorBase.java:492)
		at org.apache.catalina.core.StandardHostValve.invoke(StandardHostValve.java:113)
		at org.apache.catalina.valves.ErrorReportValve.invoke(ErrorReportValve.java:83)
		at org.apache.catalina.valves.AbstractAccessLogValve.invoke(AbstractAccessLogValve.java:654)
		at org.apache.catalina.core.StandardEngineValve.invoke(StandardEngineValve.java:72)
		at org.apache.catalina.connector.CoyoteAdapter.service(CoyoteAdapter.java:342)
		at org.apache.coyote.http11.Http11Processor.service(Http11Processor.java:399)
		at org.apache.coyote.AbstractProcessorLight.process(AbstractProcessorLight.java:63)
		at org.apache.coyote.AbstractProtocol$ConnectionHandler.process(AbstractProtocol.java:903)
		at org.apache.tomcat.util.net.NioEndpoint$SocketProcessor.doRun(NioEndpoint.java:1775)
		at org.apache.tomcat.util.net.SocketProcessorBase.run(SocketProcessorBase.java:52)
		at org.apache.tomcat.util.threads.ThreadPoolExecutor.runWorker(ThreadPoolExecutor.java:973)
		at org.apache.tomcat.util.threads.ThreadPoolExecutor$Worker.run(ThreadPoolExecutor.java:491)
		at org.apache.tomcat.util.threads.TaskThread$WrappingRunnable.run(TaskThread.java:63)
		at java.base/java.lang.Thread.run(Thread.java:1447)
	Caused by: java.io.FileNotFoundException: Could not open ServletContext resource [/WEB-INF/dispatcher-servlet.xml]
		at org.springframework.web.context.support.ServletContextResource.getInputStream(ServletContextResource.java:165)
		at org.springframework.beans.factory.xml.XmlBeanDefinitionReader.loadBeanDefinitions(XmlBeanDefinitionReader.java:342)
		... 37 more
18-Mar-2026 08:41:03.253 INFO [main] org.apache.catalina.startup.VersionLoggerListener.log Server version name:   Apache Tomcat/10.1.52
18-Mar-2026 08:41:03.260 INFO [main] org.apache.catalina.startup.VersionLoggerListener.log Server built:          Jan 23 2026 19:29:07 UTC
18-Mar-2026 08:41:03.260 INFO [main] org.apache.catalina.startup.VersionLoggerListener.log Server version number: 10.1.52.0
18-Mar-2026 08:41:03.262 INFO [main] org.apache.catalina.startup.VersionLoggerListener.log OS Name:               Windows 11
18-Mar-2026 08:41:03.262 INFO [main] org.apache.catalina.startup.VersionLoggerListener.log OS Version:            10.0
18-Mar-2026 08:41:03.262 INFO [main] org.apache.catalina.startup.VersionLoggerListener.log Architecture:          amd64
18-Mar-2026 08:41:03.262 INFO [main] org.apache.catalina.startup.VersionLoggerListener.log Java Home:             C:\Program Files\Java\jdk-24
18-Mar-2026 08:41:03.263 INFO [main] org.apache.catalina.startup.VersionLoggerListener.log JVM Version:           24.0.1+9-30
18-Mar-2026 08:41:03.263 INFO [main] org.apache.catalina.startup.VersionLoggerListener.log JVM Vendor:            Oracle Corporation
18-Mar-2026 08:41:03.265 INFO [main] org.apache.catalina.startup.VersionLoggerListener.log CATALINA_BASE:         C:\Users\HRITIKA SINGH\Documents\Web-Programming-PRG240\SpringMvcHelloWorld 1\SpringMvcHelloWorld 1\apache-tomcat-10.1.52
18-Mar-2026 08:41:03.265 INFO [main] org.apache.catalina.startup.VersionLoggerListener.log CATALINA_HOME:         C:\Users\HRITIKA SINGH\Documents\Web-Programming-PRG240\SpringMvcHelloWorld 1\SpringMvcHelloWorld 1\apache-tomcat-10.1.52
18-Mar-2026 08:41:03.322 INFO [main] org.apache.catalina.startup.VersionLoggerListener.log Command line argument: -Djava.util.logging.config.file=C:\Users\HRITIKA SINGH\Documents\Web-Programming-PRG240\SpringMvcHelloWorld 1\SpringMvcHelloWorld 1\apache-tomcat-10.1.52\conf\logging.properties
18-Mar-2026 08:41:03.324 INFO [main] org.apache.catalina.startup.VersionLoggerListener.log Command line argument: -Djava.util.logging.manager=org.apache.juli.ClassLoaderLogManager
18-Mar-2026 08:41:03.325 INFO [main] org.apache.catalina.startup.VersionLoggerListener.log Command line argument: -Djdk.tls.ephemeralDHKeySize=2048
18-Mar-2026 08:41:03.326 INFO [main] org.apache.catalina.startup.VersionLoggerListener.log Command line argument: -Djava.protocol.handler.pkgs=org.apache.catalina.webresources
18-Mar-2026 08:41:03.326 INFO [main] org.apache.catalina.startup.VersionLoggerListener.log Command line argument: -Dsun.io.useCanonCaches=false
18-Mar-2026 08:41:03.326 INFO [main] org.apache.catalina.startup.VersionLoggerListener.log Command line argument: --add-opens=java.base/java.lang=ALL-UNNAMED
18-Mar-2026 08:41:03.327 INFO [main] org.apache.catalina.startup.VersionLoggerListener.log Command line argument: --add-opens=java.base/java.lang.reflect=ALL-UNNAMED
18-Mar-2026 08:41:03.327 INFO [main] org.apache.catalina.startup.VersionLoggerListener.log Command line argument: --add-opens=java.base/java.io=ALL-UNNAMED
18-Mar-2026 08:41:03.328 INFO [main] org.apache.catalina.startup.VersionLoggerListener.log Command line argument: --add-opens=java.base/java.util=ALL-UNNAMED
18-Mar-2026 08:41:03.328 INFO [main] org.apache.catalina.startup.VersionLoggerListener.log Command line argument: --add-opens=java.base/java.util.concurrent=ALL-UNNAMED
18-Mar-2026 08:41:03.330 INFO [main] org.apache.catalina.startup.VersionLoggerListener.log Command line argument: --add-opens=java.rmi/sun.rmi.transport=ALL-UNNAMED
18-Mar-2026 08:41:03.330 INFO [main] org.apache.catalina.startup.VersionLoggerListener.log Command line argument: -Dcatalina.base=C:\Users\HRITIKA SINGH\Documents\Web-Programming-PRG240\SpringMvcHelloWorld 1\SpringMvcHelloWorld 1\apache-tomcat-10.1.52
18-Mar-2026 08:41:03.331 INFO [main] org.apache.catalina.startup.VersionLoggerListener.log Command line argument: -Dcatalina.home=C:\Users\HRITIKA SINGH\Documents\Web-Programming-PRG240\SpringMvcHelloWorld 1\SpringMvcHelloWorld 1\apache-tomcat-10.1.52
18-Mar-2026 08:41:03.331 INFO [main] org.apache.catalina.startup.VersionLoggerListener.log Command line argument: -Djava.io.tmpdir=C:\Users\HRITIKA SINGH\Documents\Web-Programming-PRG240\SpringMvcHelloWorld 1\SpringMvcHelloWorld 1\apache-tomcat-10.1.52\temp
18-Mar-2026 08:41:03.344 INFO [main] org.apache.catalina.core.AprLifecycleListener.lifecycleEvent Loaded Apache Tomcat Native library [2.0.12] using APR version [1.7.6].
18-Mar-2026 08:41:03.376 INFO [main] org.apache.catalina.core.AprLifecycleListener.initializeSSL OpenSSL successfully initialized [OpenSSL 3.5.4 30 Sep 2025]
18-Mar-2026 08:41:03.992 INFO [main] org.apache.coyote.AbstractProtocol.init Initializing ProtocolHandler ["http-nio-8080"]
18-Mar-2026 08:41:04.059 INFO [main] org.apache.catalina.startup.Catalina.load Server initialization in [1189] milliseconds
18-Mar-2026 08:41:04.251 INFO [main] org.apache.catalina.core.StandardService.startInternal Starting service [Catalina]
18-Mar-2026 08:41:04.252 INFO [main] org.apache.catalina.core.StandardEngine.startInternal Starting Servlet engine: [Apache Tomcat/10.1.52]
18-Mar-2026 08:41:04.338 INFO [main] org.apache.catalina.startup.HostConfig.deployWAR Deploying web application archive [C:\Users\HRITIKA SINGH\Documents\Web-Programming-PRG240\SpringMvcHelloWorld 1\SpringMvcHelloWorld 1\apache-tomcat-10.1.52\webapps\SpringMvcHelloWorld.war]
18-Mar-2026 08:41:04.403 INFO [main] org.apache.catalina.startup.ExpandWar.expand An expanded directory [C:\Users\HRITIKA SINGH\Documents\Web-Programming-PRG240\SpringMvcHelloWorld 1\SpringMvcHelloWorld 1\apache-tomcat-10.1.52\webapps\SpringMvcHelloWorld] was found with a last modified time that did not match the associated WAR. It will be deleted.
18-Mar-2026 08:41:10.193 INFO [main] org.apache.jasper.servlet.TldScanner.scanJars At least one JAR was scanned for TLDs yet contained no TLDs. Enable debug logging for this logger for a complete list of JARs that were scanned but no TLDs were found in them. Skipping unneeded JARs during scanning can improve startup time and JSP compilation time.
18-Mar-2026 08:41:10.704 WARNING [main] org.apache.catalina.util.SessionIdGeneratorBase.createSecureRandom Creation of SecureRandom instance for session ID generation using [SHA1PRNG] took [113] milliseconds.
18-Mar-2026 08:41:11.247 INFO [main] org.springframework.web.servlet.FrameworkServlet.initServletBean Initializing Servlet 'dispatcher'
18-Mar-2026 08:41:14.779 INFO [main] org.springframework.web.servlet.FrameworkServlet.initServletBean Completed initialization in 3530 ms
18-Mar-2026 08:41:14.813 INFO [main] org.apache.catalina.startup.HostConfig.deployWAR Deployment of web application archive [C:\Users\HRITIKA SINGH\Documents\Web-Programming-PRG240\SpringMvcHelloWorld 1\SpringMvcHelloWorld 1\apache-tomcat-10.1.52\webapps\SpringMvcHelloWorld.war] has finished in [10,476] ms
18-Mar-2026 08:41:14.819 INFO [main] org.apache.catalina.startup.HostConfig.deployDirectory Deploying web application directory [C:\Users\HRITIKA SINGH\Documents\Web-Programming-PRG240\SpringMvcHelloWorld 1\SpringMvcHelloWorld 1\apache-tomcat-10.1.52\webapps\docs]
18-Mar-2026 08:41:14.953 INFO [main] org.apache.catalina.startup.HostConfig.deployDirectory Deployment of web application directory [C:\Users\HRITIKA SINGH\Documents\Web-Programming-PRG240\SpringMvcHelloWorld 1\SpringMvcHelloWorld 1\apache-tomcat-10.1.52\webapps\docs] has finished in [137] ms
18-Mar-2026 08:41:14.957 INFO [main] org.apache.catalina.startup.HostConfig.deployDirectory Deploying web application directory [C:\Users\HRITIKA SINGH\Documents\Web-Programming-PRG240\SpringMvcHelloWorld 1\SpringMvcHelloWorld 1\apache-tomcat-10.1.52\webapps\examples]
18-Mar-2026 08:41:16.340 INFO [main] org.apache.catalina.startup.HostConfig.deployDirectory Deployment of web application directory [C:\Users\HRITIKA SINGH\Documents\Web-Programming-PRG240\SpringMvcHelloWorld 1\SpringMvcHelloWorld 1\apache-tomcat-10.1.52\webapps\examples] has finished in [1,383] ms
18-Mar-2026 08:41:16.341 INFO [main] org.apache.catalina.startup.HostConfig.deployDirectory Deploying web application directory [C:\Users\HRITIKA SINGH\Documents\Web-Programming-PRG240\SpringMvcHelloWorld 1\SpringMvcHelloWorld 1\apache-tomcat-10.1.52\webapps\host-manager]
18-Mar-2026 08:41:16.441 INFO [main] org.apache.catalina.startup.HostConfig.deployDirectory Deployment of web application directory [C:\Users\HRITIKA SINGH\Documents\Web-Programming-PRG240\SpringMvcHelloWorld 1\SpringMvcHelloWorld 1\apache-tomcat-10.1.52\webapps\host-manager] has finished in [101] ms
18-Mar-2026 08:41:16.442 INFO [main] org.apache.catalina.startup.HostConfig.deployDirectory Deploying web application directory [C:\Users\HRITIKA SINGH\Documents\Web-Programming-PRG240\SpringMvcHelloWorld 1\SpringMvcHelloWorld 1\apache-tomcat-10.1.52\webapps\manager]
18-Mar-2026 08:41:16.530 INFO [main] org.apache.catalina.startup.HostConfig.deployDirectory Deployment of web application directory [C:\Users\HRITIKA SINGH\Documents\Web-Programming-PRG240\SpringMvcHelloWorld 1\SpringMvcHelloWorld 1\apache-tomcat-10.1.52\webapps\manager] has finished in [88] ms
18-Mar-2026 08:41:16.531 INFO [main] org.apache.catalina.startup.HostConfig.deployDirectory Deploying web application directory [C:\Users\HRITIKA SINGH\Documents\Web-Programming-PRG240\SpringMvcHelloWorld 1\SpringMvcHelloWorld 1\apache-tomcat-10.1.52\webapps\ROOT]
18-Mar-2026 08:41:16.605 INFO [main] org.apache.catalina.startup.HostConfig.deployDirectory Deployment of web application directory [C:\Users\HRITIKA SINGH\Documents\Web-Programming-PRG240\SpringMvcHelloWorld 1\SpringMvcHelloWorld 1\apache-tomcat-10.1.52\webapps\ROOT] has finished in [74] ms
18-Mar-2026 08:41:16.616 INFO [main] org.apache.coyote.AbstractProtocol.start Starting ProtocolHandler ["http-nio-8080"]
18-Mar-2026 08:41:16.685 INFO [main] org.apache.catalina.startup.Catalina.start Server startup in [12622] milliseconds
18-Mar-2026 16:45:18.965 INFO [main] org.apache.catalina.startup.VersionLoggerListener.log Server version name:   Apache Tomcat/10.1.52
18-Mar-2026 16:45:18.968 INFO [main] org.apache.catalina.startup.VersionLoggerListener.log Server built:          Jan 23 2026 19:29:07 UTC
18-Mar-2026 16:45:18.969 INFO [main] org.apache.catalina.startup.VersionLoggerListener.log Server version number: 10.1.52.0
18-Mar-2026 16:45:18.969 INFO [main] org.apache.catalina.startup.VersionLoggerListener.log OS Name:               Windows 11
18-Mar-2026 16:45:18.969 INFO [main] org.apache.catalina.startup.VersionLoggerListener.log OS Version:            10.0
18-Mar-2026 16:45:18.970 INFO [main] org.apache.catalina.startup.VersionLoggerListener.log Architecture:          amd64
18-Mar-2026 16:45:18.970 INFO [main] org.apache.catalina.startup.VersionLoggerListener.log Java Home:             C:\Program Files\Java\jdk-24
18-Mar-2026 16:45:18.970 INFO [main] org.apache.catalina.startup.VersionLoggerListener.log JVM Version:           24.0.1+9-30
18-Mar-2026 16:45:18.970 INFO [main] org.apache.catalina.startup.VersionLoggerListener.log JVM Vendor:            Oracle Corporation
18-Mar-2026 16:45:18.970 INFO [main] org.apache.catalina.startup.VersionLoggerListener.log CATALINA_BASE:         C:\Users\HRITIKA SINGH\Documents\Web-Programming-PRG240\SpringMvcHelloWorld 1\SpringMvcHelloWorld 1\apache-tomcat-10.1.52
18-Mar-2026 16:45:18.970 INFO [main] org.apache.catalina.startup.VersionLoggerListener.log CATALINA_HOME:         C:\Users\HRITIKA SINGH\Documents\Web-Programming-PRG240\SpringMvcHelloWorld 1\SpringMvcHelloWorld 1\apache-tomcat-10.1.52
18-Mar-2026 16:45:19.015 INFO [main] org.apache.catalina.startup.VersionLoggerListener.log Command line argument: -Djava.util.logging.config.file=C:\Users\HRITIKA SINGH\Documents\Web-Programming-PRG240\SpringMvcHelloWorld 1\SpringMvcHelloWorld 1\apache-tomcat-10.1.52\conf\logging.properties
18-Mar-2026 16:45:19.015 INFO [main] org.apache.catalina.startup.VersionLoggerListener.log Command line argument: -Djava.util.logging.manager=org.apache.juli.ClassLoaderLogManager
18-Mar-2026 16:45:19.016 INFO [main] org.apache.catalina.startup.VersionLoggerListener.log Command line argument: -Djdk.tls.ephemeralDHKeySize=2048
18-Mar-2026 16:45:19.016 INFO [main] org.apache.catalina.startup.VersionLoggerListener.log Command line argument: -Djava.protocol.handler.pkgs=org.apache.catalina.webresources
18-Mar-2026 16:45:19.016 INFO [main] org.apache.catalina.startup.VersionLoggerListener.log Command line argument: -Dsun.io.useCanonCaches=false
18-Mar-2026 16:45:19.016 INFO [main] org.apache.catalina.startup.VersionLoggerListener.log Command line argument: --add-opens=java.base/java.lang=ALL-UNNAMED
18-Mar-2026 16:45:19.016 INFO [main] org.apache.catalina.startup.VersionLoggerListener.log Command line argument: --add-opens=java.base/java.lang.reflect=ALL-UNNAMED
18-Mar-2026 16:45:19.017 INFO [main] org.apache.catalina.startup.VersionLoggerListener.log Command line argument: --add-opens=java.base/java.io=ALL-UNNAMED
18-Mar-2026 16:45:19.017 INFO [main] org.apache.catalina.startup.VersionLoggerListener.log Command line argument: --add-opens=java.base/java.util=ALL-UNNAMED
18-Mar-2026 16:45:19.017 INFO [main] org.apache.catalina.startup.VersionLoggerListener.log Command line argument: --add-opens=java.base/java.util.concurrent=ALL-UNNAMED
18-Mar-2026 16:45:19.017 INFO [main] org.apache.catalina.startup.VersionLoggerListener.log Command line argument: --add-opens=java.rmi/sun.rmi.transport=ALL-UNNAMED
18-Mar-2026 16:45:19.018 INFO [main] org.apache.catalina.startup.VersionLoggerListener.log Command line argument: -Dcatalina.base=C:\Users\HRITIKA SINGH\Documents\Web-Programming-PRG240\SpringMvcHelloWorld 1\SpringMvcHelloWorld 1\apache-tomcat-10.1.52
18-Mar-2026 16:45:19.018 INFO [main] org.apache.catalina.startup.VersionLoggerListener.log Command line argument: -Dcatalina.home=C:\Users\HRITIKA SINGH\Documents\Web-Programming-PRG240\SpringMvcHelloWorld 1\SpringMvcHelloWorld 1\apache-tomcat-10.1.52
18-Mar-2026 16:45:19.019 INFO [main] org.apache.catalina.startup.VersionLoggerListener.log Command line argument: -Djava.io.tmpdir=C:\Users\HRITIKA SINGH\Documents\Web-Programming-PRG240\SpringMvcHelloWorld 1\SpringMvcHelloWorld 1\apache-tomcat-10.1.52\temp
18-Mar-2026 16:45:19.030 INFO [main] org.apache.catalina.core.AprLifecycleListener.lifecycleEvent Loaded Apache Tomcat Native library [2.0.12] using APR version [1.7.6].
18-Mar-2026 16:45:19.059 INFO [main] org.apache.catalina.core.AprLifecycleListener.initializeSSL OpenSSL successfully initialized [OpenSSL 3.5.4 30 Sep 2025]
18-Mar-2026 16:45:19.460 INFO [main] org.apache.coyote.AbstractProtocol.init Initializing ProtocolHandler ["http-nio-8080"]
18-Mar-2026 16:45:19.504 INFO [main] org.apache.catalina.startup.Catalina.load Server initialization in [946] milliseconds
18-Mar-2026 16:45:19.608 INFO [main] org.apache.catalina.core.StandardService.startInternal Starting service [Catalina]
18-Mar-2026 16:45:19.608 INFO [main] org.apache.catalina.core.StandardEngine.startInternal Starting Servlet engine: [Apache Tomcat/10.1.52]
18-Mar-2026 16:45:19.659 INFO [main] org.apache.catalina.startup.HostConfig.deployWAR Deploying web application archive [C:\Users\HRITIKA SINGH\Documents\Web-Programming-PRG240\SpringMvcHelloWorld 1\SpringMvcHelloWorld 1\apache-tomcat-10.1.52\webapps\SpringMvcHelloWorld.war]
18-Mar-2026 16:45:19.700 INFO [main] org.apache.catalina.startup.ExpandWar.expand An expanded directory [C:\Users\HRITIKA SINGH\Documents\Web-Programming-PRG240\SpringMvcHelloWorld 1\SpringMvcHelloWorld 1\apache-tomcat-10.1.52\webapps\SpringMvcHelloWorld] was found with a last modified time that did not match the associated WAR. It will be deleted.
18-Mar-2026 16:45:22.239 INFO [main] org.apache.jasper.servlet.TldScanner.scanJars At least one JAR was scanned for TLDs yet contained no TLDs. Enable debug logging for this logger for a complete list of JARs that were scanned but no TLDs were found in them. Skipping unneeded JARs during scanning can improve startup time and JSP compilation time.
18-Mar-2026 16:45:22.633 INFO [main] org.springframework.web.servlet.FrameworkServlet.initServletBean Initializing Servlet 'dispatcher'
18-Mar-2026 16:45:25.067 INFO [main] org.springframework.web.servlet.FrameworkServlet.initServletBean Completed initialization in 2432 ms
18-Mar-2026 16:45:25.096 INFO [main] org.apache.catalina.startup.HostConfig.deployWAR Deployment of web application archive [C:\Users\HRITIKA SINGH\Documents\Web-Programming-PRG240\SpringMvcHelloWorld 1\SpringMvcHelloWorld 1\apache-tomcat-10.1.52\webapps\SpringMvcHelloWorld.war] has finished in [5,433] ms
18-Mar-2026 16:45:25.098 INFO [main] org.apache.catalina.startup.HostConfig.deployDirectory Deploying web application directory [C:\Users\HRITIKA SINGH\Documents\Web-Programming-PRG240\SpringMvcHelloWorld 1\SpringMvcHelloWorld 1\apache-tomcat-10.1.52\webapps\docs]
18-Mar-2026 16:45:25.196 INFO [main] org.apache.catalina.startup.HostConfig.deployDirectory Deployment of web application directory [C:\Users\HRITIKA SINGH\Documents\Web-Programming-PRG240\SpringMvcHelloWorld 1\SpringMvcHelloWorld 1\apache-tomcat-10.1.52\webapps\docs] has finished in [97] ms
18-Mar-2026 16:45:25.198 INFO [main] org.apache.catalina.startup.HostConfig.deployDirectory Deploying web application directory [C:\Users\HRITIKA SINGH\Documents\Web-Programming-PRG240\SpringMvcHelloWorld 1\SpringMvcHelloWorld 1\apache-tomcat-10.1.52\webapps\examples]
18-Mar-2026 16:45:26.320 INFO [main] org.apache.catalina.startup.HostConfig.deployDirectory Deployment of web application directory [C:\Users\HRITIKA SINGH\Documents\Web-Programming-PRG240\SpringMvcHelloWorld 1\SpringMvcHelloWorld 1\apache-tomcat-10.1.52\webapps\examples] has finished in [1,124] ms
18-Mar-2026 16:45:26.322 INFO [main] org.apache.catalina.startup.HostConfig.deployDirectory Deploying web application directory [C:\Users\HRITIKA SINGH\Documents\Web-Programming-PRG240\SpringMvcHelloWorld 1\SpringMvcHelloWorld 1\apache-tomcat-10.1.52\webapps\host-manager]
18-Mar-2026 16:45:26.411 INFO [main] org.apache.catalina.startup.HostConfig.deployDirectory Deployment of web application directory [C:\Users\HRITIKA SINGH\Documents\Web-Programming-PRG240\SpringMvcHelloWorld 1\SpringMvcHelloWorld 1\apache-tomcat-10.1.52\webapps\host-manager] has finished in [87] ms
18-Mar-2026 16:45:26.412 INFO [main] org.apache.catalina.startup.HostConfig.deployDirectory Deploying web application directory [C:\Users\HRITIKA SINGH\Documents\Web-Programming-PRG240\SpringMvcHelloWorld 1\SpringMvcHelloWorld 1\apache-tomcat-10.1.52\webapps\manager]
18-Mar-2026 16:45:26.486 INFO [main] org.apache.catalina.startup.HostConfig.deployDirectory Deployment of web application directory [C:\Users\HRITIKA SINGH\Documents\Web-Programming-PRG240\SpringMvcHelloWorld 1\SpringMvcHelloWorld 1\apache-tomcat-10.1.52\webapps\manager] has finished in [74] ms
18-Mar-2026 16:45:26.487 INFO [main] org.apache.catalina.startup.HostConfig.deployDirectory Deploying web application directory [C:\Users\HRITIKA SINGH\Documents\Web-Programming-PRG240\SpringMvcHelloWorld 1\SpringMvcHelloWorld 1\apache-tomcat-10.1.52\webapps\ROOT]
18-Mar-2026 16:45:26.536 INFO [main] org.apache.catalina.startup.HostConfig.deployDirectory Deployment of web application directory [C:\Users\HRITIKA SINGH\Documents\Web-Programming-PRG240\SpringMvcHelloWorld 1\SpringMvcHelloWorld 1\apache-tomcat-10.1.52\webapps\ROOT] has finished in [48] ms
18-Mar-2026 16:45:26.543 INFO [main] org.apache.coyote.AbstractProtocol.start Starting ProtocolHandler ["http-nio-8080"]
18-Mar-2026 16:45:26.609 INFO [main] org.apache.catalina.startup.Catalina.start Server startup in [7101] milliseconds
18-Mar-2026 16:46:20.126 WARNING [http-nio-8080-exec-6] org.springframework.web.servlet.DispatcherServlet.noHandlerFound No mapping for GET /SpringMvcHelloWorld/register'
18-Mar-2026 16:46:20.151 WARNING [http-nio-8080-exec-6] org.springframework.web.servlet.mvc.support.DefaultHandlerExceptionResolver.handleNoHandlerFoundException No endpoint GET /SpringMvcHelloWorld/register'.
