25-Apr-2026 11:48:18.660 INFO [main] org.apache.catalina.startup.VersionLoggerListener.log Server version name:   Apache Tomcat/10.1.52
25-Apr-2026 11:48:18.666 INFO [main] org.apache.catalina.startup.VersionLoggerListener.log Server built:          Jan 23 2026 19:29:07 UTC
25-Apr-2026 11:48:18.666 INFO [main] org.apache.catalina.startup.VersionLoggerListener.log Server version number: 10.1.52.0
25-Apr-2026 11:48:18.667 INFO [main] org.apache.catalina.startup.VersionLoggerListener.log OS Name:               Windows 11
25-Apr-2026 11:48:18.667 INFO [main] org.apache.catalina.startup.VersionLoggerListener.log OS Version:            10.0
25-Apr-2026 11:48:18.668 INFO [main] org.apache.catalina.startup.VersionLoggerListener.log Architecture:          amd64
25-Apr-2026 11:48:18.668 INFO [main] org.apache.catalina.startup.VersionLoggerListener.log Java Home:             C:\Program Files\Java\jdk-24
25-Apr-2026 11:48:18.669 INFO [main] org.apache.catalina.startup.VersionLoggerListener.log JVM Version:           24.0.1+9-30
25-Apr-2026 11:48:18.670 INFO [main] org.apache.catalina.startup.VersionLoggerListener.log JVM Vendor:            Oracle Corporation
25-Apr-2026 11:48:18.671 INFO [main] org.apache.catalina.startup.VersionLoggerListener.log CATALINA_BASE:         C:\Users\HRITIKA SINGH\Documents\Web-Programming-PRG240\SpringMvcHelloWorld 1\SpringMvcHelloWorld 1\apache-tomcat-10.1.52
25-Apr-2026 11:48:18.673 INFO [main] org.apache.catalina.startup.VersionLoggerListener.log CATALINA_HOME:         C:\Users\HRITIKA SINGH\Documents\Web-Programming-PRG240\SpringMvcHelloWorld 1\SpringMvcHelloWorld 1\apache-tomcat-10.1.52
25-Apr-2026 11:48:18.694 INFO [main] org.apache.catalina.startup.VersionLoggerListener.log Command line argument: -Djava.util.logging.config.file=C:\Users\HRITIKA SINGH\Documents\Web-Programming-PRG240\SpringMvcHelloWorld 1\SpringMvcHelloWorld 1\apache-tomcat-10.1.52\conf\logging.properties
25-Apr-2026 11:48:18.695 INFO [main] org.apache.catalina.startup.VersionLoggerListener.log Command line argument: -Djava.util.logging.manager=org.apache.juli.ClassLoaderLogManager
25-Apr-2026 11:48:18.695 INFO [main] org.apache.catalina.startup.VersionLoggerListener.log Command line argument: -Djdk.tls.ephemeralDHKeySize=2048
25-Apr-2026 11:48:18.696 INFO [main] org.apache.catalina.startup.VersionLoggerListener.log Command line argument: -Djava.protocol.handler.pkgs=org.apache.catalina.webresources
25-Apr-2026 11:48:18.696 INFO [main] org.apache.catalina.startup.VersionLoggerListener.log Command line argument: -Dsun.io.useCanonCaches=false
25-Apr-2026 11:48:18.696 INFO [main] org.apache.catalina.startup.VersionLoggerListener.log Command line argument: --add-opens=java.base/java.lang=ALL-UNNAMED
25-Apr-2026 11:48:18.696 INFO [main] org.apache.catalina.startup.VersionLoggerListener.log Command line argument: --add-opens=java.base/java.lang.reflect=ALL-UNNAMED
25-Apr-2026 11:48:18.697 INFO [main] org.apache.catalina.startup.VersionLoggerListener.log Command line argument: --add-opens=java.base/java.io=ALL-UNNAMED
25-Apr-2026 11:48:18.697 INFO [main] org.apache.catalina.startup.VersionLoggerListener.log Command line argument: --add-opens=java.base/java.util=ALL-UNNAMED
25-Apr-2026 11:48:18.697 INFO [main] org.apache.catalina.startup.VersionLoggerListener.log Command line argument: --add-opens=java.base/java.util.concurrent=ALL-UNNAMED
25-Apr-2026 11:48:18.698 INFO [main] org.apache.catalina.startup.VersionLoggerListener.log Command line argument: --add-opens=java.rmi/sun.rmi.transport=ALL-UNNAMED
25-Apr-2026 11:48:18.698 INFO [main] org.apache.catalina.startup.VersionLoggerListener.log Command line argument: -Dcatalina.base=C:\Users\HRITIKA SINGH\Documents\Web-Programming-PRG240\SpringMvcHelloWorld 1\SpringMvcHelloWorld 1\apache-tomcat-10.1.52
25-Apr-2026 11:48:18.698 INFO [main] org.apache.catalina.startup.VersionLoggerListener.log Command line argument: -Dcatalina.home=C:\Users\HRITIKA SINGH\Documents\Web-Programming-PRG240\SpringMvcHelloWorld 1\SpringMvcHelloWorld 1\apache-tomcat-10.1.52
25-Apr-2026 11:48:18.698 INFO [main] org.apache.catalina.startup.VersionLoggerListener.log Command line argument: -Djava.io.tmpdir=C:\Users\HRITIKA SINGH\Documents\Web-Programming-PRG240\SpringMvcHelloWorld 1\SpringMvcHelloWorld 1\apache-tomcat-10.1.52\temp
25-Apr-2026 11:48:18.711 INFO [main] org.apache.catalina.core.AprLifecycleListener.lifecycleEvent Loaded Apache Tomcat Native library [2.0.12] using APR version [1.7.6].
25-Apr-2026 11:48:18.827 INFO [main] org.apache.catalina.core.AprLifecycleListener.initializeSSL OpenSSL successfully initialized [OpenSSL 3.5.4 30 Sep 2025]
25-Apr-2026 11:48:19.457 INFO [main] org.apache.coyote.AbstractProtocol.init Initializing ProtocolHandler ["http-nio-8080"]
25-Apr-2026 11:48:19.519 INFO [main] org.apache.catalina.startup.Catalina.load Server initialization in [1257] milliseconds
25-Apr-2026 11:48:19.663 INFO [main] org.apache.catalina.core.StandardService.startInternal Starting service [Catalina]
25-Apr-2026 11:48:19.664 INFO [main] org.apache.catalina.core.StandardEngine.startInternal Starting Servlet engine: [Apache Tomcat/10.1.52]
25-Apr-2026 11:48:19.737 INFO [main] org.apache.catalina.startup.HostConfig.deployWAR Deploying web application archive [C:\Users\HRITIKA SINGH\Documents\Web-Programming-PRG240\SpringMvcHelloWorld 1\SpringMvcHelloWorld 1\apache-tomcat-10.1.52\webapps\SpringMvcHelloWorld.war]
25-Apr-2026 11:48:19.796 INFO [main] org.apache.catalina.startup.ExpandWar.expand An expanded directory [C:\Users\HRITIKA SINGH\Documents\Web-Programming-PRG240\SpringMvcHelloWorld 1\SpringMvcHelloWorld 1\apache-tomcat-10.1.52\webapps\SpringMvcHelloWorld] was found with a last modified time that did not match the associated WAR. It will be deleted.
25-Apr-2026 11:48:28.330 INFO [main] org.apache.jasper.servlet.TldScanner.scanJars At least one JAR was scanned for TLDs yet contained no TLDs. Enable debug logging for this logger for a complete list of JARs that were scanned but no TLDs were found in them. Skipping unneeded JARs during scanning can improve startup time and JSP compilation time.
25-Apr-2026 11:48:37.197 INFO [main] org.apache.catalina.startup.HostConfig.deployWAR Deployment of web application archive [C:\Users\HRITIKA SINGH\Documents\Web-Programming-PRG240\SpringMvcHelloWorld 1\SpringMvcHelloWorld 1\apache-tomcat-10.1.52\webapps\SpringMvcHelloWorld.war] has finished in [17,459] ms
25-Apr-2026 11:48:37.197 INFO [main] org.apache.catalina.startup.HostConfig.deployDirectory Deploying web application directory [C:\Users\HRITIKA SINGH\Documents\Web-Programming-PRG240\SpringMvcHelloWorld 1\SpringMvcHelloWorld 1\apache-tomcat-10.1.52\webapps\docs]
25-Apr-2026 11:48:37.291 INFO [main] org.apache.catalina.startup.HostConfig.deployDirectory Deployment of web application directory [C:\Users\HRITIKA SINGH\Documents\Web-Programming-PRG240\SpringMvcHelloWorld 1\SpringMvcHelloWorld 1\apache-tomcat-10.1.52\webapps\docs] has finished in [94] ms
25-Apr-2026 11:48:37.291 INFO [main] org.apache.catalina.startup.HostConfig.deployDirectory Deploying web application directory [C:\Users\HRITIKA SINGH\Documents\Web-Programming-PRG240\SpringMvcHelloWorld 1\SpringMvcHelloWorld 1\apache-tomcat-10.1.52\webapps\examples]
25-Apr-2026 11:48:38.414 INFO [main] org.apache.catalina.startup.HostConfig.deployDirectory Deployment of web application directory [C:\Users\HRITIKA SINGH\Documents\Web-Programming-PRG240\SpringMvcHelloWorld 1\SpringMvcHelloWorld 1\apache-tomcat-10.1.52\webapps\examples] has finished in [1,123] ms
25-Apr-2026 11:48:38.414 INFO [main] org.apache.catalina.startup.HostConfig.deployDirectory Deploying web application directory [C:\Users\HRITIKA SINGH\Documents\Web-Programming-PRG240\SpringMvcHelloWorld 1\SpringMvcHelloWorld 1\apache-tomcat-10.1.52\webapps\host-manager]
25-Apr-2026 11:48:38.524 INFO [main] org.apache.catalina.startup.HostConfig.deployDirectory Deployment of web application directory [C:\Users\HRITIKA SINGH\Documents\Web-Programming-PRG240\SpringMvcHelloWorld 1\SpringMvcHelloWorld 1\apache-tomcat-10.1.52\webapps\host-manager] has finished in [110] ms
25-Apr-2026 11:48:38.524 INFO [main] org.apache.catalina.startup.HostConfig.deployDirectory Deploying web application directory [C:\Users\HRITIKA SINGH\Documents\Web-Programming-PRG240\SpringMvcHelloWorld 1\SpringMvcHelloWorld 1\apache-tomcat-10.1.52\webapps\manager]
25-Apr-2026 11:48:38.605 INFO [main] org.apache.catalina.startup.HostConfig.deployDirectory Deployment of web application directory [C:\Users\HRITIKA SINGH\Documents\Web-Programming-PRG240\SpringMvcHelloWorld 1\SpringMvcHelloWorld 1\apache-tomcat-10.1.52\webapps\manager] has finished in [81] ms
25-Apr-2026 11:48:38.615 INFO [main] org.apache.catalina.startup.HostConfig.deployDirectory Deploying web application directory [C:\Users\HRITIKA SINGH\Documents\Web-Programming-PRG240\SpringMvcHelloWorld 1\SpringMvcHelloWorld 1\apache-tomcat-10.1.52\webapps\ROOT]
25-Apr-2026 11:48:38.672 INFO [main] org.apache.catalina.startup.HostConfig.deployDirectory Deployment of web application directory [C:\Users\HRITIKA SINGH\Documents\Web-Programming-PRG240\SpringMvcHelloWorld 1\SpringMvcHelloWorld 1\apache-tomcat-10.1.52\webapps\ROOT] has finished in [57] ms
25-Apr-2026 11:48:38.687 INFO [main] org.apache.coyote.AbstractProtocol.start Starting ProtocolHandler ["http-nio-8080"]
25-Apr-2026 11:48:38.748 INFO [main] org.apache.catalina.startup.Catalina.start Server startup in [19224] milliseconds
25-Apr-2026 12:08:13.165 INFO [main] org.apache.catalina.startup.VersionLoggerListener.log Server version name:   Apache Tomcat/10.1.52
25-Apr-2026 12:08:13.170 INFO [main] org.apache.catalina.startup.VersionLoggerListener.log Server built:          Jan 23 2026 19:29:07 UTC
25-Apr-2026 12:08:13.170 INFO [main] org.apache.catalina.startup.VersionLoggerListener.log Server version number: 10.1.52.0
25-Apr-2026 12:08:13.171 INFO [main] org.apache.catalina.startup.VersionLoggerListener.log OS Name:               Windows 11
25-Apr-2026 12:08:13.172 INFO [main] org.apache.catalina.startup.VersionLoggerListener.log OS Version:            10.0
25-Apr-2026 12:08:13.172 INFO [main] org.apache.catalina.startup.VersionLoggerListener.log Architecture:          amd64
25-Apr-2026 12:08:13.173 INFO [main] org.apache.catalina.startup.VersionLoggerListener.log Java Home:             C:\Program Files\Java\jdk-24
25-Apr-2026 12:08:13.173 INFO [main] org.apache.catalina.startup.VersionLoggerListener.log JVM Version:           24.0.1+9-30
25-Apr-2026 12:08:13.173 INFO [main] org.apache.catalina.startup.VersionLoggerListener.log JVM Vendor:            Oracle Corporation
25-Apr-2026 12:08:13.174 INFO [main] org.apache.catalina.startup.VersionLoggerListener.log CATALINA_BASE:         C:\Users\HRITIKA SINGH\Documents\Web-Programming-PRG240\SpringMvcHelloWorld 1\SpringMvcHelloWorld 1\apache-tomcat-10.1.52
25-Apr-2026 12:08:13.175 INFO [main] org.apache.catalina.startup.VersionLoggerListener.log CATALINA_HOME:         C:\Users\HRITIKA SINGH\Documents\Web-Programming-PRG240\SpringMvcHelloWorld 1\SpringMvcHelloWorld 1\apache-tomcat-10.1.52
25-Apr-2026 12:08:13.201 INFO [main] org.apache.catalina.startup.VersionLoggerListener.log Command line argument: -Djava.util.logging.config.file=C:\Users\HRITIKA SINGH\Documents\Web-Programming-PRG240\SpringMvcHelloWorld 1\SpringMvcHelloWorld 1\apache-tomcat-10.1.52\conf\logging.properties
25-Apr-2026 12:08:13.202 INFO [main] org.apache.catalina.startup.VersionLoggerListener.log Command line argument: -Djava.util.logging.manager=org.apache.juli.ClassLoaderLogManager
25-Apr-2026 12:08:13.202 INFO [main] org.apache.catalina.startup.VersionLoggerListener.log Command line argument: -Djdk.tls.ephemeralDHKeySize=2048
25-Apr-2026 12:08:13.203 INFO [main] org.apache.catalina.startup.VersionLoggerListener.log Command line argument: -Djava.protocol.handler.pkgs=org.apache.catalina.webresources
25-Apr-2026 12:08:13.203 INFO [main] org.apache.catalina.startup.VersionLoggerListener.log Command line argument: -Dsun.io.useCanonCaches=false
25-Apr-2026 12:08:13.203 INFO [main] org.apache.catalina.startup.VersionLoggerListener.log Command line argument: --add-opens=java.base/java.lang=ALL-UNNAMED
25-Apr-2026 12:08:13.203 INFO [main] org.apache.catalina.startup.VersionLoggerListener.log Command line argument: --add-opens=java.base/java.lang.reflect=ALL-UNNAMED
25-Apr-2026 12:08:13.204 INFO [main] org.apache.catalina.startup.VersionLoggerListener.log Command line argument: --add-opens=java.base/java.io=ALL-UNNAMED
25-Apr-2026 12:08:13.204 INFO [main] org.apache.catalina.startup.VersionLoggerListener.log Command line argument: --add-opens=java.base/java.util=ALL-UNNAMED
25-Apr-2026 12:08:13.204 INFO [main] org.apache.catalina.startup.VersionLoggerListener.log Command line argument: --add-opens=java.base/java.util.concurrent=ALL-UNNAMED
25-Apr-2026 12:08:13.204 INFO [main] org.apache.catalina.startup.VersionLoggerListener.log Command line argument: --add-opens=java.rmi/sun.rmi.transport=ALL-UNNAMED
25-Apr-2026 12:08:13.205 INFO [main] org.apache.catalina.startup.VersionLoggerListener.log Command line argument: -Dcatalina.base=C:\Users\HRITIKA SINGH\Documents\Web-Programming-PRG240\SpringMvcHelloWorld 1\SpringMvcHelloWorld 1\apache-tomcat-10.1.52
25-Apr-2026 12:08:13.205 INFO [main] org.apache.catalina.startup.VersionLoggerListener.log Command line argument: -Dcatalina.home=C:\Users\HRITIKA SINGH\Documents\Web-Programming-PRG240\SpringMvcHelloWorld 1\SpringMvcHelloWorld 1\apache-tomcat-10.1.52
25-Apr-2026 12:08:13.206 INFO [main] org.apache.catalina.startup.VersionLoggerListener.log Command line argument: -Djava.io.tmpdir=C:\Users\HRITIKA SINGH\Documents\Web-Programming-PRG240\SpringMvcHelloWorld 1\SpringMvcHelloWorld 1\apache-tomcat-10.1.52\temp
25-Apr-2026 12:08:13.213 INFO [main] org.apache.catalina.core.AprLifecycleListener.lifecycleEvent Loaded Apache Tomcat Native library [2.0.12] using APR version [1.7.6].
25-Apr-2026 12:08:13.227 INFO [main] org.apache.catalina.core.AprLifecycleListener.initializeSSL OpenSSL successfully initialized [OpenSSL 3.5.4 30 Sep 2025]
25-Apr-2026 12:08:13.761 INFO [main] org.apache.coyote.AbstractProtocol.init Initializing ProtocolHandler ["http-nio-8080"]
25-Apr-2026 12:08:13.818 INFO [main] org.apache.catalina.startup.Catalina.load Server initialization in [1052] milliseconds
25-Apr-2026 12:08:13.917 INFO [main] org.apache.catalina.core.StandardService.startInternal Starting service [Catalina]
25-Apr-2026 12:08:13.917 INFO [main] org.apache.catalina.core.StandardEngine.startInternal Starting Servlet engine: [Apache Tomcat/10.1.52]
25-Apr-2026 12:08:13.977 INFO [main] org.apache.catalina.startup.HostConfig.deployWAR Deploying web application archive [C:\Users\HRITIKA SINGH\Documents\Web-Programming-PRG240\SpringMvcHelloWorld 1\SpringMvcHelloWorld 1\apache-tomcat-10.1.52\webapps\SpringMvcHelloWorld.war]
25-Apr-2026 12:08:20.697 INFO [main] org.apache.jasper.servlet.TldScanner.scanJars At least one JAR was scanned for TLDs yet contained no TLDs. Enable debug logging for this logger for a complete list of JARs that were scanned but no TLDs were found in them. Skipping unneeded JARs during scanning can improve startup time and JSP compilation time.
25-Apr-2026 12:08:29.356 INFO [main] org.apache.catalina.startup.HostConfig.deployWAR Deployment of web application archive [C:\Users\HRITIKA SINGH\Documents\Web-Programming-PRG240\SpringMvcHelloWorld 1\SpringMvcHelloWorld 1\apache-tomcat-10.1.52\webapps\SpringMvcHelloWorld.war] has finished in [15,375] ms
25-Apr-2026 12:08:29.357 INFO [main] org.apache.catalina.startup.HostConfig.deployDirectory Deploying web application directory [C:\Users\HRITIKA SINGH\Documents\Web-Programming-PRG240\SpringMvcHelloWorld 1\SpringMvcHelloWorld 1\apache-tomcat-10.1.52\webapps\docs]
25-Apr-2026 12:08:29.451 INFO [main] org.apache.catalina.startup.HostConfig.deployDirectory Deployment of web application directory [C:\Users\HRITIKA SINGH\Documents\Web-Programming-PRG240\SpringMvcHelloWorld 1\SpringMvcHelloWorld 1\apache-tomcat-10.1.52\webapps\docs] has finished in [94] ms
25-Apr-2026 12:08:29.451 INFO [main] org.apache.catalina.startup.HostConfig.deployDirectory Deploying web application directory [C:\Users\HRITIKA SINGH\Documents\Web-Programming-PRG240\SpringMvcHelloWorld 1\SpringMvcHelloWorld 1\apache-tomcat-10.1.52\webapps\examples]
25-Apr-2026 12:08:30.526 INFO [main] org.apache.catalina.startup.HostConfig.deployDirectory Deployment of web application directory [C:\Users\HRITIKA SINGH\Documents\Web-Programming-PRG240\SpringMvcHelloWorld 1\SpringMvcHelloWorld 1\apache-tomcat-10.1.52\webapps\examples] has finished in [1,075] ms
25-Apr-2026 12:08:30.526 INFO [main] org.apache.catalina.startup.HostConfig.deployDirectory Deploying web application directory [C:\Users\HRITIKA SINGH\Documents\Web-Programming-PRG240\SpringMvcHelloWorld 1\SpringMvcHelloWorld 1\apache-tomcat-10.1.52\webapps\host-manager]
25-Apr-2026 12:08:30.625 INFO [main] org.apache.catalina.startup.HostConfig.deployDirectory Deployment of web application directory [C:\Users\HRITIKA SINGH\Documents\Web-Programming-PRG240\SpringMvcHelloWorld 1\SpringMvcHelloWorld 1\apache-tomcat-10.1.52\webapps\host-manager] has finished in [99] ms
25-Apr-2026 12:08:30.625 INFO [main] org.apache.catalina.startup.HostConfig.deployDirectory Deploying web application directory [C:\Users\HRITIKA SINGH\Documents\Web-Programming-PRG240\SpringMvcHelloWorld 1\SpringMvcHelloWorld 1\apache-tomcat-10.1.52\webapps\manager]
25-Apr-2026 12:08:30.725 INFO [main] org.apache.catalina.startup.HostConfig.deployDirectory Deployment of web application directory [C:\Users\HRITIKA SINGH\Documents\Web-Programming-PRG240\SpringMvcHelloWorld 1\SpringMvcHelloWorld 1\apache-tomcat-10.1.52\webapps\manager] has finished in [100] ms
25-Apr-2026 12:08:30.725 INFO [main] org.apache.catalina.startup.HostConfig.deployDirectory Deploying web application directory [C:\Users\HRITIKA SINGH\Documents\Web-Programming-PRG240\SpringMvcHelloWorld 1\SpringMvcHelloWorld 1\apache-tomcat-10.1.52\webapps\ROOT]
25-Apr-2026 12:08:30.791 INFO [main] org.apache.catalina.startup.HostConfig.deployDirectory Deployment of web application directory [C:\Users\HRITIKA SINGH\Documents\Web-Programming-PRG240\SpringMvcHelloWorld 1\SpringMvcHelloWorld 1\apache-tomcat-10.1.52\webapps\ROOT] has finished in [66] ms
25-Apr-2026 12:08:30.800 INFO [main] org.apache.coyote.AbstractProtocol.start Starting ProtocolHandler ["http-nio-8080"]
25-Apr-2026 12:08:30.849 INFO [main] org.apache.catalina.startup.Catalina.start Server startup in [17028] milliseconds
25-Apr-2026 12:16:59.436 INFO [main] org.apache.catalina.startup.VersionLoggerListener.log Server version name:   Apache Tomcat/10.1.52
25-Apr-2026 12:16:59.440 INFO [main] org.apache.catalina.startup.VersionLoggerListener.log Server built:          Jan 23 2026 19:29:07 UTC
25-Apr-2026 12:16:59.441 INFO [main] org.apache.catalina.startup.VersionLoggerListener.log Server version number: 10.1.52.0
25-Apr-2026 12:16:59.442 INFO [main] org.apache.catalina.startup.VersionLoggerListener.log OS Name:               Windows 11
25-Apr-2026 12:16:59.442 INFO [main] org.apache.catalina.startup.VersionLoggerListener.log OS Version:            10.0
25-Apr-2026 12:16:59.442 INFO [main] org.apache.catalina.startup.VersionLoggerListener.log Architecture:          amd64
25-Apr-2026 12:16:59.442 INFO [main] org.apache.catalina.startup.VersionLoggerListener.log Java Home:             C:\Program Files\Java\jdk-24
25-Apr-2026 12:16:59.443 INFO [main] org.apache.catalina.startup.VersionLoggerListener.log JVM Version:           24.0.1+9-30
25-Apr-2026 12:16:59.444 INFO [main] org.apache.catalina.startup.VersionLoggerListener.log JVM Vendor:            Oracle Corporation
25-Apr-2026 12:16:59.444 INFO [main] org.apache.catalina.startup.VersionLoggerListener.log CATALINA_BASE:         C:\Users\HRITIKA SINGH\Documents\Web-Programming-PRG240\SpringMvcHelloWorld 1\SpringMvcHelloWorld 1\apache-tomcat-10.1.52
25-Apr-2026 12:16:59.445 INFO [main] org.apache.catalina.startup.VersionLoggerListener.log CATALINA_HOME:         C:\Users\HRITIKA SINGH\Documents\Web-Programming-PRG240\SpringMvcHelloWorld 1\SpringMvcHelloWorld 1\apache-tomcat-10.1.52
25-Apr-2026 12:16:59.460 INFO [main] org.apache.catalina.startup.VersionLoggerListener.log Command line argument: -Djava.util.logging.config.file=C:\Users\HRITIKA SINGH\Documents\Web-Programming-PRG240\SpringMvcHelloWorld 1\SpringMvcHelloWorld 1\apache-tomcat-10.1.52\conf\logging.properties
25-Apr-2026 12:16:59.460 INFO [main] org.apache.catalina.startup.VersionLoggerListener.log Command line argument: -Djava.util.logging.manager=org.apache.juli.ClassLoaderLogManager
25-Apr-2026 12:16:59.462 INFO [main] org.apache.catalina.startup.VersionLoggerListener.log Command line argument: -Djdk.tls.ephemeralDHKeySize=2048
25-Apr-2026 12:16:59.462 INFO [main] org.apache.catalina.startup.VersionLoggerListener.log Command line argument: -Djava.protocol.handler.pkgs=org.apache.catalina.webresources
25-Apr-2026 12:16:59.462 INFO [main] org.apache.catalina.startup.VersionLoggerListener.log Command line argument: -Dsun.io.useCanonCaches=false
25-Apr-2026 12:16:59.462 INFO [main] org.apache.catalina.startup.VersionLoggerListener.log Command line argument: --add-opens=java.base/java.lang=ALL-UNNAMED
25-Apr-2026 12:16:59.462 INFO [main] org.apache.catalina.startup.VersionLoggerListener.log Command line argument: --add-opens=java.base/java.lang.reflect=ALL-UNNAMED
25-Apr-2026 12:16:59.464 INFO [main] org.apache.catalina.startup.VersionLoggerListener.log Command line argument: --add-opens=java.base/java.io=ALL-UNNAMED
25-Apr-2026 12:16:59.464 INFO [main] org.apache.catalina.startup.VersionLoggerListener.log Command line argument: --add-opens=java.base/java.util=ALL-UNNAMED
25-Apr-2026 12:16:59.464 INFO [main] org.apache.catalina.startup.VersionLoggerListener.log Command line argument: --add-opens=java.base/java.util.concurrent=ALL-UNNAMED
25-Apr-2026 12:16:59.464 INFO [main] org.apache.catalina.startup.VersionLoggerListener.log Command line argument: --add-opens=java.rmi/sun.rmi.transport=ALL-UNNAMED
25-Apr-2026 12:16:59.465 INFO [main] org.apache.catalina.startup.VersionLoggerListener.log Command line argument: -Dcatalina.base=C:\Users\HRITIKA SINGH\Documents\Web-Programming-PRG240\SpringMvcHelloWorld 1\SpringMvcHelloWorld 1\apache-tomcat-10.1.52
25-Apr-2026 12:16:59.465 INFO [main] org.apache.catalina.startup.VersionLoggerListener.log Command line argument: -Dcatalina.home=C:\Users\HRITIKA SINGH\Documents\Web-Programming-PRG240\SpringMvcHelloWorld 1\SpringMvcHelloWorld 1\apache-tomcat-10.1.52
25-Apr-2026 12:16:59.465 INFO [main] org.apache.catalina.startup.VersionLoggerListener.log Command line argument: -Djava.io.tmpdir=C:\Users\HRITIKA SINGH\Documents\Web-Programming-PRG240\SpringMvcHelloWorld 1\SpringMvcHelloWorld 1\apache-tomcat-10.1.52\temp
25-Apr-2026 12:16:59.472 INFO [main] org.apache.catalina.core.AprLifecycleListener.lifecycleEvent Loaded Apache Tomcat Native library [2.0.12] using APR version [1.7.6].
25-Apr-2026 12:16:59.484 INFO [main] org.apache.catalina.core.AprLifecycleListener.initializeSSL OpenSSL successfully initialized [OpenSSL 3.5.4 30 Sep 2025]
25-Apr-2026 12:16:59.980 INFO [main] org.apache.coyote.AbstractProtocol.init Initializing ProtocolHandler ["http-nio-8080"]
25-Apr-2026 12:17:00.034 INFO [main] org.apache.catalina.startup.Catalina.load Server initialization in [928] milliseconds
25-Apr-2026 12:17:00.140 INFO [main] org.apache.catalina.core.StandardService.startInternal Starting service [Catalina]
25-Apr-2026 12:17:00.141 INFO [main] org.apache.catalina.core.StandardEngine.startInternal Starting Servlet engine: [Apache Tomcat/10.1.52]
25-Apr-2026 12:17:00.198 INFO [main] org.apache.catalina.startup.HostConfig.deployWAR Deploying web application archive [C:\Users\HRITIKA SINGH\Documents\Web-Programming-PRG240\SpringMvcHelloWorld 1\SpringMvcHelloWorld 1\apache-tomcat-10.1.52\webapps\SpringMvcHelloWorld.war]
25-Apr-2026 12:17:00.246 INFO [main] org.apache.catalina.startup.ExpandWar.expand An expanded directory [C:\Users\HRITIKA SINGH\Documents\Web-Programming-PRG240\SpringMvcHelloWorld 1\SpringMvcHelloWorld 1\apache-tomcat-10.1.52\webapps\SpringMvcHelloWorld] was found with a last modified time that did not match the associated WAR. It will be deleted.
25-Apr-2026 12:17:05.820 INFO [main] org.apache.jasper.servlet.TldScanner.scanJars At least one JAR was scanned for TLDs yet contained no TLDs. Enable debug logging for this logger for a complete list of JARs that were scanned but no TLDs were found in them. Skipping unneeded JARs during scanning can improve startup time and JSP compilation time.
25-Apr-2026 12:17:09.022 INFO [main] org.apache.catalina.startup.HostConfig.deployWAR Deployment of web application archive [C:\Users\HRITIKA SINGH\Documents\Web-Programming-PRG240\SpringMvcHelloWorld 1\SpringMvcHelloWorld 1\apache-tomcat-10.1.52\webapps\SpringMvcHelloWorld.war] has finished in [8,820] ms
25-Apr-2026 12:17:09.024 INFO [main] org.apache.catalina.startup.HostConfig.deployDirectory Deploying web application directory [C:\Users\HRITIKA SINGH\Documents\Web-Programming-PRG240\SpringMvcHelloWorld 1\SpringMvcHelloWorld 1\apache-tomcat-10.1.52\webapps\docs]
25-Apr-2026 12:17:09.100 INFO [main] org.apache.catalina.startup.HostConfig.deployDirectory Deployment of web application directory [C:\Users\HRITIKA SINGH\Documents\Web-Programming-PRG240\SpringMvcHelloWorld 1\SpringMvcHelloWorld 1\apache-tomcat-10.1.52\webapps\docs] has finished in [76] ms
25-Apr-2026 12:17:09.101 INFO [main] org.apache.catalina.startup.HostConfig.deployDirectory Deploying web application directory [C:\Users\HRITIKA SINGH\Documents\Web-Programming-PRG240\SpringMvcHelloWorld 1\SpringMvcHelloWorld 1\apache-tomcat-10.1.52\webapps\examples]
25-Apr-2026 12:17:09.971 INFO [main] org.apache.catalina.startup.HostConfig.deployDirectory Deployment of web application directory [C:\Users\HRITIKA SINGH\Documents\Web-Programming-PRG240\SpringMvcHelloWorld 1\SpringMvcHelloWorld 1\apache-tomcat-10.1.52\webapps\examples] has finished in [870] ms
25-Apr-2026 12:17:09.972 INFO [main] org.apache.catalina.startup.HostConfig.deployDirectory Deploying web application directory [C:\Users\HRITIKA SINGH\Documents\Web-Programming-PRG240\SpringMvcHelloWorld 1\SpringMvcHelloWorld 1\apache-tomcat-10.1.52\webapps\host-manager]
25-Apr-2026 12:17:10.066 INFO [main] org.apache.catalina.startup.HostConfig.deployDirectory Deployment of web application directory [C:\Users\HRITIKA SINGH\Documents\Web-Programming-PRG240\SpringMvcHelloWorld 1\SpringMvcHelloWorld 1\apache-tomcat-10.1.52\webapps\host-manager] has finished in [94] ms
25-Apr-2026 12:17:10.067 INFO [main] org.apache.catalina.startup.HostConfig.deployDirectory Deploying web application directory [C:\Users\HRITIKA SINGH\Documents\Web-Programming-PRG240\SpringMvcHelloWorld 1\SpringMvcHelloWorld 1\apache-tomcat-10.1.52\webapps\manager]
25-Apr-2026 12:17:10.143 INFO [main] org.apache.catalina.startup.HostConfig.deployDirectory Deployment of web application directory [C:\Users\HRITIKA SINGH\Documents\Web-Programming-PRG240\SpringMvcHelloWorld 1\SpringMvcHelloWorld 1\apache-tomcat-10.1.52\webapps\manager] has finished in [76] ms
25-Apr-2026 12:17:10.144 INFO [main] org.apache.catalina.startup.HostConfig.deployDirectory Deploying web application directory [C:\Users\HRITIKA SINGH\Documents\Web-Programming-PRG240\SpringMvcHelloWorld 1\SpringMvcHelloWorld 1\apache-tomcat-10.1.52\webapps\ROOT]
25-Apr-2026 12:17:10.200 INFO [main] org.apache.catalina.startup.HostConfig.deployDirectory Deployment of web application directory [C:\Users\HRITIKA SINGH\Documents\Web-Programming-PRG240\SpringMvcHelloWorld 1\SpringMvcHelloWorld 1\apache-tomcat-10.1.52\webapps\ROOT] has finished in [55] ms
25-Apr-2026 12:17:10.210 INFO [main] org.apache.coyote.AbstractProtocol.start Starting ProtocolHandler ["http-nio-8080"]
25-Apr-2026 12:17:10.254 INFO [main] org.apache.catalina.startup.Catalina.start Server startup in [10214] milliseconds
25-Apr-2026 12:24:36.120 INFO [main] org.apache.catalina.startup.VersionLoggerListener.log Server version name:   Apache Tomcat/10.1.52
25-Apr-2026 12:24:36.126 INFO [main] org.apache.catalina.startup.VersionLoggerListener.log Server built:          Jan 23 2026 19:29:07 UTC
25-Apr-2026 12:24:36.126 INFO [main] org.apache.catalina.startup.VersionLoggerListener.log Server version number: 10.1.52.0
25-Apr-2026 12:24:36.127 INFO [main] org.apache.catalina.startup.VersionLoggerListener.log OS Name:               Windows 11
25-Apr-2026 12:24:36.127 INFO [main] org.apache.catalina.startup.VersionLoggerListener.log OS Version:            10.0
25-Apr-2026 12:24:36.128 INFO [main] org.apache.catalina.startup.VersionLoggerListener.log Architecture:          amd64
25-Apr-2026 12:24:36.128 INFO [main] org.apache.catalina.startup.VersionLoggerListener.log Java Home:             C:\Program Files\Java\jdk-24
25-Apr-2026 12:24:36.129 INFO [main] org.apache.catalina.startup.VersionLoggerListener.log JVM Version:           24.0.1+9-30
25-Apr-2026 12:24:36.130 INFO [main] org.apache.catalina.startup.VersionLoggerListener.log JVM Vendor:            Oracle Corporation
25-Apr-2026 12:24:36.130 INFO [main] org.apache.catalina.startup.VersionLoggerListener.log CATALINA_BASE:         C:\Users\HRITIKA SINGH\Documents\Web-Programming-PRG240\SpringMvcHelloWorld 1\SpringMvcHelloWorld 1\apache-tomcat-10.1.52
25-Apr-2026 12:24:36.131 INFO [main] org.apache.catalina.startup.VersionLoggerListener.log CATALINA_HOME:         C:\Users\HRITIKA SINGH\Documents\Web-Programming-PRG240\SpringMvcHelloWorld 1\SpringMvcHelloWorld 1\apache-tomcat-10.1.52
25-Apr-2026 12:24:36.150 INFO [main] org.apache.catalina.startup.VersionLoggerListener.log Command line argument: -Djava.util.logging.config.file=C:\Users\HRITIKA SINGH\Documents\Web-Programming-PRG240\SpringMvcHelloWorld 1\SpringMvcHelloWorld 1\apache-tomcat-10.1.52\conf\logging.properties
25-Apr-2026 12:24:36.151 INFO [main] org.apache.catalina.startup.VersionLoggerListener.log Command line argument: -Djava.util.logging.manager=org.apache.juli.ClassLoaderLogManager
25-Apr-2026 12:24:36.151 INFO [main] org.apache.catalina.startup.VersionLoggerListener.log Command line argument: -Djdk.tls.ephemeralDHKeySize=2048
25-Apr-2026 12:24:36.152 INFO [main] org.apache.catalina.startup.VersionLoggerListener.log Command line argument: -Djava.protocol.handler.pkgs=org.apache.catalina.webresources
25-Apr-2026 12:24:36.152 INFO [main] org.apache.catalina.startup.VersionLoggerListener.log Command line argument: -Dsun.io.useCanonCaches=false
25-Apr-2026 12:24:36.152 INFO [main] org.apache.catalina.startup.VersionLoggerListener.log Command line argument: --add-opens=java.base/java.lang=ALL-UNNAMED
25-Apr-2026 12:24:36.152 INFO [main] org.apache.catalina.startup.VersionLoggerListener.log Command line argument: --add-opens=java.base/java.lang.reflect=ALL-UNNAMED
25-Apr-2026 12:24:36.153 INFO [main] org.apache.catalina.startup.VersionLoggerListener.log Command line argument: --add-opens=java.base/java.io=ALL-UNNAMED
25-Apr-2026 12:24:36.153 INFO [main] org.apache.catalina.startup.VersionLoggerListener.log Command line argument: --add-opens=java.base/java.util=ALL-UNNAMED
25-Apr-2026 12:24:36.153 INFO [main] org.apache.catalina.startup.VersionLoggerListener.log Command line argument: --add-opens=java.base/java.util.concurrent=ALL-UNNAMED
25-Apr-2026 12:24:36.153 INFO [main] org.apache.catalina.startup.VersionLoggerListener.log Command line argument: --add-opens=java.rmi/sun.rmi.transport=ALL-UNNAMED
25-Apr-2026 12:24:36.154 INFO [main] org.apache.catalina.startup.VersionLoggerListener.log Command line argument: -Dcatalina.base=C:\Users\HRITIKA SINGH\Documents\Web-Programming-PRG240\SpringMvcHelloWorld 1\SpringMvcHelloWorld 1\apache-tomcat-10.1.52
25-Apr-2026 12:24:36.154 INFO [main] org.apache.catalina.startup.VersionLoggerListener.log Command line argument: -Dcatalina.home=C:\Users\HRITIKA SINGH\Documents\Web-Programming-PRG240\SpringMvcHelloWorld 1\SpringMvcHelloWorld 1\apache-tomcat-10.1.52
25-Apr-2026 12:24:36.154 INFO [main] org.apache.catalina.startup.VersionLoggerListener.log Command line argument: -Djava.io.tmpdir=C:\Users\HRITIKA SINGH\Documents\Web-Programming-PRG240\SpringMvcHelloWorld 1\SpringMvcHelloWorld 1\apache-tomcat-10.1.52\temp
25-Apr-2026 12:24:36.161 INFO [main] org.apache.catalina.core.AprLifecycleListener.lifecycleEvent Loaded Apache Tomcat Native library [2.0.12] using APR version [1.7.6].
25-Apr-2026 12:24:36.174 INFO [main] org.apache.catalina.core.AprLifecycleListener.initializeSSL OpenSSL successfully initialized [OpenSSL 3.5.4 30 Sep 2025]
25-Apr-2026 12:24:36.659 INFO [main] org.apache.coyote.AbstractProtocol.init Initializing ProtocolHandler ["http-nio-8080"]
25-Apr-2026 12:24:36.699 INFO [main] org.apache.catalina.startup.Catalina.load Server initialization in [957] milliseconds
25-Apr-2026 12:24:36.796 INFO [main] org.apache.catalina.core.StandardService.startInternal Starting service [Catalina]
25-Apr-2026 12:24:36.797 INFO [main] org.apache.catalina.core.StandardEngine.startInternal Starting Servlet engine: [Apache Tomcat/10.1.52]
25-Apr-2026 12:24:36.854 INFO [main] org.apache.catalina.startup.HostConfig.deployWAR Deploying web application archive [C:\Users\HRITIKA SINGH\Documents\Web-Programming-PRG240\SpringMvcHelloWorld 1\SpringMvcHelloWorld 1\apache-tomcat-10.1.52\webapps\SpringMvcHelloWorld.war]
25-Apr-2026 12:24:36.898 INFO [main] org.apache.catalina.startup.ExpandWar.expand An expanded directory [C:\Users\HRITIKA SINGH\Documents\Web-Programming-PRG240\SpringMvcHelloWorld 1\SpringMvcHelloWorld 1\apache-tomcat-10.1.52\webapps\SpringMvcHelloWorld] was found with a last modified time that did not match the associated WAR. It will be deleted.
25-Apr-2026 12:24:44.410 INFO [main] org.apache.jasper.servlet.TldScanner.scanJars At least one JAR was scanned for TLDs yet contained no TLDs. Enable debug logging for this logger for a complete list of JARs that were scanned but no TLDs were found in them. Skipping unneeded JARs during scanning can improve startup time and JSP compilation time.
25-Apr-2026 12:24:52.006 INFO [main] org.apache.catalina.startup.HostConfig.deployWAR Deployment of web application archive [C:\Users\HRITIKA SINGH\Documents\Web-Programming-PRG240\SpringMvcHelloWorld 1\SpringMvcHelloWorld 1\apache-tomcat-10.1.52\webapps\SpringMvcHelloWorld.war] has finished in [15,140] ms
25-Apr-2026 12:24:52.006 INFO [main] org.apache.catalina.startup.HostConfig.deployDirectory Deploying web application directory [C:\Users\HRITIKA SINGH\Documents\Web-Programming-PRG240\SpringMvcHelloWorld 1\SpringMvcHelloWorld 1\apache-tomcat-10.1.52\webapps\docs]
25-Apr-2026 12:24:52.087 INFO [main] org.apache.catalina.startup.HostConfig.deployDirectory Deployment of web application directory [C:\Users\HRITIKA SINGH\Documents\Web-Programming-PRG240\SpringMvcHelloWorld 1\SpringMvcHelloWorld 1\apache-tomcat-10.1.52\webapps\docs] has finished in [81] ms
25-Apr-2026 12:24:52.087 INFO [main] org.apache.catalina.startup.HostConfig.deployDirectory Deploying web application directory [C:\Users\HRITIKA SINGH\Documents\Web-Programming-PRG240\SpringMvcHelloWorld 1\SpringMvcHelloWorld 1\apache-tomcat-10.1.52\webapps\examples]
25-Apr-2026 12:24:52.953 INFO [main] org.apache.catalina.startup.HostConfig.deployDirectory Deployment of web application directory [C:\Users\HRITIKA SINGH\Documents\Web-Programming-PRG240\SpringMvcHelloWorld 1\SpringMvcHelloWorld 1\apache-tomcat-10.1.52\webapps\examples] has finished in [866] ms
25-Apr-2026 12:24:52.960 INFO [main] org.apache.catalina.startup.HostConfig.deployDirectory Deploying web application directory [C:\Users\HRITIKA SINGH\Documents\Web-Programming-PRG240\SpringMvcHelloWorld 1\SpringMvcHelloWorld 1\apache-tomcat-10.1.52\webapps\host-manager]
25-Apr-2026 12:24:53.051 INFO [main] org.apache.catalina.startup.HostConfig.deployDirectory Deployment of web application directory [C:\Users\HRITIKA SINGH\Documents\Web-Programming-PRG240\SpringMvcHelloWorld 1\SpringMvcHelloWorld 1\apache-tomcat-10.1.52\webapps\host-manager] has finished in [91] ms
25-Apr-2026 12:24:53.059 INFO [main] org.apache.catalina.startup.HostConfig.deployDirectory Deploying web application directory [C:\Users\HRITIKA SINGH\Documents\Web-Programming-PRG240\SpringMvcHelloWorld 1\SpringMvcHelloWorld 1\apache-tomcat-10.1.52\webapps\manager]
25-Apr-2026 12:24:53.144 INFO [main] org.apache.catalina.startup.HostConfig.deployDirectory Deployment of web application directory [C:\Users\HRITIKA SINGH\Documents\Web-Programming-PRG240\SpringMvcHelloWorld 1\SpringMvcHelloWorld 1\apache-tomcat-10.1.52\webapps\manager] has finished in [85] ms
25-Apr-2026 12:24:53.147 INFO [main] org.apache.catalina.startup.HostConfig.deployDirectory Deploying web application directory [C:\Users\HRITIKA SINGH\Documents\Web-Programming-PRG240\SpringMvcHelloWorld 1\SpringMvcHelloWorld 1\apache-tomcat-10.1.52\webapps\ROOT]
25-Apr-2026 12:24:53.203 INFO [main] org.apache.catalina.startup.HostConfig.deployDirectory Deployment of web application directory [C:\Users\HRITIKA SINGH\Documents\Web-Programming-PRG240\SpringMvcHelloWorld 1\SpringMvcHelloWorld 1\apache-tomcat-10.1.52\webapps\ROOT] has finished in [59] ms
25-Apr-2026 12:24:53.212 INFO [main] org.apache.coyote.AbstractProtocol.start Starting ProtocolHandler ["http-nio-8080"]
25-Apr-2026 12:24:53.242 INFO [main] org.apache.catalina.startup.Catalina.start Server startup in [16547] milliseconds
25-Apr-2026 12:31:23.810 INFO [Catalina-utility-2] org.apache.catalina.startup.HostConfig.undeploy Undeploying context [/SpringMvcHelloWorld]
25-Apr-2026 12:31:23.861 WARNING [Catalina-utility-2] org.apache.catalina.loader.WebappClassLoaderBase.clearReferencesJdbc The web application [SpringMvcHelloWorld] registered the JDBC driver [org.h2.Driver] but failed to unregister it when the web application was stopped. To prevent a memory leak, the JDBC Driver has been forcibly unregistered.
25-Apr-2026 12:31:23.981 INFO [Catalina-utility-2] org.apache.catalina.startup.HostConfig.deployWAR Deploying web application archive [C:\Users\HRITIKA SINGH\Documents\Web-Programming-PRG240\SpringMvcHelloWorld 1\SpringMvcHelloWorld 1\apache-tomcat-10.1.52\webapps\SpringMvcHelloWorld.war]
25-Apr-2026 12:31:29.221 INFO [Catalina-utility-2] org.apache.jasper.servlet.TldScanner.scanJars At least one JAR was scanned for TLDs yet contained no TLDs. Enable debug logging for this logger for a complete list of JARs that were scanned but no TLDs were found in them. Skipping unneeded JARs during scanning can improve startup time and JSP compilation time.
25-Apr-2026 12:31:35.601 INFO [Catalina-utility-2] org.apache.catalina.startup.HostConfig.deployWAR Deployment of web application archive [C:\Users\HRITIKA SINGH\Documents\Web-Programming-PRG240\SpringMvcHelloWorld 1\SpringMvcHelloWorld 1\apache-tomcat-10.1.52\webapps\SpringMvcHelloWorld.war] has finished in [11,620] ms
25-Apr-2026 12:31:48.640 INFO [main] org.apache.catalina.startup.VersionLoggerListener.log Server version name:   Apache Tomcat/10.1.52
25-Apr-2026 12:31:48.645 INFO [main] org.apache.catalina.startup.VersionLoggerListener.log Server built:          Jan 23 2026 19:29:07 UTC
25-Apr-2026 12:31:48.646 INFO [main] org.apache.catalina.startup.VersionLoggerListener.log Server version number: 10.1.52.0
25-Apr-2026 12:31:48.646 INFO [main] org.apache.catalina.startup.VersionLoggerListener.log OS Name:               Windows 11
25-Apr-2026 12:31:48.646 INFO [main] org.apache.catalina.startup.VersionLoggerListener.log OS Version:            10.0
25-Apr-2026 12:31:48.647 INFO [main] org.apache.catalina.startup.VersionLoggerListener.log Architecture:          amd64
25-Apr-2026 12:31:48.647 INFO [main] org.apache.catalina.startup.VersionLoggerListener.log Java Home:             C:\Program Files\Java\jdk-24
25-Apr-2026 12:31:48.647 INFO [main] org.apache.catalina.startup.VersionLoggerListener.log JVM Version:           24.0.1+9-30
25-Apr-2026 12:31:48.648 INFO [main] org.apache.catalina.startup.VersionLoggerListener.log JVM Vendor:            Oracle Corporation
25-Apr-2026 12:31:48.648 INFO [main] org.apache.catalina.startup.VersionLoggerListener.log CATALINA_BASE:         C:\Users\HRITIKA SINGH\Documents\Web-Programming-PRG240\SpringMvcHelloWorld 1\SpringMvcHelloWorld 1\apache-tomcat-10.1.52
25-Apr-2026 12:31:48.650 INFO [main] org.apache.catalina.startup.VersionLoggerListener.log CATALINA_HOME:         C:\Users\HRITIKA SINGH\Documents\Web-Programming-PRG240\SpringMvcHelloWorld 1\SpringMvcHelloWorld 1\apache-tomcat-10.1.52
25-Apr-2026 12:31:48.668 INFO [main] org.apache.catalina.startup.VersionLoggerListener.log Command line argument: -Djava.util.logging.config.file=C:\Users\HRITIKA SINGH\Documents\Web-Programming-PRG240\SpringMvcHelloWorld 1\SpringMvcHelloWorld 1\apache-tomcat-10.1.52\conf\logging.properties
25-Apr-2026 12:31:48.669 INFO [main] org.apache.catalina.startup.VersionLoggerListener.log Command line argument: -Djava.util.logging.manager=org.apache.juli.ClassLoaderLogManager
25-Apr-2026 12:31:48.670 INFO [main] org.apache.catalina.startup.VersionLoggerListener.log Command line argument: -Djdk.tls.ephemeralDHKeySize=2048
25-Apr-2026 12:31:48.670 INFO [main] org.apache.catalina.startup.VersionLoggerListener.log Command line argument: -Djava.protocol.handler.pkgs=org.apache.catalina.webresources
25-Apr-2026 12:31:48.671 INFO [main] org.apache.catalina.startup.VersionLoggerListener.log Command line argument: -Dsun.io.useCanonCaches=false
25-Apr-2026 12:31:48.671 INFO [main] org.apache.catalina.startup.VersionLoggerListener.log Command line argument: --add-opens=java.base/java.lang=ALL-UNNAMED
25-Apr-2026 12:31:48.671 INFO [main] org.apache.catalina.startup.VersionLoggerListener.log Command line argument: --add-opens=java.base/java.lang.reflect=ALL-UNNAMED
25-Apr-2026 12:31:48.671 INFO [main] org.apache.catalina.startup.VersionLoggerListener.log Command line argument: --add-opens=java.base/java.io=ALL-UNNAMED
25-Apr-2026 12:31:48.672 INFO [main] org.apache.catalina.startup.VersionLoggerListener.log Command line argument: --add-opens=java.base/java.util=ALL-UNNAMED
25-Apr-2026 12:31:48.672 INFO [main] org.apache.catalina.startup.VersionLoggerListener.log Command line argument: --add-opens=java.base/java.util.concurrent=ALL-UNNAMED
25-Apr-2026 12:31:48.672 INFO [main] org.apache.catalina.startup.VersionLoggerListener.log Command line argument: --add-opens=java.rmi/sun.rmi.transport=ALL-UNNAMED
25-Apr-2026 12:31:48.672 INFO [main] org.apache.catalina.startup.VersionLoggerListener.log Command line argument: -Dcatalina.base=C:\Users\HRITIKA SINGH\Documents\Web-Programming-PRG240\SpringMvcHelloWorld 1\SpringMvcHelloWorld 1\apache-tomcat-10.1.52
25-Apr-2026 12:31:48.673 INFO [main] org.apache.catalina.startup.VersionLoggerListener.log Command line argument: -Dcatalina.home=C:\Users\HRITIKA SINGH\Documents\Web-Programming-PRG240\SpringMvcHelloWorld 1\SpringMvcHelloWorld 1\apache-tomcat-10.1.52
25-Apr-2026 12:31:48.673 INFO [main] org.apache.catalina.startup.VersionLoggerListener.log Command line argument: -Djava.io.tmpdir=C:\Users\HRITIKA SINGH\Documents\Web-Programming-PRG240\SpringMvcHelloWorld 1\SpringMvcHelloWorld 1\apache-tomcat-10.1.52\temp
25-Apr-2026 12:31:48.679 INFO [main] org.apache.catalina.core.AprLifecycleListener.lifecycleEvent Loaded Apache Tomcat Native library [2.0.12] using APR version [1.7.6].
25-Apr-2026 12:31:48.691 INFO [main] org.apache.catalina.core.AprLifecycleListener.initializeSSL OpenSSL successfully initialized [OpenSSL 3.5.4 30 Sep 2025]
25-Apr-2026 12:31:49.161 INFO [main] org.apache.coyote.AbstractProtocol.init Initializing ProtocolHandler ["http-nio-8080"]
25-Apr-2026 12:31:49.202 INFO [main] org.apache.catalina.startup.Catalina.load Server initialization in [896] milliseconds
25-Apr-2026 12:31:49.295 INFO [main] org.apache.catalina.core.StandardService.startInternal Starting service [Catalina]
25-Apr-2026 12:31:49.296 INFO [main] org.apache.catalina.core.StandardEngine.startInternal Starting Servlet engine: [Apache Tomcat/10.1.52]
25-Apr-2026 12:31:49.348 INFO [main] org.apache.catalina.startup.HostConfig.deployWAR Deploying web application archive [C:\Users\HRITIKA SINGH\Documents\Web-Programming-PRG240\SpringMvcHelloWorld 1\SpringMvcHelloWorld 1\apache-tomcat-10.1.52\webapps\SpringMvcHelloWorld.war]
25-Apr-2026 12:31:56.177 INFO [main] org.apache.jasper.servlet.TldScanner.scanJars At least one JAR was scanned for TLDs yet contained no TLDs. Enable debug logging for this logger for a complete list of JARs that were scanned but no TLDs were found in them. Skipping unneeded JARs during scanning can improve startup time and JSP compilation time.
25-Apr-2026 12:32:04.150 INFO [main] org.apache.catalina.startup.HostConfig.deployWAR Deployment of web application archive [C:\Users\HRITIKA SINGH\Documents\Web-Programming-PRG240\SpringMvcHelloWorld 1\SpringMvcHelloWorld 1\apache-tomcat-10.1.52\webapps\SpringMvcHelloWorld.war] has finished in [14,801] ms
25-Apr-2026 12:32:04.152 INFO [main] org.apache.catalina.startup.HostConfig.deployDirectory Deploying web application directory [C:\Users\HRITIKA SINGH\Documents\Web-Programming-PRG240\SpringMvcHelloWorld 1\SpringMvcHelloWorld 1\apache-tomcat-10.1.52\webapps\docs]
25-Apr-2026 12:32:04.234 INFO [main] org.apache.catalina.startup.HostConfig.deployDirectory Deployment of web application directory [C:\Users\HRITIKA SINGH\Documents\Web-Programming-PRG240\SpringMvcHelloWorld 1\SpringMvcHelloWorld 1\apache-tomcat-10.1.52\webapps\docs] has finished in [82] ms
25-Apr-2026 12:32:04.234 INFO [main] org.apache.catalina.startup.HostConfig.deployDirectory Deploying web application directory [C:\Users\HRITIKA SINGH\Documents\Web-Programming-PRG240\SpringMvcHelloWorld 1\SpringMvcHelloWorld 1\apache-tomcat-10.1.52\webapps\examples]
25-Apr-2026 12:32:05.155 INFO [main] org.apache.catalina.startup.HostConfig.deployDirectory Deployment of web application directory [C:\Users\HRITIKA SINGH\Documents\Web-Programming-PRG240\SpringMvcHelloWorld 1\SpringMvcHelloWorld 1\apache-tomcat-10.1.52\webapps\examples] has finished in [921] ms
25-Apr-2026 12:32:05.157 INFO [main] org.apache.catalina.startup.HostConfig.deployDirectory Deploying web application directory [C:\Users\HRITIKA SINGH\Documents\Web-Programming-PRG240\SpringMvcHelloWorld 1\SpringMvcHelloWorld 1\apache-tomcat-10.1.52\webapps\host-manager]
25-Apr-2026 12:32:05.239 INFO [main] org.apache.catalina.startup.HostConfig.deployDirectory Deployment of web application directory [C:\Users\HRITIKA SINGH\Documents\Web-Programming-PRG240\SpringMvcHelloWorld 1\SpringMvcHelloWorld 1\apache-tomcat-10.1.52\webapps\host-manager] has finished in [80] ms
25-Apr-2026 12:32:05.239 INFO [main] org.apache.catalina.startup.HostConfig.deployDirectory Deploying web application directory [C:\Users\HRITIKA SINGH\Documents\Web-Programming-PRG240\SpringMvcHelloWorld 1\SpringMvcHelloWorld 1\apache-tomcat-10.1.52\webapps\manager]
25-Apr-2026 12:32:05.330 INFO [main] org.apache.catalina.startup.HostConfig.deployDirectory Deployment of web application directory [C:\Users\HRITIKA SINGH\Documents\Web-Programming-PRG240\SpringMvcHelloWorld 1\SpringMvcHelloWorld 1\apache-tomcat-10.1.52\webapps\manager] has finished in [91] ms
25-Apr-2026 12:32:05.330 INFO [main] org.apache.catalina.startup.HostConfig.deployDirectory Deploying web application directory [C:\Users\HRITIKA SINGH\Documents\Web-Programming-PRG240\SpringMvcHelloWorld 1\SpringMvcHelloWorld 1\apache-tomcat-10.1.52\webapps\ROOT]
25-Apr-2026 12:32:05.384 INFO [main] org.apache.catalina.startup.HostConfig.deployDirectory Deployment of web application directory [C:\Users\HRITIKA SINGH\Documents\Web-Programming-PRG240\SpringMvcHelloWorld 1\SpringMvcHelloWorld 1\apache-tomcat-10.1.52\webapps\ROOT] has finished in [54] ms
25-Apr-2026 12:32:05.395 INFO [main] org.apache.coyote.AbstractProtocol.start Starting ProtocolHandler ["http-nio-8080"]
25-Apr-2026 12:32:05.428 INFO [main] org.apache.catalina.startup.Catalina.start Server startup in [16224] milliseconds
25-Apr-2026 12:35:45.649 INFO [main] org.apache.catalina.startup.VersionLoggerListener.log Server version name:   Apache Tomcat/10.1.52
25-Apr-2026 12:35:45.654 INFO [main] org.apache.catalina.startup.VersionLoggerListener.log Server built:          Jan 23 2026 19:29:07 UTC
25-Apr-2026 12:35:45.655 INFO [main] org.apache.catalina.startup.VersionLoggerListener.log Server version number: 10.1.52.0
25-Apr-2026 12:35:45.655 INFO [main] org.apache.catalina.startup.VersionLoggerListener.log OS Name:               Windows 11
25-Apr-2026 12:35:45.655 INFO [main] org.apache.catalina.startup.VersionLoggerListener.log OS Version:            10.0
25-Apr-2026 12:35:45.656 INFO [main] org.apache.catalina.startup.VersionLoggerListener.log Architecture:          amd64
25-Apr-2026 12:35:45.656 INFO [main] org.apache.catalina.startup.VersionLoggerListener.log Java Home:             C:\Program Files\Java\jdk-24
25-Apr-2026 12:35:45.656 INFO [main] org.apache.catalina.startup.VersionLoggerListener.log JVM Version:           24.0.1+9-30
25-Apr-2026 12:35:45.657 INFO [main] org.apache.catalina.startup.VersionLoggerListener.log JVM Vendor:            Oracle Corporation
25-Apr-2026 12:35:45.657 INFO [main] org.apache.catalina.startup.VersionLoggerListener.log CATALINA_BASE:         C:\Users\HRITIKA SINGH\Documents\Web-Programming-PRG240\SpringMvcHelloWorld 1\SpringMvcHelloWorld 1\apache-tomcat-10.1.52
25-Apr-2026 12:35:45.658 INFO [main] org.apache.catalina.startup.VersionLoggerListener.log CATALINA_HOME:         C:\Users\HRITIKA SINGH\Documents\Web-Programming-PRG240\SpringMvcHelloWorld 1\SpringMvcHelloWorld 1\apache-tomcat-10.1.52
25-Apr-2026 12:35:45.677 INFO [main] org.apache.catalina.startup.VersionLoggerListener.log Command line argument: -Djava.util.logging.config.file=C:\Users\HRITIKA SINGH\Documents\Web-Programming-PRG240\SpringMvcHelloWorld 1\SpringMvcHelloWorld 1\apache-tomcat-10.1.52\conf\logging.properties
25-Apr-2026 12:35:45.677 INFO [main] org.apache.catalina.startup.VersionLoggerListener.log Command line argument: -Djava.util.logging.manager=org.apache.juli.ClassLoaderLogManager
25-Apr-2026 12:35:45.678 INFO [main] org.apache.catalina.startup.VersionLoggerListener.log Command line argument: -Djdk.tls.ephemeralDHKeySize=2048
25-Apr-2026 12:35:45.678 INFO [main] org.apache.catalina.startup.VersionLoggerListener.log Command line argument: -Djava.protocol.handler.pkgs=org.apache.catalina.webresources
25-Apr-2026 12:35:45.678 INFO [main] org.apache.catalina.startup.VersionLoggerListener.log Command line argument: -Dsun.io.useCanonCaches=false
25-Apr-2026 12:35:45.679 INFO [main] org.apache.catalina.startup.VersionLoggerListener.log Command line argument: --add-opens=java.base/java.lang=ALL-UNNAMED
25-Apr-2026 12:35:45.679 INFO [main] org.apache.catalina.startup.VersionLoggerListener.log Command line argument: --add-opens=java.base/java.lang.reflect=ALL-UNNAMED
25-Apr-2026 12:35:45.679 INFO [main] org.apache.catalina.startup.VersionLoggerListener.log Command line argument: --add-opens=java.base/java.io=ALL-UNNAMED
25-Apr-2026 12:35:45.679 INFO [main] org.apache.catalina.startup.VersionLoggerListener.log Command line argument: --add-opens=java.base/java.util=ALL-UNNAMED
25-Apr-2026 12:35:45.680 INFO [main] org.apache.catalina.startup.VersionLoggerListener.log Command line argument: --add-opens=java.base/java.util.concurrent=ALL-UNNAMED
25-Apr-2026 12:35:45.680 INFO [main] org.apache.catalina.startup.VersionLoggerListener.log Command line argument: --add-opens=java.rmi/sun.rmi.transport=ALL-UNNAMED
25-Apr-2026 12:35:45.680 INFO [main] org.apache.catalina.startup.VersionLoggerListener.log Command line argument: -Dcatalina.base=C:\Users\HRITIKA SINGH\Documents\Web-Programming-PRG240\SpringMvcHelloWorld 1\SpringMvcHelloWorld 1\apache-tomcat-10.1.52
25-Apr-2026 12:35:45.681 INFO [main] org.apache.catalina.startup.VersionLoggerListener.log Command line argument: -Dcatalina.home=C:\Users\HRITIKA SINGH\Documents\Web-Programming-PRG240\SpringMvcHelloWorld 1\SpringMvcHelloWorld 1\apache-tomcat-10.1.52
25-Apr-2026 12:35:45.682 INFO [main] org.apache.catalina.startup.VersionLoggerListener.log Command line argument: -Djava.io.tmpdir=C:\Users\HRITIKA SINGH\Documents\Web-Programming-PRG240\SpringMvcHelloWorld 1\SpringMvcHelloWorld 1\apache-tomcat-10.1.52\temp
25-Apr-2026 12:35:45.691 INFO [main] org.apache.catalina.core.AprLifecycleListener.lifecycleEvent Loaded Apache Tomcat Native library [2.0.12] using APR version [1.7.6].
25-Apr-2026 12:35:45.704 INFO [main] org.apache.catalina.core.AprLifecycleListener.initializeSSL OpenSSL successfully initialized [OpenSSL 3.5.4 30 Sep 2025]
25-Apr-2026 12:35:46.220 INFO [main] org.apache.coyote.AbstractProtocol.init Initializing ProtocolHandler ["http-nio-8080"]
25-Apr-2026 12:35:46.270 INFO [main] org.apache.catalina.startup.Catalina.load Server initialization in [963] milliseconds
25-Apr-2026 12:35:46.389 INFO [main] org.apache.catalina.core.StandardService.startInternal Starting service [Catalina]
25-Apr-2026 12:35:46.390 INFO [main] org.apache.catalina.core.StandardEngine.startInternal Starting Servlet engine: [Apache Tomcat/10.1.52]
25-Apr-2026 12:35:46.474 INFO [main] org.apache.catalina.startup.HostConfig.deployWAR Deploying web application archive [C:\Users\HRITIKA SINGH\Documents\Web-Programming-PRG240\SpringMvcHelloWorld 1\SpringMvcHelloWorld 1\apache-tomcat-10.1.52\webapps\SpringMvcHelloWorld.war]
25-Apr-2026 12:35:46.518 INFO [main] org.apache.catalina.startup.ExpandWar.expand An expanded directory [C:\Users\HRITIKA SINGH\Documents\Web-Programming-PRG240\SpringMvcHelloWorld 1\SpringMvcHelloWorld 1\apache-tomcat-10.1.52\webapps\SpringMvcHelloWorld] was found with a last modified time that did not match the associated WAR. It will be deleted.
25-Apr-2026 12:35:54.022 INFO [main] org.apache.jasper.servlet.TldScanner.scanJars At least one JAR was scanned for TLDs yet contained no TLDs. Enable debug logging for this logger for a complete list of JARs that were scanned but no TLDs were found in them. Skipping unneeded JARs during scanning can improve startup time and JSP compilation time.
25-Apr-2026 12:36:02.232 INFO [main] org.apache.catalina.startup.HostConfig.deployWAR Deployment of web application archive [C:\Users\HRITIKA SINGH\Documents\Web-Programming-PRG240\SpringMvcHelloWorld 1\SpringMvcHelloWorld 1\apache-tomcat-10.1.52\webapps\SpringMvcHelloWorld.war] has finished in [15,758] ms
25-Apr-2026 12:36:02.234 INFO [main] org.apache.catalina.startup.HostConfig.deployDirectory Deploying web application directory [C:\Users\HRITIKA SINGH\Documents\Web-Programming-PRG240\SpringMvcHelloWorld 1\SpringMvcHelloWorld 1\apache-tomcat-10.1.52\webapps\docs]
25-Apr-2026 12:36:02.320 INFO [main] org.apache.catalina.startup.HostConfig.deployDirectory Deployment of web application directory [C:\Users\HRITIKA SINGH\Documents\Web-Programming-PRG240\SpringMvcHelloWorld 1\SpringMvcHelloWorld 1\apache-tomcat-10.1.52\webapps\docs] has finished in [86] ms
25-Apr-2026 12:36:02.320 INFO [main] org.apache.catalina.startup.HostConfig.deployDirectory Deploying web application directory [C:\Users\HRITIKA SINGH\Documents\Web-Programming-PRG240\SpringMvcHelloWorld 1\SpringMvcHelloWorld 1\apache-tomcat-10.1.52\webapps\examples]
25-Apr-2026 12:36:03.240 INFO [main] org.apache.catalina.startup.HostConfig.deployDirectory Deployment of web application directory [C:\Users\HRITIKA SINGH\Documents\Web-Programming-PRG240\SpringMvcHelloWorld 1\SpringMvcHelloWorld 1\apache-tomcat-10.1.52\webapps\examples] has finished in [920] ms
25-Apr-2026 12:36:03.240 INFO [main] org.apache.catalina.startup.HostConfig.deployDirectory Deploying web application directory [C:\Users\HRITIKA SINGH\Documents\Web-Programming-PRG240\SpringMvcHelloWorld 1\SpringMvcHelloWorld 1\apache-tomcat-10.1.52\webapps\host-manager]
25-Apr-2026 12:36:03.325 INFO [main] org.apache.catalina.startup.HostConfig.deployDirectory Deployment of web application directory [C:\Users\HRITIKA SINGH\Documents\Web-Programming-PRG240\SpringMvcHelloWorld 1\SpringMvcHelloWorld 1\apache-tomcat-10.1.52\webapps\host-manager] has finished in [85] ms
25-Apr-2026 12:36:03.325 INFO [main] org.apache.catalina.startup.HostConfig.deployDirectory Deploying web application directory [C:\Users\HRITIKA SINGH\Documents\Web-Programming-PRG240\SpringMvcHelloWorld 1\SpringMvcHelloWorld 1\apache-tomcat-10.1.52\webapps\manager]
25-Apr-2026 12:36:03.399 INFO [main] org.apache.catalina.startup.HostConfig.deployDirectory Deployment of web application directory [C:\Users\HRITIKA SINGH\Documents\Web-Programming-PRG240\SpringMvcHelloWorld 1\SpringMvcHelloWorld 1\apache-tomcat-10.1.52\webapps\manager] has finished in [74] ms
25-Apr-2026 12:36:03.399 INFO [main] org.apache.catalina.startup.HostConfig.deployDirectory Deploying web application directory [C:\Users\HRITIKA SINGH\Documents\Web-Programming-PRG240\SpringMvcHelloWorld 1\SpringMvcHelloWorld 1\apache-tomcat-10.1.52\webapps\ROOT]
25-Apr-2026 12:36:03.469 INFO [main] org.apache.catalina.startup.HostConfig.deployDirectory Deployment of web application directory [C:\Users\HRITIKA SINGH\Documents\Web-Programming-PRG240\SpringMvcHelloWorld 1\SpringMvcHelloWorld 1\apache-tomcat-10.1.52\webapps\ROOT] has finished in [70] ms
25-Apr-2026 12:36:03.479 INFO [main] org.apache.coyote.AbstractProtocol.start Starting ProtocolHandler ["http-nio-8080"]
25-Apr-2026 12:36:03.520 INFO [main] org.apache.catalina.startup.Catalina.start Server startup in [17248] milliseconds
25-Apr-2026 13:21:14.319 INFO [Catalina-utility-2] org.apache.catalina.startup.HostConfig.undeploy Undeploying context [/SpringMvcHelloWorld]
25-Apr-2026 13:21:14.558 WARNING [Catalina-utility-2] org.apache.catalina.loader.WebappClassLoaderBase.clearReferencesJdbc The web application [SpringMvcHelloWorld] registered the JDBC driver [org.h2.Driver] but failed to unregister it when the web application was stopped. To prevent a memory leak, the JDBC Driver has been forcibly unregistered.
25-Apr-2026 13:21:14.797 INFO [Catalina-utility-2] org.apache.catalina.startup.HostConfig.deployWAR Deploying web application archive [C:\Users\HRITIKA SINGH\Documents\Web-Programming-PRG240\SpringMvcHelloWorld 1\SpringMvcHelloWorld 1\apache-tomcat-10.1.52\webapps\SpringMvcHelloWorld.war]
25-Apr-2026 13:21:20.454 INFO [main] org.apache.catalina.startup.VersionLoggerListener.log Server version name:   Apache Tomcat/10.1.52
25-Apr-2026 13:21:20.466 INFO [main] org.apache.catalina.startup.VersionLoggerListener.log Server built:          Jan 23 2026 19:29:07 UTC
25-Apr-2026 13:21:20.466 INFO [main] org.apache.catalina.startup.VersionLoggerListener.log Server version number: 10.1.52.0
25-Apr-2026 13:21:20.466 INFO [main] org.apache.catalina.startup.VersionLoggerListener.log OS Name:               Windows 11
25-Apr-2026 13:21:20.466 INFO [main] org.apache.catalina.startup.VersionLoggerListener.log OS Version:            10.0
25-Apr-2026 13:21:20.466 INFO [main] org.apache.catalina.startup.VersionLoggerListener.log Architecture:          amd64
25-Apr-2026 13:21:20.466 INFO [main] org.apache.catalina.startup.VersionLoggerListener.log Java Home:             C:\Program Files\Java\jdk-24
25-Apr-2026 13:21:20.466 INFO [main] org.apache.catalina.startup.VersionLoggerListener.log JVM Version:           24.0.1+9-30
25-Apr-2026 13:21:20.466 INFO [main] org.apache.catalina.startup.VersionLoggerListener.log JVM Vendor:            Oracle Corporation
25-Apr-2026 13:21:20.466 INFO [main] org.apache.catalina.startup.VersionLoggerListener.log CATALINA_BASE:         C:\Users\HRITIKA SINGH\Documents\Web-Programming-PRG240\SpringMvcHelloWorld 1\SpringMvcHelloWorld 1\apache-tomcat-10.1.52
25-Apr-2026 13:21:20.472 INFO [main] org.apache.catalina.startup.VersionLoggerListener.log CATALINA_HOME:         C:\Users\HRITIKA SINGH\Documents\Web-Programming-PRG240\SpringMvcHelloWorld 1\SpringMvcHelloWorld 1\apache-tomcat-10.1.52
25-Apr-2026 13:21:20.485 INFO [main] org.apache.catalina.startup.VersionLoggerListener.log Command line argument: -Djava.util.logging.config.file=C:\Users\HRITIKA SINGH\Documents\Web-Programming-PRG240\SpringMvcHelloWorld 1\SpringMvcHelloWorld 1\apache-tomcat-10.1.52\conf\logging.properties
25-Apr-2026 13:21:20.485 INFO [main] org.apache.catalina.startup.VersionLoggerListener.log Command line argument: -Djava.util.logging.manager=org.apache.juli.ClassLoaderLogManager
25-Apr-2026 13:21:20.485 INFO [main] org.apache.catalina.startup.VersionLoggerListener.log Command line argument: -Djdk.tls.ephemeralDHKeySize=2048
25-Apr-2026 13:21:20.485 INFO [main] org.apache.catalina.startup.VersionLoggerListener.log Command line argument: -Djava.protocol.handler.pkgs=org.apache.catalina.webresources
25-Apr-2026 13:21:20.495 INFO [main] org.apache.catalina.startup.VersionLoggerListener.log Command line argument: -Dsun.io.useCanonCaches=false
25-Apr-2026 13:21:20.495 INFO [main] org.apache.catalina.startup.VersionLoggerListener.log Command line argument: --add-opens=java.base/java.lang=ALL-UNNAMED
25-Apr-2026 13:21:20.495 INFO [main] org.apache.catalina.startup.VersionLoggerListener.log Command line argument: --add-opens=java.base/java.lang.reflect=ALL-UNNAMED
25-Apr-2026 13:21:20.495 INFO [main] org.apache.catalina.startup.VersionLoggerListener.log Command line argument: --add-opens=java.base/java.io=ALL-UNNAMED
25-Apr-2026 13:21:20.497 INFO [main] org.apache.catalina.startup.VersionLoggerListener.log Command line argument: --add-opens=java.base/java.util=ALL-UNNAMED
25-Apr-2026 13:21:20.497 INFO [main] org.apache.catalina.startup.VersionLoggerListener.log Command line argument: --add-opens=java.base/java.util.concurrent=ALL-UNNAMED
25-Apr-2026 13:21:20.497 INFO [main] org.apache.catalina.startup.VersionLoggerListener.log Command line argument: --add-opens=java.rmi/sun.rmi.transport=ALL-UNNAMED
25-Apr-2026 13:21:20.499 INFO [main] org.apache.catalina.startup.VersionLoggerListener.log Command line argument: -Dcatalina.base=C:\Users\HRITIKA SINGH\Documents\Web-Programming-PRG240\SpringMvcHelloWorld 1\SpringMvcHelloWorld 1\apache-tomcat-10.1.52
25-Apr-2026 13:21:20.499 INFO [main] org.apache.catalina.startup.VersionLoggerListener.log Command line argument: -Dcatalina.home=C:\Users\HRITIKA SINGH\Documents\Web-Programming-PRG240\SpringMvcHelloWorld 1\SpringMvcHelloWorld 1\apache-tomcat-10.1.52
25-Apr-2026 13:21:20.499 INFO [main] org.apache.catalina.startup.VersionLoggerListener.log Command line argument: -Djava.io.tmpdir=C:\Users\HRITIKA SINGH\Documents\Web-Programming-PRG240\SpringMvcHelloWorld 1\SpringMvcHelloWorld 1\apache-tomcat-10.1.52\temp
25-Apr-2026 13:21:20.504 INFO [main] org.apache.catalina.core.AprLifecycleListener.lifecycleEvent Loaded Apache Tomcat Native library [2.0.12] using APR version [1.7.6].
25-Apr-2026 13:21:20.557 INFO [main] org.apache.catalina.core.AprLifecycleListener.initializeSSL OpenSSL successfully initialized [OpenSSL 3.5.4 30 Sep 2025]
25-Apr-2026 13:21:21.229 INFO [main] org.apache.coyote.AbstractProtocol.init Initializing ProtocolHandler ["http-nio-8080"]
25-Apr-2026 13:21:21.296 INFO [main] org.apache.catalina.startup.Catalina.load Server initialization in [1309] milliseconds
25-Apr-2026 13:21:21.419 INFO [main] org.apache.catalina.core.StandardService.startInternal Starting service [Catalina]
25-Apr-2026 13:21:21.419 INFO [main] org.apache.catalina.core.StandardEngine.startInternal Starting Servlet engine: [Apache Tomcat/10.1.52]
25-Apr-2026 13:21:21.497 INFO [main] org.apache.catalina.startup.HostConfig.deployWAR Deploying web application archive [C:\Users\HRITIKA SINGH\Documents\Web-Programming-PRG240\SpringMvcHelloWorld 1\SpringMvcHelloWorld 1\apache-tomcat-10.1.52\webapps\SpringMvcHelloWorld.war]
25-Apr-2026 13:21:29.089 INFO [main] org.apache.jasper.servlet.TldScanner.scanJars At least one JAR was scanned for TLDs yet contained no TLDs. Enable debug logging for this logger for a complete list of JARs that were scanned but no TLDs were found in them. Skipping unneeded JARs during scanning can improve startup time and JSP compilation time.
25-Apr-2026 13:21:37.608 INFO [main] org.apache.catalina.startup.HostConfig.deployWAR Deployment of web application archive [C:\Users\HRITIKA SINGH\Documents\Web-Programming-PRG240\SpringMvcHelloWorld 1\SpringMvcHelloWorld 1\apache-tomcat-10.1.52\webapps\SpringMvcHelloWorld.war] has finished in [16,111] ms
25-Apr-2026 13:21:37.612 INFO [main] org.apache.catalina.startup.HostConfig.deployDirectory Deploying web application directory [C:\Users\HRITIKA SINGH\Documents\Web-Programming-PRG240\SpringMvcHelloWorld 1\SpringMvcHelloWorld 1\apache-tomcat-10.1.52\webapps\docs]
25-Apr-2026 13:21:37.714 INFO [main] org.apache.catalina.startup.HostConfig.deployDirectory Deployment of web application directory [C:\Users\HRITIKA SINGH\Documents\Web-Programming-PRG240\SpringMvcHelloWorld 1\SpringMvcHelloWorld 1\apache-tomcat-10.1.52\webapps\docs] has finished in [101] ms
25-Apr-2026 13:21:37.714 INFO [main] org.apache.catalina.startup.HostConfig.deployDirectory Deploying web application directory [C:\Users\HRITIKA SINGH\Documents\Web-Programming-PRG240\SpringMvcHelloWorld 1\SpringMvcHelloWorld 1\apache-tomcat-10.1.52\webapps\examples]
25-Apr-2026 13:21:38.852 INFO [main] org.apache.catalina.startup.HostConfig.deployDirectory Deployment of web application directory [C:\Users\HRITIKA SINGH\Documents\Web-Programming-PRG240\SpringMvcHelloWorld 1\SpringMvcHelloWorld 1\apache-tomcat-10.1.52\webapps\examples] has finished in [1,135] ms
25-Apr-2026 13:21:38.852 INFO [main] org.apache.catalina.startup.HostConfig.deployDirectory Deploying web application directory [C:\Users\HRITIKA SINGH\Documents\Web-Programming-PRG240\SpringMvcHelloWorld 1\SpringMvcHelloWorld 1\apache-tomcat-10.1.52\webapps\host-manager]
25-Apr-2026 13:21:38.956 INFO [main] org.apache.catalina.startup.HostConfig.deployDirectory Deployment of web application directory [C:\Users\HRITIKA SINGH\Documents\Web-Programming-PRG240\SpringMvcHelloWorld 1\SpringMvcHelloWorld 1\apache-tomcat-10.1.52\webapps\host-manager] has finished in [104] ms
25-Apr-2026 13:21:38.958 INFO [main] org.apache.catalina.startup.HostConfig.deployDirectory Deploying web application directory [C:\Users\HRITIKA SINGH\Documents\Web-Programming-PRG240\SpringMvcHelloWorld 1\SpringMvcHelloWorld 1\apache-tomcat-10.1.52\webapps\manager]
25-Apr-2026 13:21:39.049 INFO [main] org.apache.catalina.startup.HostConfig.deployDirectory Deployment of web application directory [C:\Users\HRITIKA SINGH\Documents\Web-Programming-PRG240\SpringMvcHelloWorld 1\SpringMvcHelloWorld 1\apache-tomcat-10.1.52\webapps\manager] has finished in [91] ms
25-Apr-2026 13:21:39.049 INFO [main] org.apache.catalina.startup.HostConfig.deployDirectory Deploying web application directory [C:\Users\HRITIKA SINGH\Documents\Web-Programming-PRG240\SpringMvcHelloWorld 1\SpringMvcHelloWorld 1\apache-tomcat-10.1.52\webapps\ROOT]
25-Apr-2026 13:21:39.130 INFO [main] org.apache.catalina.startup.HostConfig.deployDirectory Deployment of web application directory [C:\Users\HRITIKA SINGH\Documents\Web-Programming-PRG240\SpringMvcHelloWorld 1\SpringMvcHelloWorld 1\apache-tomcat-10.1.52\webapps\ROOT] has finished in [81] ms
25-Apr-2026 13:21:39.136 INFO [main] org.apache.coyote.AbstractProtocol.start Starting ProtocolHandler ["http-nio-8080"]
25-Apr-2026 13:21:39.182 INFO [main] org.apache.catalina.startup.Catalina.start Server startup in [17882] milliseconds
25-Apr-2026 13:26:10.782 INFO [main] org.apache.catalina.startup.VersionLoggerListener.log Server version name:   Apache Tomcat/10.1.52
25-Apr-2026 13:26:10.787 INFO [main] org.apache.catalina.startup.VersionLoggerListener.log Server built:          Jan 23 2026 19:29:07 UTC
25-Apr-2026 13:26:10.787 INFO [main] org.apache.catalina.startup.VersionLoggerListener.log Server version number: 10.1.52.0
25-Apr-2026 13:26:10.788 INFO [main] org.apache.catalina.startup.VersionLoggerListener.log OS Name:               Windows 11
25-Apr-2026 13:26:10.788 INFO [main] org.apache.catalina.startup.VersionLoggerListener.log OS Version:            10.0
25-Apr-2026 13:26:10.789 INFO [main] org.apache.catalina.startup.VersionLoggerListener.log Architecture:          amd64
25-Apr-2026 13:26:10.789 INFO [main] org.apache.catalina.startup.VersionLoggerListener.log Java Home:             C:\Program Files\Java\jdk-24
25-Apr-2026 13:26:10.790 INFO [main] org.apache.catalina.startup.VersionLoggerListener.log JVM Version:           24.0.1+9-30
25-Apr-2026 13:26:10.790 INFO [main] org.apache.catalina.startup.VersionLoggerListener.log JVM Vendor:            Oracle Corporation
25-Apr-2026 13:26:10.791 INFO [main] org.apache.catalina.startup.VersionLoggerListener.log CATALINA_BASE:         C:\Users\HRITIKA SINGH\Documents\Web-Programming-PRG240\SpringMvcHelloWorld 1\SpringMvcHelloWorld 1\apache-tomcat-10.1.52
25-Apr-2026 13:26:10.792 INFO [main] org.apache.catalina.startup.VersionLoggerListener.log CATALINA_HOME:         C:\Users\HRITIKA SINGH\Documents\Web-Programming-PRG240\SpringMvcHelloWorld 1\SpringMvcHelloWorld 1\apache-tomcat-10.1.52
25-Apr-2026 13:26:10.811 INFO [main] org.apache.catalina.startup.VersionLoggerListener.log Command line argument: -Djava.util.logging.config.file=C:\Users\HRITIKA SINGH\Documents\Web-Programming-PRG240\SpringMvcHelloWorld 1\SpringMvcHelloWorld 1\apache-tomcat-10.1.52\conf\logging.properties
25-Apr-2026 13:26:10.812 INFO [main] org.apache.catalina.startup.VersionLoggerListener.log Command line argument: -Djava.util.logging.manager=org.apache.juli.ClassLoaderLogManager
25-Apr-2026 13:26:10.812 INFO [main] org.apache.catalina.startup.VersionLoggerListener.log Command line argument: -Djdk.tls.ephemeralDHKeySize=2048
25-Apr-2026 13:26:10.812 INFO [main] org.apache.catalina.startup.VersionLoggerListener.log Command line argument: -Djava.protocol.handler.pkgs=org.apache.catalina.webresources
25-Apr-2026 13:26:10.813 INFO [main] org.apache.catalina.startup.VersionLoggerListener.log Command line argument: -Dsun.io.useCanonCaches=false
25-Apr-2026 13:26:10.813 INFO [main] org.apache.catalina.startup.VersionLoggerListener.log Command line argument: --add-opens=java.base/java.lang=ALL-UNNAMED
25-Apr-2026 13:26:10.813 INFO [main] org.apache.catalina.startup.VersionLoggerListener.log Command line argument: --add-opens=java.base/java.lang.reflect=ALL-UNNAMED
25-Apr-2026 13:26:10.814 INFO [main] org.apache.catalina.startup.VersionLoggerListener.log Command line argument: --add-opens=java.base/java.io=ALL-UNNAMED
25-Apr-2026 13:26:10.814 INFO [main] org.apache.catalina.startup.VersionLoggerListener.log Command line argument: --add-opens=java.base/java.util=ALL-UNNAMED
25-Apr-2026 13:26:10.814 INFO [main] org.apache.catalina.startup.VersionLoggerListener.log Command line argument: --add-opens=java.base/java.util.concurrent=ALL-UNNAMED
25-Apr-2026 13:26:10.814 INFO [main] org.apache.catalina.startup.VersionLoggerListener.log Command line argument: --add-opens=java.rmi/sun.rmi.transport=ALL-UNNAMED
25-Apr-2026 13:26:10.815 INFO [main] org.apache.catalina.startup.VersionLoggerListener.log Command line argument: -Dcatalina.base=C:\Users\HRITIKA SINGH\Documents\Web-Programming-PRG240\SpringMvcHelloWorld 1\SpringMvcHelloWorld 1\apache-tomcat-10.1.52
25-Apr-2026 13:26:10.815 INFO [main] org.apache.catalina.startup.VersionLoggerListener.log Command line argument: -Dcatalina.home=C:\Users\HRITIKA SINGH\Documents\Web-Programming-PRG240\SpringMvcHelloWorld 1\SpringMvcHelloWorld 1\apache-tomcat-10.1.52
25-Apr-2026 13:26:10.815 INFO [main] org.apache.catalina.startup.VersionLoggerListener.log Command line argument: -Djava.io.tmpdir=C:\Users\HRITIKA SINGH\Documents\Web-Programming-PRG240\SpringMvcHelloWorld 1\SpringMvcHelloWorld 1\apache-tomcat-10.1.52\temp
25-Apr-2026 13:26:10.828 INFO [main] org.apache.catalina.core.AprLifecycleListener.lifecycleEvent Loaded Apache Tomcat Native library [2.0.12] using APR version [1.7.6].
25-Apr-2026 13:26:10.872 INFO [main] org.apache.catalina.core.AprLifecycleListener.initializeSSL OpenSSL successfully initialized [OpenSSL 3.5.4 30 Sep 2025]
25-Apr-2026 13:26:11.476 INFO [main] org.apache.coyote.AbstractProtocol.init Initializing ProtocolHandler ["http-nio-8080"]
25-Apr-2026 13:26:11.525 INFO [main] org.apache.catalina.startup.Catalina.load Server initialization in [1187] milliseconds
25-Apr-2026 13:26:11.706 INFO [main] org.apache.catalina.core.StandardService.startInternal Starting service [Catalina]
25-Apr-2026 13:26:11.708 INFO [main] org.apache.catalina.core.StandardEngine.startInternal Starting Servlet engine: [Apache Tomcat/10.1.52]
25-Apr-2026 13:26:11.775 INFO [main] org.apache.catalina.startup.HostConfig.deployWAR Deploying web application archive [C:\Users\HRITIKA SINGH\Documents\Web-Programming-PRG240\SpringMvcHelloWorld 1\SpringMvcHelloWorld 1\apache-tomcat-10.1.52\webapps\SpringMvcHelloWorld.war]
25-Apr-2026 13:26:11.827 INFO [main] org.apache.catalina.startup.ExpandWar.expand An expanded directory [C:\Users\HRITIKA SINGH\Documents\Web-Programming-PRG240\SpringMvcHelloWorld 1\SpringMvcHelloWorld 1\apache-tomcat-10.1.52\webapps\SpringMvcHelloWorld] was found with a last modified time that did not match the associated WAR. It will be deleted.
25-Apr-2026 13:26:21.590 INFO [main] org.apache.jasper.servlet.TldScanner.scanJars At least one JAR was scanned for TLDs yet contained no TLDs. Enable debug logging for this logger for a complete list of JARs that were scanned but no TLDs were found in them. Skipping unneeded JARs during scanning can improve startup time and JSP compilation time.
25-Apr-2026 13:26:31.039 INFO [main] org.apache.catalina.startup.HostConfig.deployWAR Deployment of web application archive [C:\Users\HRITIKA SINGH\Documents\Web-Programming-PRG240\SpringMvcHelloWorld 1\SpringMvcHelloWorld 1\apache-tomcat-10.1.52\webapps\SpringMvcHelloWorld.war] has finished in [19,262] ms
25-Apr-2026 13:26:31.042 INFO [main] org.apache.catalina.startup.HostConfig.deployDirectory Deploying web application directory [C:\Users\HRITIKA SINGH\Documents\Web-Programming-PRG240\SpringMvcHelloWorld 1\SpringMvcHelloWorld 1\apache-tomcat-10.1.52\webapps\docs]
25-Apr-2026 13:26:31.167 INFO [main] org.apache.catalina.startup.HostConfig.deployDirectory Deployment of web application directory [C:\Users\HRITIKA SINGH\Documents\Web-Programming-PRG240\SpringMvcHelloWorld 1\SpringMvcHelloWorld 1\apache-tomcat-10.1.52\webapps\docs] has finished in [125] ms
25-Apr-2026 13:26:31.172 INFO [main] org.apache.catalina.startup.HostConfig.deployDirectory Deploying web application directory [C:\Users\HRITIKA SINGH\Documents\Web-Programming-PRG240\SpringMvcHelloWorld 1\SpringMvcHelloWorld 1\apache-tomcat-10.1.52\webapps\examples]
25-Apr-2026 13:26:32.221 INFO [main] org.apache.catalina.startup.HostConfig.deployDirectory Deployment of web application directory [C:\Users\HRITIKA SINGH\Documents\Web-Programming-PRG240\SpringMvcHelloWorld 1\SpringMvcHelloWorld 1\apache-tomcat-10.1.52\webapps\examples] has finished in [1,049] ms
25-Apr-2026 13:26:32.226 INFO [main] org.apache.catalina.startup.HostConfig.deployDirectory Deploying web application directory [C:\Users\HRITIKA SINGH\Documents\Web-Programming-PRG240\SpringMvcHelloWorld 1\SpringMvcHelloWorld 1\apache-tomcat-10.1.52\webapps\host-manager]
25-Apr-2026 13:26:32.322 INFO [main] org.apache.catalina.startup.HostConfig.deployDirectory Deployment of web application directory [C:\Users\HRITIKA SINGH\Documents\Web-Programming-PRG240\SpringMvcHelloWorld 1\SpringMvcHelloWorld 1\apache-tomcat-10.1.52\webapps\host-manager] has finished in [97] ms
25-Apr-2026 13:26:32.322 INFO [main] org.apache.catalina.startup.HostConfig.deployDirectory Deploying web application directory [C:\Users\HRITIKA SINGH\Documents\Web-Programming-PRG240\SpringMvcHelloWorld 1\SpringMvcHelloWorld 1\apache-tomcat-10.1.52\webapps\manager]
25-Apr-2026 13:26:32.405 INFO [main] org.apache.catalina.startup.HostConfig.deployDirectory Deployment of web application directory [C:\Users\HRITIKA SINGH\Documents\Web-Programming-PRG240\SpringMvcHelloWorld 1\SpringMvcHelloWorld 1\apache-tomcat-10.1.52\webapps\manager] has finished in [83] ms
25-Apr-2026 13:26:32.407 INFO [main] org.apache.catalina.startup.HostConfig.deployDirectory Deploying web application directory [C:\Users\HRITIKA SINGH\Documents\Web-Programming-PRG240\SpringMvcHelloWorld 1\SpringMvcHelloWorld 1\apache-tomcat-10.1.52\webapps\ROOT]
25-Apr-2026 13:26:32.485 INFO [main] org.apache.catalina.startup.HostConfig.deployDirectory Deployment of web application directory [C:\Users\HRITIKA SINGH\Documents\Web-Programming-PRG240\SpringMvcHelloWorld 1\SpringMvcHelloWorld 1\apache-tomcat-10.1.52\webapps\ROOT] has finished in [75] ms
25-Apr-2026 13:26:32.495 INFO [main] org.apache.coyote.AbstractProtocol.start Starting ProtocolHandler ["http-nio-8080"]
25-Apr-2026 13:26:32.549 INFO [main] org.apache.catalina.startup.Catalina.start Server startup in [21020] milliseconds
25-Apr-2026 13:32:47.345 INFO [main] org.apache.catalina.startup.VersionLoggerListener.log Server version name:   Apache Tomcat/10.1.52
25-Apr-2026 13:32:47.355 INFO [main] org.apache.catalina.startup.VersionLoggerListener.log Server built:          Jan 23 2026 19:29:07 UTC
25-Apr-2026 13:32:47.357 INFO [main] org.apache.catalina.startup.VersionLoggerListener.log Server version number: 10.1.52.0
25-Apr-2026 13:32:47.357 INFO [main] org.apache.catalina.startup.VersionLoggerListener.log OS Name:               Windows 11
25-Apr-2026 13:32:47.357 INFO [main] org.apache.catalina.startup.VersionLoggerListener.log OS Version:            10.0
25-Apr-2026 13:32:47.357 INFO [main] org.apache.catalina.startup.VersionLoggerListener.log Architecture:          amd64
25-Apr-2026 13:32:47.357 INFO [main] org.apache.catalina.startup.VersionLoggerListener.log Java Home:             C:\Program Files\Java\jdk-24
25-Apr-2026 13:32:47.357 INFO [main] org.apache.catalina.startup.VersionLoggerListener.log JVM Version:           24.0.1+9-30
25-Apr-2026 13:32:47.357 INFO [main] org.apache.catalina.startup.VersionLoggerListener.log JVM Vendor:            Oracle Corporation
25-Apr-2026 13:32:47.361 INFO [main] org.apache.catalina.startup.VersionLoggerListener.log CATALINA_BASE:         C:\Users\HRITIKA SINGH\Documents\Web-Programming-PRG240\SpringMvcHelloWorld 1\SpringMvcHelloWorld 1\apache-tomcat-10.1.52
25-Apr-2026 13:32:47.361 INFO [main] org.apache.catalina.startup.VersionLoggerListener.log CATALINA_HOME:         C:\Users\HRITIKA SINGH\Documents\Web-Programming-PRG240\SpringMvcHelloWorld 1\SpringMvcHelloWorld 1\apache-tomcat-10.1.52
25-Apr-2026 13:32:47.593 INFO [main] org.apache.catalina.startup.VersionLoggerListener.log Command line argument: -Djava.util.logging.config.file=C:\Users\HRITIKA SINGH\Documents\Web-Programming-PRG240\SpringMvcHelloWorld 1\SpringMvcHelloWorld 1\apache-tomcat-10.1.52\conf\logging.properties
25-Apr-2026 13:32:47.593 INFO [main] org.apache.catalina.startup.VersionLoggerListener.log Command line argument: -Djava.util.logging.manager=org.apache.juli.ClassLoaderLogManager
25-Apr-2026 13:32:47.593 INFO [main] org.apache.catalina.startup.VersionLoggerListener.log Command line argument: -Djdk.tls.ephemeralDHKeySize=2048
25-Apr-2026 13:32:47.593 INFO [main] org.apache.catalina.startup.VersionLoggerListener.log Command line argument: -Djava.protocol.handler.pkgs=org.apache.catalina.webresources
25-Apr-2026 13:32:47.593 INFO [main] org.apache.catalina.startup.VersionLoggerListener.log Command line argument: -Dsun.io.useCanonCaches=false
25-Apr-2026 13:32:47.597 INFO [main] org.apache.catalina.startup.VersionLoggerListener.log Command line argument: --add-opens=java.base/java.lang=ALL-UNNAMED
25-Apr-2026 13:32:47.597 INFO [main] org.apache.catalina.startup.VersionLoggerListener.log Command line argument: --add-opens=java.base/java.lang.reflect=ALL-UNNAMED
25-Apr-2026 13:32:47.597 INFO [main] org.apache.catalina.startup.VersionLoggerListener.log Command line argument: --add-opens=java.base/java.io=ALL-UNNAMED
25-Apr-2026 13:32:47.599 INFO [main] org.apache.catalina.startup.VersionLoggerListener.log Command line argument: --add-opens=java.base/java.util=ALL-UNNAMED
25-Apr-2026 13:32:47.602 INFO [main] org.apache.catalina.startup.VersionLoggerListener.log Command line argument: --add-opens=java.base/java.util.concurrent=ALL-UNNAMED
25-Apr-2026 13:32:47.602 INFO [main] org.apache.catalina.startup.VersionLoggerListener.log Command line argument: --add-opens=java.rmi/sun.rmi.transport=ALL-UNNAMED
25-Apr-2026 13:32:47.603 INFO [main] org.apache.catalina.startup.VersionLoggerListener.log Command line argument: -Dcatalina.base=C:\Users\HRITIKA SINGH\Documents\Web-Programming-PRG240\SpringMvcHelloWorld 1\SpringMvcHelloWorld 1\apache-tomcat-10.1.52
25-Apr-2026 13:32:47.603 INFO [main] org.apache.catalina.startup.VersionLoggerListener.log Command line argument: -Dcatalina.home=C:\Users\HRITIKA SINGH\Documents\Web-Programming-PRG240\SpringMvcHelloWorld 1\SpringMvcHelloWorld 1\apache-tomcat-10.1.52
25-Apr-2026 13:32:47.603 INFO [main] org.apache.catalina.startup.VersionLoggerListener.log Command line argument: -Djava.io.tmpdir=C:\Users\HRITIKA SINGH\Documents\Web-Programming-PRG240\SpringMvcHelloWorld 1\SpringMvcHelloWorld 1\apache-tomcat-10.1.52\temp
25-Apr-2026 13:32:47.626 INFO [main] org.apache.catalina.core.AprLifecycleListener.lifecycleEvent Loaded Apache Tomcat Native library [2.0.12] using APR version [1.7.6].
25-Apr-2026 13:32:47.707 INFO [main] org.apache.catalina.core.AprLifecycleListener.initializeSSL OpenSSL successfully initialized [OpenSSL 3.5.4 30 Sep 2025]
25-Apr-2026 13:32:48.990 INFO [main] org.apache.coyote.AbstractProtocol.init Initializing ProtocolHandler ["http-nio-8080"]
25-Apr-2026 13:32:49.155 INFO [main] org.apache.catalina.startup.Catalina.load Server initialization in [2786] milliseconds
25-Apr-2026 13:32:49.323 INFO [main] org.apache.catalina.core.StandardService.startInternal Starting service [Catalina]
25-Apr-2026 13:32:49.325 INFO [main] org.apache.catalina.core.StandardEngine.startInternal Starting Servlet engine: [Apache Tomcat/10.1.52]
25-Apr-2026 13:32:49.409 INFO [main] org.apache.catalina.startup.HostConfig.deployWAR Deploying web application archive [C:\Users\HRITIKA SINGH\Documents\Web-Programming-PRG240\SpringMvcHelloWorld 1\SpringMvcHelloWorld 1\apache-tomcat-10.1.52\webapps\SpringMvcHelloWorld.war]
25-Apr-2026 13:32:49.464 INFO [main] org.apache.catalina.startup.ExpandWar.expand An expanded directory [C:\Users\HRITIKA SINGH\Documents\Web-Programming-PRG240\SpringMvcHelloWorld 1\SpringMvcHelloWorld 1\apache-tomcat-10.1.52\webapps\SpringMvcHelloWorld] was found with a last modified time that did not match the associated WAR. It will be deleted.
25-Apr-2026 13:32:57.953 INFO [main] org.apache.jasper.servlet.TldScanner.scanJars At least one JAR was scanned for TLDs yet contained no TLDs. Enable debug logging for this logger for a complete list of JARs that were scanned but no TLDs were found in them. Skipping unneeded JARs during scanning can improve startup time and JSP compilation time.
25-Apr-2026 13:33:06.438 INFO [main] org.apache.catalina.startup.HostConfig.deployWAR Deployment of web application archive [C:\Users\HRITIKA SINGH\Documents\Web-Programming-PRG240\SpringMvcHelloWorld 1\SpringMvcHelloWorld 1\apache-tomcat-10.1.52\webapps\SpringMvcHelloWorld.war] has finished in [17,029] ms
25-Apr-2026 13:33:06.445 INFO [main] org.apache.catalina.startup.HostConfig.deployDirectory Deploying web application directory [C:\Users\HRITIKA SINGH\Documents\Web-Programming-PRG240\SpringMvcHelloWorld 1\SpringMvcHelloWorld 1\apache-tomcat-10.1.52\webapps\docs]
25-Apr-2026 13:33:06.537 INFO [main] org.apache.catalina.startup.HostConfig.deployDirectory Deployment of web application directory [C:\Users\HRITIKA SINGH\Documents\Web-Programming-PRG240\SpringMvcHelloWorld 1\SpringMvcHelloWorld 1\apache-tomcat-10.1.52\webapps\docs] has finished in [92] ms
25-Apr-2026 13:33:06.537 INFO [main] org.apache.catalina.startup.HostConfig.deployDirectory Deploying web application directory [C:\Users\HRITIKA SINGH\Documents\Web-Programming-PRG240\SpringMvcHelloWorld 1\SpringMvcHelloWorld 1\apache-tomcat-10.1.52\webapps\examples]
25-Apr-2026 13:33:07.672 INFO [main] org.apache.catalina.startup.HostConfig.deployDirectory Deployment of web application directory [C:\Users\HRITIKA SINGH\Documents\Web-Programming-PRG240\SpringMvcHelloWorld 1\SpringMvcHelloWorld 1\apache-tomcat-10.1.52\webapps\examples] has finished in [1,135] ms
25-Apr-2026 13:33:07.672 INFO [main] org.apache.catalina.startup.HostConfig.deployDirectory Deploying web application directory [C:\Users\HRITIKA SINGH\Documents\Web-Programming-PRG240\SpringMvcHelloWorld 1\SpringMvcHelloWorld 1\apache-tomcat-10.1.52\webapps\host-manager]
25-Apr-2026 13:33:07.775 INFO [main] org.apache.catalina.startup.HostConfig.deployDirectory Deployment of web application directory [C:\Users\HRITIKA SINGH\Documents\Web-Programming-PRG240\SpringMvcHelloWorld 1\SpringMvcHelloWorld 1\apache-tomcat-10.1.52\webapps\host-manager] has finished in [103] ms
25-Apr-2026 13:33:07.775 INFO [main] org.apache.catalina.startup.HostConfig.deployDirectory Deploying web application directory [C:\Users\HRITIKA SINGH\Documents\Web-Programming-PRG240\SpringMvcHelloWorld 1\SpringMvcHelloWorld 1\apache-tomcat-10.1.52\webapps\manager]
25-Apr-2026 13:33:07.884 INFO [main] org.apache.catalina.startup.HostConfig.deployDirectory Deployment of web application directory [C:\Users\HRITIKA SINGH\Documents\Web-Programming-PRG240\SpringMvcHelloWorld 1\SpringMvcHelloWorld 1\apache-tomcat-10.1.52\webapps\manager] has finished in [109] ms
25-Apr-2026 13:33:07.885 INFO [main] org.apache.catalina.startup.HostConfig.deployDirectory Deploying web application directory [C:\Users\HRITIKA SINGH\Documents\Web-Programming-PRG240\SpringMvcHelloWorld 1\SpringMvcHelloWorld 1\apache-tomcat-10.1.52\webapps\ROOT]
25-Apr-2026 13:33:07.963 INFO [main] org.apache.catalina.startup.HostConfig.deployDirectory Deployment of web application directory [C:\Users\HRITIKA SINGH\Documents\Web-Programming-PRG240\SpringMvcHelloWorld 1\SpringMvcHelloWorld 1\apache-tomcat-10.1.52\webapps\ROOT] has finished in [78] ms
25-Apr-2026 13:33:07.974 INFO [main] org.apache.coyote.AbstractProtocol.start Starting ProtocolHandler ["http-nio-8080"]
25-Apr-2026 13:33:08.034 INFO [main] org.apache.catalina.startup.Catalina.start Server startup in [18871] milliseconds
25-Apr-2026 16:43:04.035 INFO [main] org.apache.catalina.startup.VersionLoggerListener.log Server version name:   Apache Tomcat/10.1.52
25-Apr-2026 16:43:04.039 INFO [main] org.apache.catalina.startup.VersionLoggerListener.log Server built:          Jan 23 2026 19:29:07 UTC
25-Apr-2026 16:43:04.040 INFO [main] org.apache.catalina.startup.VersionLoggerListener.log Server version number: 10.1.52.0
25-Apr-2026 16:43:04.041 INFO [main] org.apache.catalina.startup.VersionLoggerListener.log OS Name:               Windows 11
25-Apr-2026 16:43:04.041 INFO [main] org.apache.catalina.startup.VersionLoggerListener.log OS Version:            10.0
25-Apr-2026 16:43:04.042 INFO [main] org.apache.catalina.startup.VersionLoggerListener.log Architecture:          amd64
25-Apr-2026 16:43:04.042 INFO [main] org.apache.catalina.startup.VersionLoggerListener.log Java Home:             C:\Program Files\Java\jdk-24
25-Apr-2026 16:43:04.042 INFO [main] org.apache.catalina.startup.VersionLoggerListener.log JVM Version:           24.0.1+9-30
25-Apr-2026 16:43:04.042 INFO [main] org.apache.catalina.startup.VersionLoggerListener.log JVM Vendor:            Oracle Corporation
25-Apr-2026 16:43:04.042 INFO [main] org.apache.catalina.startup.VersionLoggerListener.log CATALINA_BASE:         C:\Users\HRITIKA SINGH\Documents\Web-Programming-PRG240\SpringMvcHelloWorld 1\SpringMvcHelloWorld 1\apache-tomcat-10.1.52
25-Apr-2026 16:43:04.043 INFO [main] org.apache.catalina.startup.VersionLoggerListener.log CATALINA_HOME:         C:\Users\HRITIKA SINGH\Documents\Web-Programming-PRG240\SpringMvcHelloWorld 1\SpringMvcHelloWorld 1\apache-tomcat-10.1.52
25-Apr-2026 16:43:04.062 INFO [main] org.apache.catalina.startup.VersionLoggerListener.log Command line argument: -Djava.util.logging.config.file=C:\Users\HRITIKA SINGH\Documents\Web-Programming-PRG240\SpringMvcHelloWorld 1\SpringMvcHelloWorld 1\apache-tomcat-10.1.52\conf\logging.properties
25-Apr-2026 16:43:04.063 INFO [main] org.apache.catalina.startup.VersionLoggerListener.log Command line argument: -Djava.util.logging.manager=org.apache.juli.ClassLoaderLogManager
25-Apr-2026 16:43:04.063 INFO [main] org.apache.catalina.startup.VersionLoggerListener.log Command line argument: -Djdk.tls.ephemeralDHKeySize=2048
25-Apr-2026 16:43:04.065 INFO [main] org.apache.catalina.startup.VersionLoggerListener.log Command line argument: -Djava.protocol.handler.pkgs=org.apache.catalina.webresources
25-Apr-2026 16:43:04.065 INFO [main] org.apache.catalina.startup.VersionLoggerListener.log Command line argument: -Dsun.io.useCanonCaches=false
25-Apr-2026 16:43:04.065 INFO [main] org.apache.catalina.startup.VersionLoggerListener.log Command line argument: --add-opens=java.base/java.lang=ALL-UNNAMED
25-Apr-2026 16:43:04.065 INFO [main] org.apache.catalina.startup.VersionLoggerListener.log Command line argument: --add-opens=java.base/java.lang.reflect=ALL-UNNAMED
25-Apr-2026 16:43:04.066 INFO [main] org.apache.catalina.startup.VersionLoggerListener.log Command line argument: --add-opens=java.base/java.io=ALL-UNNAMED
25-Apr-2026 16:43:04.066 INFO [main] org.apache.catalina.startup.VersionLoggerListener.log Command line argument: --add-opens=java.base/java.util=ALL-UNNAMED
25-Apr-2026 16:43:04.066 INFO [main] org.apache.catalina.startup.VersionLoggerListener.log Command line argument: --add-opens=java.base/java.util.concurrent=ALL-UNNAMED
25-Apr-2026 16:43:04.066 INFO [main] org.apache.catalina.startup.VersionLoggerListener.log Command line argument: --add-opens=java.rmi/sun.rmi.transport=ALL-UNNAMED
25-Apr-2026 16:43:04.066 INFO [main] org.apache.catalina.startup.VersionLoggerListener.log Command line argument: -Dcatalina.base=C:\Users\HRITIKA SINGH\Documents\Web-Programming-PRG240\SpringMvcHelloWorld 1\SpringMvcHelloWorld 1\apache-tomcat-10.1.52
25-Apr-2026 16:43:04.068 INFO [main] org.apache.catalina.startup.VersionLoggerListener.log Command line argument: -Dcatalina.home=C:\Users\HRITIKA SINGH\Documents\Web-Programming-PRG240\SpringMvcHelloWorld 1\SpringMvcHelloWorld 1\apache-tomcat-10.1.52
25-Apr-2026 16:43:04.068 INFO [main] org.apache.catalina.startup.VersionLoggerListener.log Command line argument: -Djava.io.tmpdir=C:\Users\HRITIKA SINGH\Documents\Web-Programming-PRG240\SpringMvcHelloWorld 1\SpringMvcHelloWorld 1\apache-tomcat-10.1.52\temp
25-Apr-2026 16:43:04.077 INFO [main] org.apache.catalina.core.AprLifecycleListener.lifecycleEvent Loaded Apache Tomcat Native library [2.0.12] using APR version [1.7.6].
25-Apr-2026 16:43:04.109 INFO [main] org.apache.catalina.core.AprLifecycleListener.initializeSSL OpenSSL successfully initialized [OpenSSL 3.5.4 30 Sep 2025]
25-Apr-2026 16:43:04.795 INFO [main] org.apache.coyote.AbstractProtocol.init Initializing ProtocolHandler ["http-nio-8080"]
25-Apr-2026 16:43:04.865 INFO [main] org.apache.catalina.startup.Catalina.load Server initialization in [1144] milliseconds
25-Apr-2026 16:43:05.019 INFO [main] org.apache.catalina.core.StandardService.startInternal Starting service [Catalina]
25-Apr-2026 16:43:05.021 INFO [main] org.apache.catalina.core.StandardEngine.startInternal Starting Servlet engine: [Apache Tomcat/10.1.52]
25-Apr-2026 16:43:05.105 INFO [main] org.apache.catalina.startup.HostConfig.deployWAR Deploying web application archive [C:\Users\HRITIKA SINGH\Documents\Web-Programming-PRG240\SpringMvcHelloWorld 1\SpringMvcHelloWorld 1\apache-tomcat-10.1.52\webapps\SpringMvcHelloWorld.war]
25-Apr-2026 16:43:05.183 INFO [main] org.apache.catalina.startup.ExpandWar.expand An expanded directory [C:\Users\HRITIKA SINGH\Documents\Web-Programming-PRG240\SpringMvcHelloWorld 1\SpringMvcHelloWorld 1\apache-tomcat-10.1.52\webapps\SpringMvcHelloWorld] was found with a last modified time that did not match the associated WAR. It will be deleted.
25-Apr-2026 16:43:12.841 INFO [main] org.apache.jasper.servlet.TldScanner.scanJars At least one JAR was scanned for TLDs yet contained no TLDs. Enable debug logging for this logger for a complete list of JARs that were scanned but no TLDs were found in them. Skipping unneeded JARs during scanning can improve startup time and JSP compilation time.
25-Apr-2026 16:43:20.677 INFO [main] org.apache.catalina.startup.HostConfig.deployWAR Deployment of web application archive [C:\Users\HRITIKA SINGH\Documents\Web-Programming-PRG240\SpringMvcHelloWorld 1\SpringMvcHelloWorld 1\apache-tomcat-10.1.52\webapps\SpringMvcHelloWorld.war] has finished in [15,569] ms
25-Apr-2026 16:43:20.679 INFO [main] org.apache.catalina.startup.HostConfig.deployDirectory Deploying web application directory [C:\Users\HRITIKA SINGH\Documents\Web-Programming-PRG240\SpringMvcHelloWorld 1\SpringMvcHelloWorld 1\apache-tomcat-10.1.52\webapps\docs]
25-Apr-2026 16:43:20.761 INFO [main] org.apache.catalina.startup.HostConfig.deployDirectory Deployment of web application directory [C:\Users\HRITIKA SINGH\Documents\Web-Programming-PRG240\SpringMvcHelloWorld 1\SpringMvcHelloWorld 1\apache-tomcat-10.1.52\webapps\docs] has finished in [83] ms
25-Apr-2026 16:43:20.762 INFO [main] org.apache.catalina.startup.HostConfig.deployDirectory Deploying web application directory [C:\Users\HRITIKA SINGH\Documents\Web-Programming-PRG240\SpringMvcHelloWorld 1\SpringMvcHelloWorld 1\apache-tomcat-10.1.52\webapps\examples]
25-Apr-2026 16:43:21.786 INFO [main] org.apache.catalina.startup.HostConfig.deployDirectory Deployment of web application directory [C:\Users\HRITIKA SINGH\Documents\Web-Programming-PRG240\SpringMvcHelloWorld 1\SpringMvcHelloWorld 1\apache-tomcat-10.1.52\webapps\examples] has finished in [1,024] ms
25-Apr-2026 16:43:21.786 INFO [main] org.apache.catalina.startup.HostConfig.deployDirectory Deploying web application directory [C:\Users\HRITIKA SINGH\Documents\Web-Programming-PRG240\SpringMvcHelloWorld 1\SpringMvcHelloWorld 1\apache-tomcat-10.1.52\webapps\host-manager]
25-Apr-2026 16:43:21.877 INFO [main] org.apache.catalina.startup.HostConfig.deployDirectory Deployment of web application directory [C:\Users\HRITIKA SINGH\Documents\Web-Programming-PRG240\SpringMvcHelloWorld 1\SpringMvcHelloWorld 1\apache-tomcat-10.1.52\webapps\host-manager] has finished in [91] ms
25-Apr-2026 16:43:21.878 INFO [main] org.apache.catalina.startup.HostConfig.deployDirectory Deploying web application directory [C:\Users\HRITIKA SINGH\Documents\Web-Programming-PRG240\SpringMvcHelloWorld 1\SpringMvcHelloWorld 1\apache-tomcat-10.1.52\webapps\manager]
25-Apr-2026 16:43:21.971 INFO [main] org.apache.catalina.startup.HostConfig.deployDirectory Deployment of web application directory [C:\Users\HRITIKA SINGH\Documents\Web-Programming-PRG240\SpringMvcHelloWorld 1\SpringMvcHelloWorld 1\apache-tomcat-10.1.52\webapps\manager] has finished in [94] ms
25-Apr-2026 16:43:21.972 INFO [main] org.apache.catalina.startup.HostConfig.deployDirectory Deploying web application directory [C:\Users\HRITIKA SINGH\Documents\Web-Programming-PRG240\SpringMvcHelloWorld 1\SpringMvcHelloWorld 1\apache-tomcat-10.1.52\webapps\ROOT]
25-Apr-2026 16:43:22.031 INFO [main] org.apache.catalina.startup.HostConfig.deployDirectory Deployment of web application directory [C:\Users\HRITIKA SINGH\Documents\Web-Programming-PRG240\SpringMvcHelloWorld 1\SpringMvcHelloWorld 1\apache-tomcat-10.1.52\webapps\ROOT] has finished in [58] ms
25-Apr-2026 16:43:22.041 INFO [main] org.apache.coyote.AbstractProtocol.start Starting ProtocolHandler ["http-nio-8080"]
25-Apr-2026 16:43:22.089 INFO [main] org.apache.catalina.startup.Catalina.start Server startup in [17219] milliseconds
25-Apr-2026 16:48:31.615 INFO [main] org.apache.catalina.startup.VersionLoggerListener.log Server version name:   Apache Tomcat/10.1.52
25-Apr-2026 16:48:31.628 INFO [main] org.apache.catalina.startup.VersionLoggerListener.log Server built:          Jan 23 2026 19:29:07 UTC
25-Apr-2026 16:48:31.630 INFO [main] org.apache.catalina.startup.VersionLoggerListener.log Server version number: 10.1.52.0
25-Apr-2026 16:48:31.630 INFO [main] org.apache.catalina.startup.VersionLoggerListener.log OS Name:               Windows 11
25-Apr-2026 16:48:31.632 INFO [main] org.apache.catalina.startup.VersionLoggerListener.log OS Version:            10.0
25-Apr-2026 16:48:31.632 INFO [main] org.apache.catalina.startup.VersionLoggerListener.log Architecture:          amd64
25-Apr-2026 16:48:31.632 INFO [main] org.apache.catalina.startup.VersionLoggerListener.log Java Home:             C:\Program Files\Java\jdk-24
25-Apr-2026 16:48:31.632 INFO [main] org.apache.catalina.startup.VersionLoggerListener.log JVM Version:           24.0.1+9-30
25-Apr-2026 16:48:31.635 INFO [main] org.apache.catalina.startup.VersionLoggerListener.log JVM Vendor:            Oracle Corporation
25-Apr-2026 16:48:31.635 INFO [main] org.apache.catalina.startup.VersionLoggerListener.log CATALINA_BASE:         C:\Users\HRITIKA SINGH\Documents\Web-Programming-PRG240\SpringMvcHelloWorld 1\SpringMvcHelloWorld 1\apache-tomcat-10.1.52
25-Apr-2026 16:48:31.635 INFO [main] org.apache.catalina.startup.VersionLoggerListener.log CATALINA_HOME:         C:\Users\HRITIKA SINGH\Documents\Web-Programming-PRG240\SpringMvcHelloWorld 1\SpringMvcHelloWorld 1\apache-tomcat-10.1.52
25-Apr-2026 16:48:31.658 INFO [main] org.apache.catalina.startup.VersionLoggerListener.log Command line argument: -Djava.util.logging.config.file=C:\Users\HRITIKA SINGH\Documents\Web-Programming-PRG240\SpringMvcHelloWorld 1\SpringMvcHelloWorld 1\apache-tomcat-10.1.52\conf\logging.properties
25-Apr-2026 16:48:31.658 INFO [main] org.apache.catalina.startup.VersionLoggerListener.log Command line argument: -Djava.util.logging.manager=org.apache.juli.ClassLoaderLogManager
25-Apr-2026 16:48:31.658 INFO [main] org.apache.catalina.startup.VersionLoggerListener.log Command line argument: -Djdk.tls.ephemeralDHKeySize=2048
25-Apr-2026 16:48:31.658 INFO [main] org.apache.catalina.startup.VersionLoggerListener.log Command line argument: -Djava.protocol.handler.pkgs=org.apache.catalina.webresources
25-Apr-2026 16:48:31.658 INFO [main] org.apache.catalina.startup.VersionLoggerListener.log Command line argument: -Dsun.io.useCanonCaches=false
25-Apr-2026 16:48:31.658 INFO [main] org.apache.catalina.startup.VersionLoggerListener.log Command line argument: --add-opens=java.base/java.lang=ALL-UNNAMED
25-Apr-2026 16:48:31.658 INFO [main] org.apache.catalina.startup.VersionLoggerListener.log Command line argument: --add-opens=java.base/java.lang.reflect=ALL-UNNAMED
25-Apr-2026 16:48:31.658 INFO [main] org.apache.catalina.startup.VersionLoggerListener.log Command line argument: --add-opens=java.base/java.io=ALL-UNNAMED
25-Apr-2026 16:48:31.662 INFO [main] org.apache.catalina.startup.VersionLoggerListener.log Command line argument: --add-opens=java.base/java.util=ALL-UNNAMED
25-Apr-2026 16:48:31.662 INFO [main] org.apache.catalina.startup.VersionLoggerListener.log Command line argument: --add-opens=java.base/java.util.concurrent=ALL-UNNAMED
25-Apr-2026 16:48:31.662 INFO [main] org.apache.catalina.startup.VersionLoggerListener.log Command line argument: --add-opens=java.rmi/sun.rmi.transport=ALL-UNNAMED
25-Apr-2026 16:48:31.662 INFO [main] org.apache.catalina.startup.VersionLoggerListener.log Command line argument: -Dcatalina.base=C:\Users\HRITIKA SINGH\Documents\Web-Programming-PRG240\SpringMvcHelloWorld 1\SpringMvcHelloWorld 1\apache-tomcat-10.1.52
25-Apr-2026 16:48:31.662 INFO [main] org.apache.catalina.startup.VersionLoggerListener.log Command line argument: -Dcatalina.home=C:\Users\HRITIKA SINGH\Documents\Web-Programming-PRG240\SpringMvcHelloWorld 1\SpringMvcHelloWorld 1\apache-tomcat-10.1.52
25-Apr-2026 16:48:31.662 INFO [main] org.apache.catalina.startup.VersionLoggerListener.log Command line argument: -Djava.io.tmpdir=C:\Users\HRITIKA SINGH\Documents\Web-Programming-PRG240\SpringMvcHelloWorld 1\SpringMvcHelloWorld 1\apache-tomcat-10.1.52\temp
25-Apr-2026 16:48:31.670 INFO [main] org.apache.catalina.core.AprLifecycleListener.lifecycleEvent Loaded Apache Tomcat Native library [2.0.12] using APR version [1.7.6].
25-Apr-2026 16:48:31.688 INFO [main] org.apache.catalina.core.AprLifecycleListener.initializeSSL OpenSSL successfully initialized [OpenSSL 3.5.4 30 Sep 2025]
25-Apr-2026 16:48:32.476 INFO [main] org.apache.coyote.AbstractProtocol.init Initializing ProtocolHandler ["http-nio-8080"]
25-Apr-2026 16:48:32.536 INFO [main] org.apache.catalina.startup.Catalina.load Server initialization in [1342] milliseconds
25-Apr-2026 16:48:32.648 INFO [main] org.apache.catalina.core.StandardService.startInternal Starting service [Catalina]
25-Apr-2026 16:48:32.649 INFO [main] org.apache.catalina.core.StandardEngine.startInternal Starting Servlet engine: [Apache Tomcat/10.1.52]
25-Apr-2026 16:48:32.711 INFO [main] org.apache.catalina.startup.HostConfig.deployWAR Deploying web application archive [C:\Users\HRITIKA SINGH\Documents\Web-Programming-PRG240\SpringMvcHelloWorld 1\SpringMvcHelloWorld 1\apache-tomcat-10.1.52\webapps\SpringMvcHelloWorld.war]
25-Apr-2026 16:48:32.773 INFO [main] org.apache.catalina.startup.ExpandWar.expand An expanded directory [C:\Users\HRITIKA SINGH\Documents\Web-Programming-PRG240\SpringMvcHelloWorld 1\SpringMvcHelloWorld 1\apache-tomcat-10.1.52\webapps\SpringMvcHelloWorld] was found with a last modified time that did not match the associated WAR. It will be deleted.
25-Apr-2026 16:48:40.881 INFO [main] org.apache.jasper.servlet.TldScanner.scanJars At least one JAR was scanned for TLDs yet contained no TLDs. Enable debug logging for this logger for a complete list of JARs that were scanned but no TLDs were found in them. Skipping unneeded JARs during scanning can improve startup time and JSP compilation time.
25-Apr-2026 16:48:48.954 INFO [main] org.apache.catalina.startup.HostConfig.deployWAR Deployment of web application archive [C:\Users\HRITIKA SINGH\Documents\Web-Programming-PRG240\SpringMvcHelloWorld 1\SpringMvcHelloWorld 1\apache-tomcat-10.1.52\webapps\SpringMvcHelloWorld.war] has finished in [16,238] ms
25-Apr-2026 16:48:48.957 INFO [main] org.apache.catalina.startup.HostConfig.deployDirectory Deploying web application directory [C:\Users\HRITIKA SINGH\Documents\Web-Programming-PRG240\SpringMvcHelloWorld 1\SpringMvcHelloWorld 1\apache-tomcat-10.1.52\webapps\docs]
25-Apr-2026 16:48:49.039 INFO [main] org.apache.catalina.startup.HostConfig.deployDirectory Deployment of web application directory [C:\Users\HRITIKA SINGH\Documents\Web-Programming-PRG240\SpringMvcHelloWorld 1\SpringMvcHelloWorld 1\apache-tomcat-10.1.52\webapps\docs] has finished in [82] ms
25-Apr-2026 16:48:49.045 INFO [main] org.apache.catalina.startup.HostConfig.deployDirectory Deploying web application directory [C:\Users\HRITIKA SINGH\Documents\Web-Programming-PRG240\SpringMvcHelloWorld 1\SpringMvcHelloWorld 1\apache-tomcat-10.1.52\webapps\examples]
25-Apr-2026 16:48:50.196 INFO [main] org.apache.catalina.startup.HostConfig.deployDirectory Deployment of web application directory [C:\Users\HRITIKA SINGH\Documents\Web-Programming-PRG240\SpringMvcHelloWorld 1\SpringMvcHelloWorld 1\apache-tomcat-10.1.52\webapps\examples] has finished in [1,151] ms
25-Apr-2026 16:48:50.198 INFO [main] org.apache.catalina.startup.HostConfig.deployDirectory Deploying web application directory [C:\Users\HRITIKA SINGH\Documents\Web-Programming-PRG240\SpringMvcHelloWorld 1\SpringMvcHelloWorld 1\apache-tomcat-10.1.52\webapps\host-manager]
25-Apr-2026 16:48:50.322 INFO [main] org.apache.catalina.startup.HostConfig.deployDirectory Deployment of web application directory [C:\Users\HRITIKA SINGH\Documents\Web-Programming-PRG240\SpringMvcHelloWorld 1\SpringMvcHelloWorld 1\apache-tomcat-10.1.52\webapps\host-manager] has finished in [124] ms
25-Apr-2026 16:48:50.322 INFO [main] org.apache.catalina.startup.HostConfig.deployDirectory Deploying web application directory [C:\Users\HRITIKA SINGH\Documents\Web-Programming-PRG240\SpringMvcHelloWorld 1\SpringMvcHelloWorld 1\apache-tomcat-10.1.52\webapps\manager]
25-Apr-2026 16:48:50.433 INFO [main] org.apache.catalina.startup.HostConfig.deployDirectory Deployment of web application directory [C:\Users\HRITIKA SINGH\Documents\Web-Programming-PRG240\SpringMvcHelloWorld 1\SpringMvcHelloWorld 1\apache-tomcat-10.1.52\webapps\manager] has finished in [111] ms
25-Apr-2026 16:48:50.435 INFO [main] org.apache.catalina.startup.HostConfig.deployDirectory Deploying web application directory [C:\Users\HRITIKA SINGH\Documents\Web-Programming-PRG240\SpringMvcHelloWorld 1\SpringMvcHelloWorld 1\apache-tomcat-10.1.52\webapps\ROOT]
25-Apr-2026 16:48:50.515 INFO [main] org.apache.catalina.startup.HostConfig.deployDirectory Deployment of web application directory [C:\Users\HRITIKA SINGH\Documents\Web-Programming-PRG240\SpringMvcHelloWorld 1\SpringMvcHelloWorld 1\apache-tomcat-10.1.52\webapps\ROOT] has finished in [82] ms
25-Apr-2026 16:48:50.525 INFO [main] org.apache.coyote.AbstractProtocol.start Starting ProtocolHandler ["http-nio-8080"]
25-Apr-2026 16:48:50.571 INFO [main] org.apache.catalina.startup.Catalina.start Server startup in [18032] milliseconds
25-Apr-2026 17:04:50.329 INFO [main] org.apache.catalina.startup.VersionLoggerListener.log Server version name:   Apache Tomcat/10.1.52
25-Apr-2026 17:04:50.332 INFO [main] org.apache.catalina.startup.VersionLoggerListener.log Server built:          Jan 23 2026 19:29:07 UTC
25-Apr-2026 17:04:50.332 INFO [main] org.apache.catalina.startup.VersionLoggerListener.log Server version number: 10.1.52.0
25-Apr-2026 17:04:50.337 INFO [main] org.apache.catalina.startup.VersionLoggerListener.log OS Name:               Windows 11
25-Apr-2026 17:04:50.337 INFO [main] org.apache.catalina.startup.VersionLoggerListener.log OS Version:            10.0
25-Apr-2026 17:04:50.337 INFO [main] org.apache.catalina.startup.VersionLoggerListener.log Architecture:          amd64
25-Apr-2026 17:04:50.337 INFO [main] org.apache.catalina.startup.VersionLoggerListener.log Java Home:             C:\Program Files\Java\jdk-24
25-Apr-2026 17:04:50.337 INFO [main] org.apache.catalina.startup.VersionLoggerListener.log JVM Version:           24.0.1+9-30
25-Apr-2026 17:04:50.339 INFO [main] org.apache.catalina.startup.VersionLoggerListener.log JVM Vendor:            Oracle Corporation
25-Apr-2026 17:04:50.339 INFO [main] org.apache.catalina.startup.VersionLoggerListener.log CATALINA_BASE:         C:\Users\HRITIKA SINGH\Documents\Web-Programming-PRG240\SpringMvcHelloWorld 1\SpringMvcHelloWorld 1\apache-tomcat-10.1.52
25-Apr-2026 17:04:50.342 INFO [main] org.apache.catalina.startup.VersionLoggerListener.log CATALINA_HOME:         C:\Users\HRITIKA SINGH\Documents\Web-Programming-PRG240\SpringMvcHelloWorld 1\SpringMvcHelloWorld 1\apache-tomcat-10.1.52
25-Apr-2026 17:04:50.362 INFO [main] org.apache.catalina.startup.VersionLoggerListener.log Command line argument: -Djava.util.logging.config.file=C:\Users\HRITIKA SINGH\Documents\Web-Programming-PRG240\SpringMvcHelloWorld 1\SpringMvcHelloWorld 1\apache-tomcat-10.1.52\conf\logging.properties
25-Apr-2026 17:04:50.362 INFO [main] org.apache.catalina.startup.VersionLoggerListener.log Command line argument: -Djava.util.logging.manager=org.apache.juli.ClassLoaderLogManager
25-Apr-2026 17:04:50.362 INFO [main] org.apache.catalina.startup.VersionLoggerListener.log Command line argument: -Djdk.tls.ephemeralDHKeySize=2048
25-Apr-2026 17:04:50.362 INFO [main] org.apache.catalina.startup.VersionLoggerListener.log Command line argument: -Djava.protocol.handler.pkgs=org.apache.catalina.webresources
25-Apr-2026 17:04:50.362 INFO [main] org.apache.catalina.startup.VersionLoggerListener.log Command line argument: -Dsun.io.useCanonCaches=false
25-Apr-2026 17:04:50.362 INFO [main] org.apache.catalina.startup.VersionLoggerListener.log Command line argument: --add-opens=java.base/java.lang=ALL-UNNAMED
25-Apr-2026 17:04:50.362 INFO [main] org.apache.catalina.startup.VersionLoggerListener.log Command line argument: --add-opens=java.base/java.lang.reflect=ALL-UNNAMED
25-Apr-2026 17:04:50.368 INFO [main] org.apache.catalina.startup.VersionLoggerListener.log Command line argument: --add-opens=java.base/java.io=ALL-UNNAMED
25-Apr-2026 17:04:50.368 INFO [main] org.apache.catalina.startup.VersionLoggerListener.log Command line argument: --add-opens=java.base/java.util=ALL-UNNAMED
25-Apr-2026 17:04:50.368 INFO [main] org.apache.catalina.startup.VersionLoggerListener.log Command line argument: --add-opens=java.base/java.util.concurrent=ALL-UNNAMED
25-Apr-2026 17:04:50.368 INFO [main] org.apache.catalina.startup.VersionLoggerListener.log Command line argument: --add-opens=java.rmi/sun.rmi.transport=ALL-UNNAMED
25-Apr-2026 17:04:50.368 INFO [main] org.apache.catalina.startup.VersionLoggerListener.log Command line argument: -Dcatalina.base=C:\Users\HRITIKA SINGH\Documents\Web-Programming-PRG240\SpringMvcHelloWorld 1\SpringMvcHelloWorld 1\apache-tomcat-10.1.52
25-Apr-2026 17:04:50.368 INFO [main] org.apache.catalina.startup.VersionLoggerListener.log Command line argument: -Dcatalina.home=C:\Users\HRITIKA SINGH\Documents\Web-Programming-PRG240\SpringMvcHelloWorld 1\SpringMvcHelloWorld 1\apache-tomcat-10.1.52
25-Apr-2026 17:04:50.369 INFO [main] org.apache.catalina.startup.VersionLoggerListener.log Command line argument: -Djava.io.tmpdir=C:\Users\HRITIKA SINGH\Documents\Web-Programming-PRG240\SpringMvcHelloWorld 1\SpringMvcHelloWorld 1\apache-tomcat-10.1.52\temp
25-Apr-2026 17:04:50.382 INFO [main] org.apache.catalina.core.AprLifecycleListener.lifecycleEvent Loaded Apache Tomcat Native library [2.0.12] using APR version [1.7.6].
25-Apr-2026 17:04:50.432 INFO [main] org.apache.catalina.core.AprLifecycleListener.initializeSSL OpenSSL successfully initialized [OpenSSL 3.5.4 30 Sep 2025]
25-Apr-2026 17:04:51.135 INFO [main] org.apache.coyote.AbstractProtocol.init Initializing ProtocolHandler ["http-nio-8080"]
25-Apr-2026 17:04:51.192 INFO [main] org.apache.catalina.startup.Catalina.load Server initialization in [1449] milliseconds
25-Apr-2026 17:04:51.326 INFO [main] org.apache.catalina.core.StandardService.startInternal Starting service [Catalina]
25-Apr-2026 17:04:51.328 INFO [main] org.apache.catalina.core.StandardEngine.startInternal Starting Servlet engine: [Apache Tomcat/10.1.52]
25-Apr-2026 17:04:51.456 INFO [main] org.apache.catalina.startup.HostConfig.deployWAR Deploying web application archive [C:\Users\HRITIKA SINGH\Documents\Web-Programming-PRG240\SpringMvcHelloWorld 1\SpringMvcHelloWorld 1\apache-tomcat-10.1.52\webapps\SpringMvcHelloWorld.war]
25-Apr-2026 17:04:51.554 INFO [main] org.apache.catalina.startup.ExpandWar.expand An expanded directory [C:\Users\HRITIKA SINGH\Documents\Web-Programming-PRG240\SpringMvcHelloWorld 1\SpringMvcHelloWorld 1\apache-tomcat-10.1.52\webapps\SpringMvcHelloWorld] was found with a last modified time that did not match the associated WAR. It will be deleted.
25-Apr-2026 17:05:00.021 INFO [main] org.apache.jasper.servlet.TldScanner.scanJars At least one JAR was scanned for TLDs yet contained no TLDs. Enable debug logging for this logger for a complete list of JARs that were scanned but no TLDs were found in them. Skipping unneeded JARs during scanning can improve startup time and JSP compilation time.
25-Apr-2026 17:05:08.101 INFO [main] org.apache.catalina.startup.HostConfig.deployWAR Deployment of web application archive [C:\Users\HRITIKA SINGH\Documents\Web-Programming-PRG240\SpringMvcHelloWorld 1\SpringMvcHelloWorld 1\apache-tomcat-10.1.52\webapps\SpringMvcHelloWorld.war] has finished in [16,643] ms
25-Apr-2026 17:05:08.103 INFO [main] org.apache.catalina.startup.HostConfig.deployDirectory Deploying web application directory [C:\Users\HRITIKA SINGH\Documents\Web-Programming-PRG240\SpringMvcHelloWorld 1\SpringMvcHelloWorld 1\apache-tomcat-10.1.52\webapps\docs]
25-Apr-2026 17:05:08.199 INFO [main] org.apache.catalina.startup.HostConfig.deployDirectory Deployment of web application directory [C:\Users\HRITIKA SINGH\Documents\Web-Programming-PRG240\SpringMvcHelloWorld 1\SpringMvcHelloWorld 1\apache-tomcat-10.1.52\webapps\docs] has finished in [96] ms
25-Apr-2026 17:05:08.201 INFO [main] org.apache.catalina.startup.HostConfig.deployDirectory Deploying web application directory [C:\Users\HRITIKA SINGH\Documents\Web-Programming-PRG240\SpringMvcHelloWorld 1\SpringMvcHelloWorld 1\apache-tomcat-10.1.52\webapps\examples]
25-Apr-2026 17:05:09.238 INFO [main] org.apache.catalina.startup.HostConfig.deployDirectory Deployment of web application directory [C:\Users\HRITIKA SINGH\Documents\Web-Programming-PRG240\SpringMvcHelloWorld 1\SpringMvcHelloWorld 1\apache-tomcat-10.1.52\webapps\examples] has finished in [1,037] ms
25-Apr-2026 17:05:09.238 INFO [main] org.apache.catalina.startup.HostConfig.deployDirectory Deploying web application directory [C:\Users\HRITIKA SINGH\Documents\Web-Programming-PRG240\SpringMvcHelloWorld 1\SpringMvcHelloWorld 1\apache-tomcat-10.1.52\webapps\host-manager]
25-Apr-2026 17:05:09.339 INFO [main] org.apache.catalina.startup.HostConfig.deployDirectory Deployment of web application directory [C:\Users\HRITIKA SINGH\Documents\Web-Programming-PRG240\SpringMvcHelloWorld 1\SpringMvcHelloWorld 1\apache-tomcat-10.1.52\webapps\host-manager] has finished in [101] ms
25-Apr-2026 17:05:09.342 INFO [main] org.apache.catalina.startup.HostConfig.deployDirectory Deploying web application directory [C:\Users\HRITIKA SINGH\Documents\Web-Programming-PRG240\SpringMvcHelloWorld 1\SpringMvcHelloWorld 1\apache-tomcat-10.1.52\webapps\manager]
25-Apr-2026 17:05:09.439 INFO [main] org.apache.catalina.startup.HostConfig.deployDirectory Deployment of web application directory [C:\Users\HRITIKA SINGH\Documents\Web-Programming-PRG240\SpringMvcHelloWorld 1\SpringMvcHelloWorld 1\apache-tomcat-10.1.52\webapps\manager] has finished in [92] ms
25-Apr-2026 17:05:09.441 INFO [main] org.apache.catalina.startup.HostConfig.deployDirectory Deploying web application directory [C:\Users\HRITIKA SINGH\Documents\Web-Programming-PRG240\SpringMvcHelloWorld 1\SpringMvcHelloWorld 1\apache-tomcat-10.1.52\webapps\ROOT]
25-Apr-2026 17:05:09.524 INFO [main] org.apache.catalina.startup.HostConfig.deployDirectory Deployment of web application directory [C:\Users\HRITIKA SINGH\Documents\Web-Programming-PRG240\SpringMvcHelloWorld 1\SpringMvcHelloWorld 1\apache-tomcat-10.1.52\webapps\ROOT] has finished in [84] ms
25-Apr-2026 17:05:09.536 INFO [main] org.apache.coyote.AbstractProtocol.start Starting ProtocolHandler ["http-nio-8080"]
25-Apr-2026 17:05:09.593 INFO [main] org.apache.catalina.startup.Catalina.start Server startup in [18399] milliseconds
25-Apr-2026 17:12:35.932 INFO [main] org.apache.catalina.startup.VersionLoggerListener.log Server version name:   Apache Tomcat/10.1.52
25-Apr-2026 17:12:35.939 INFO [main] org.apache.catalina.startup.VersionLoggerListener.log Server built:          Jan 23 2026 19:29:07 UTC
25-Apr-2026 17:12:35.940 INFO [main] org.apache.catalina.startup.VersionLoggerListener.log Server version number: 10.1.52.0
25-Apr-2026 17:12:35.940 INFO [main] org.apache.catalina.startup.VersionLoggerListener.log OS Name:               Windows 11
25-Apr-2026 17:12:35.940 INFO [main] org.apache.catalina.startup.VersionLoggerListener.log OS Version:            10.0
25-Apr-2026 17:12:35.941 INFO [main] org.apache.catalina.startup.VersionLoggerListener.log Architecture:          amd64
25-Apr-2026 17:12:35.941 INFO [main] org.apache.catalina.startup.VersionLoggerListener.log Java Home:             C:\Program Files\Java\jdk-24
25-Apr-2026 17:12:35.941 INFO [main] org.apache.catalina.startup.VersionLoggerListener.log JVM Version:           24.0.1+9-30
25-Apr-2026 17:12:35.942 INFO [main] org.apache.catalina.startup.VersionLoggerListener.log JVM Vendor:            Oracle Corporation
25-Apr-2026 17:12:35.942 INFO [main] org.apache.catalina.startup.VersionLoggerListener.log CATALINA_BASE:         C:\Users\HRITIKA SINGH\Documents\Web-Programming-PRG240\SpringMvcHelloWorld 1\SpringMvcHelloWorld 1\apache-tomcat-10.1.52
25-Apr-2026 17:12:35.942 INFO [main] org.apache.catalina.startup.VersionLoggerListener.log CATALINA_HOME:         C:\Users\HRITIKA SINGH\Documents\Web-Programming-PRG240\SpringMvcHelloWorld 1\SpringMvcHelloWorld 1\apache-tomcat-10.1.52
25-Apr-2026 17:12:35.968 INFO [main] org.apache.catalina.startup.VersionLoggerListener.log Command line argument: -Djava.util.logging.config.file=C:\Users\HRITIKA SINGH\Documents\Web-Programming-PRG240\SpringMvcHelloWorld 1\SpringMvcHelloWorld 1\apache-tomcat-10.1.52\conf\logging.properties
25-Apr-2026 17:12:35.969 INFO [main] org.apache.catalina.startup.VersionLoggerListener.log Command line argument: -Djava.util.logging.manager=org.apache.juli.ClassLoaderLogManager
25-Apr-2026 17:12:35.969 INFO [main] org.apache.catalina.startup.VersionLoggerListener.log Command line argument: -Djdk.tls.ephemeralDHKeySize=2048
25-Apr-2026 17:12:35.970 INFO [main] org.apache.catalina.startup.VersionLoggerListener.log Command line argument: -Djava.protocol.handler.pkgs=org.apache.catalina.webresources
25-Apr-2026 17:12:35.970 INFO [main] org.apache.catalina.startup.VersionLoggerListener.log Command line argument: -Dsun.io.useCanonCaches=false
25-Apr-2026 17:12:35.970 INFO [main] org.apache.catalina.startup.VersionLoggerListener.log Command line argument: --add-opens=java.base/java.lang=ALL-UNNAMED
25-Apr-2026 17:12:35.971 INFO [main] org.apache.catalina.startup.VersionLoggerListener.log Command line argument: --add-opens=java.base/java.lang.reflect=ALL-UNNAMED
25-Apr-2026 17:12:35.971 INFO [main] org.apache.catalina.startup.VersionLoggerListener.log Command line argument: --add-opens=java.base/java.io=ALL-UNNAMED
25-Apr-2026 17:12:35.971 INFO [main] org.apache.catalina.startup.VersionLoggerListener.log Command line argument: --add-opens=java.base/java.util=ALL-UNNAMED
25-Apr-2026 17:12:35.972 INFO [main] org.apache.catalina.startup.VersionLoggerListener.log Command line argument: --add-opens=java.base/java.util.concurrent=ALL-UNNAMED
25-Apr-2026 17:12:35.972 INFO [main] org.apache.catalina.startup.VersionLoggerListener.log Command line argument: --add-opens=java.rmi/sun.rmi.transport=ALL-UNNAMED
25-Apr-2026 17:12:35.973 INFO [main] org.apache.catalina.startup.VersionLoggerListener.log Command line argument: -Dcatalina.base=C:\Users\HRITIKA SINGH\Documents\Web-Programming-PRG240\SpringMvcHelloWorld 1\SpringMvcHelloWorld 1\apache-tomcat-10.1.52
25-Apr-2026 17:12:35.973 INFO [main] org.apache.catalina.startup.VersionLoggerListener.log Command line argument: -Dcatalina.home=C:\Users\HRITIKA SINGH\Documents\Web-Programming-PRG240\SpringMvcHelloWorld 1\SpringMvcHelloWorld 1\apache-tomcat-10.1.52
25-Apr-2026 17:12:35.974 INFO [main] org.apache.catalina.startup.VersionLoggerListener.log Command line argument: -Djava.io.tmpdir=C:\Users\HRITIKA SINGH\Documents\Web-Programming-PRG240\SpringMvcHelloWorld 1\SpringMvcHelloWorld 1\apache-tomcat-10.1.52\temp
25-Apr-2026 17:12:35.985 INFO [main] org.apache.catalina.core.AprLifecycleListener.lifecycleEvent Loaded Apache Tomcat Native library [2.0.12] using APR version [1.7.6].
25-Apr-2026 17:12:36.047 INFO [main] org.apache.catalina.core.AprLifecycleListener.initializeSSL OpenSSL successfully initialized [OpenSSL 3.5.4 30 Sep 2025]
25-Apr-2026 17:12:36.738 INFO [main] org.apache.coyote.AbstractProtocol.init Initializing ProtocolHandler ["http-nio-8080"]
25-Apr-2026 17:12:36.801 INFO [main] org.apache.catalina.startup.Catalina.load Server initialization in [1488] milliseconds
25-Apr-2026 17:12:36.978 INFO [main] org.apache.catalina.core.StandardService.startInternal Starting service [Catalina]
25-Apr-2026 17:12:36.978 INFO [main] org.apache.catalina.core.StandardEngine.startInternal Starting Servlet engine: [Apache Tomcat/10.1.52]
25-Apr-2026 17:12:37.039 INFO [main] org.apache.catalina.startup.HostConfig.deployWAR Deploying web application archive [C:\Users\HRITIKA SINGH\Documents\Web-Programming-PRG240\SpringMvcHelloWorld 1\SpringMvcHelloWorld 1\apache-tomcat-10.1.52\webapps\SpringMvcHelloWorld.war]
25-Apr-2026 17:12:37.089 INFO [main] org.apache.catalina.startup.ExpandWar.expand An expanded directory [C:\Users\HRITIKA SINGH\Documents\Web-Programming-PRG240\SpringMvcHelloWorld 1\SpringMvcHelloWorld 1\apache-tomcat-10.1.52\webapps\SpringMvcHelloWorld] was found with a last modified time that did not match the associated WAR. It will be deleted.
25-Apr-2026 17:12:45.096 INFO [main] org.apache.jasper.servlet.TldScanner.scanJars At least one JAR was scanned for TLDs yet contained no TLDs. Enable debug logging for this logger for a complete list of JARs that were scanned but no TLDs were found in them. Skipping unneeded JARs during scanning can improve startup time and JSP compilation time.
25-Apr-2026 17:12:53.430 INFO [main] org.apache.catalina.startup.HostConfig.deployWAR Deployment of web application archive [C:\Users\HRITIKA SINGH\Documents\Web-Programming-PRG240\SpringMvcHelloWorld 1\SpringMvcHelloWorld 1\apache-tomcat-10.1.52\webapps\SpringMvcHelloWorld.war] has finished in [16,387] ms
25-Apr-2026 17:12:53.432 INFO [main] org.apache.catalina.startup.HostConfig.deployDirectory Deploying web application directory [C:\Users\HRITIKA SINGH\Documents\Web-Programming-PRG240\SpringMvcHelloWorld 1\SpringMvcHelloWorld 1\apache-tomcat-10.1.52\webapps\docs]
25-Apr-2026 17:12:53.518 INFO [main] org.apache.catalina.startup.HostConfig.deployDirectory Deployment of web application directory [C:\Users\HRITIKA SINGH\Documents\Web-Programming-PRG240\SpringMvcHelloWorld 1\SpringMvcHelloWorld 1\apache-tomcat-10.1.52\webapps\docs] has finished in [86] ms
25-Apr-2026 17:12:53.518 INFO [main] org.apache.catalina.startup.HostConfig.deployDirectory Deploying web application directory [C:\Users\HRITIKA SINGH\Documents\Web-Programming-PRG240\SpringMvcHelloWorld 1\SpringMvcHelloWorld 1\apache-tomcat-10.1.52\webapps\examples]
25-Apr-2026 17:12:54.526 INFO [main] org.apache.catalina.startup.HostConfig.deployDirectory Deployment of web application directory [C:\Users\HRITIKA SINGH\Documents\Web-Programming-PRG240\SpringMvcHelloWorld 1\SpringMvcHelloWorld 1\apache-tomcat-10.1.52\webapps\examples] has finished in [1,008] ms
25-Apr-2026 17:12:54.526 INFO [main] org.apache.catalina.startup.HostConfig.deployDirectory Deploying web application directory [C:\Users\HRITIKA SINGH\Documents\Web-Programming-PRG240\SpringMvcHelloWorld 1\SpringMvcHelloWorld 1\apache-tomcat-10.1.52\webapps\host-manager]
25-Apr-2026 17:12:54.636 INFO [main] org.apache.catalina.startup.HostConfig.deployDirectory Deployment of web application directory [C:\Users\HRITIKA SINGH\Documents\Web-Programming-PRG240\SpringMvcHelloWorld 1\SpringMvcHelloWorld 1\apache-tomcat-10.1.52\webapps\host-manager] has finished in [110] ms
25-Apr-2026 17:12:54.638 INFO [main] org.apache.catalina.startup.HostConfig.deployDirectory Deploying web application directory [C:\Users\HRITIKA SINGH\Documents\Web-Programming-PRG240\SpringMvcHelloWorld 1\SpringMvcHelloWorld 1\apache-tomcat-10.1.52\webapps\manager]
25-Apr-2026 17:12:54.735 INFO [main] org.apache.catalina.startup.HostConfig.deployDirectory Deployment of web application directory [C:\Users\HRITIKA SINGH\Documents\Web-Programming-PRG240\SpringMvcHelloWorld 1\SpringMvcHelloWorld 1\apache-tomcat-10.1.52\webapps\manager] has finished in [99] ms
25-Apr-2026 17:12:54.736 INFO [main] org.apache.catalina.startup.HostConfig.deployDirectory Deploying web application directory [C:\Users\HRITIKA SINGH\Documents\Web-Programming-PRG240\SpringMvcHelloWorld 1\SpringMvcHelloWorld 1\apache-tomcat-10.1.52\webapps\ROOT]
25-Apr-2026 17:12:54.801 INFO [main] org.apache.catalina.startup.HostConfig.deployDirectory Deployment of web application directory [C:\Users\HRITIKA SINGH\Documents\Web-Programming-PRG240\SpringMvcHelloWorld 1\SpringMvcHelloWorld 1\apache-tomcat-10.1.52\webapps\ROOT] has finished in [65] ms
25-Apr-2026 17:12:54.812 INFO [main] org.apache.coyote.AbstractProtocol.start Starting ProtocolHandler ["http-nio-8080"]
25-Apr-2026 17:12:54.856 INFO [main] org.apache.catalina.startup.Catalina.start Server startup in [18053] milliseconds
